"License Number","Status Changed From/To","Type| Dup","Original Issue Date","Expir. Date","Primary Owner and Premises Addr.","Mailing Addr.","Transfer-From/To","Conditions","Escrow","District Code","Geo Code","Prem Street","City","County","Zip Code","Mailing Street","Mailing City","Mailing Zip Code","Mailing State"
"66683","REVPEN AUTREV","51 | 1","01/01/1994","03/31/2023","DBA: COLUMBUS CLUB OF SAN DIEGO                        COLUMBUS CLUB OF SAN DIEGO                         4425 HOME AVE,                         SAN DIEGO, CA  92105","5765 58TH PL                              SAN DIEGO, CA  92115","","","","10","3710","4425 HOME AVE","SAN DIEGO","37","92105","5765 58TH PL","SAN DIEGO","92115","CA"
"66683","REVPEN AUTREV","58 | 1","01/01/1994","03/31/2023","DBA: COLUMBUS CLUB OF SAN DIEGO                        COLUMBUS CLUB OF SAN DIEGO                         4425 HOME AVE,                         SAN DIEGO, CA  92105","5765 58TH PL                              SAN DIEGO, CA  92115","","","","10","3710","4425 HOME AVE","SAN DIEGO","37","92105","5765 58TH PL","SAN DIEGO","92115","CA"
"148643","REVPEN AUTREV","20 | 0","12/12/1983","03/31/2023","DBA: TORTILLERIA FLORES                        FLORES, JOSE A                         120 PERCY AVE,                         YUBA CITY, CA  95991","","","","","23","5102","120 PERCY AVE","YUBA CITY","51","95991","","","",""
"161203","REVPEN AUTREV","41 | 0","08/31/1984","03/31/2023","DBA: COFFEE CREEK RANCH INC                        COFFEE CREEK RANCH INC                         COFFEE CREEK RD 5M FR HWY 3,                         COFFEE CREEK, CA  96091","4310 COFFEE CREEK RD                              TRINITY CENTER, CA  96091","","","","31","5300","COFFEE CREEK RD 5M FR HWY 3","COFFEE CREEK","53","96091","4310 COFFEE CREEK RD","TRINITY CENTER","96091","CA"
"183826","ACTIVE CANCEL","20 | 0","04/21/1986","06/30/2024","DBA: EL PORVENIV PRODUCE MARKET                        ROSAS, BERNARDO                         1537-39 RUMRILL BLVD,                         SAN PABLO, CA  94806","","","","","22","0710","1537-39 RUMRILL BLVD","SAN PABLO","07","94806","","","",""
"273993","REVPEN AUTREV","20 | 0","07/20/1992","03/31/2023","DBA: COUNTRY PLACE THE                        MCCRACKEN, AMILDA A                         4507 W GRAYSON RD,                         MODESTO, CA  95358","","","","","29","5000","4507 W GRAYSON RD","MODESTO","50","95358","","","",""
"279612","ACTIVE CANCEL","47 | 1","03/18/1993","02/29/2024","DBA: HASKELLS PROSPECTOR                        LEMUS, JOSE L                         2400 E 7TH ST,                         LONG BEACH, CA  90804","","","","","3","1932","2400 E 7TH ST","LONG BEACH","19","90804","","","",""
"279612","ACTIVE CANCEL","58 | 1","03/18/1993","02/29/2024","DBA: HASKELLS PROSPECTOR                        LEMUS, JOSE L                         2400 E 7TH ST,                         LONG BEACH, CA  90804","","","","","3","1932","2400 E 7TH ST","LONG BEACH","19","90804","","","",""
"281761","REVPEN AUTREV","41 | 0","04/13/1993","03/31/2023","DBA: CALIFORNIA BURGERS                        LINARDOS, GEORGE S                         8537 AUBURN BLVD,                         CITRUS HEIGHTS, CA  95610","","","","","23","3406","8537 AUBURN BLVD","CITRUS HEIGHTS","34","95610","","","",""
"282781","REVPEN AUTREV","41 | 0","04/20/1993","03/31/2023","DBA: MANIVANH THAI RESTAURANT                        DOUANGPANYA, MANIVANH                         2732 24TH ST,                         SAN FRANCISCO, CA  94110","","","","","24","3800","2732 24TH ST","SAN FRANCISCO","38","94110","","","",""
"305148","REVPEN AUTREV","41 | 0","04/13/1995","03/31/2023","DBA: HWY 180 CAFE                        EICKERMAN, GARY                         15901 E KINGS CANYON RD,                         CENTERVILLE, CA  93657","3491 N MADSEN                              SANGER, CA  93657","","","","21","1000","15901 E KINGS CANYON RD","CENTERVILLE","10","93657","3491 N MADSEN","SANGER","93657","CA"
"318152","REVPEN AUTREV","41 | 0","04/22/1996","03/31/2023","DBA: THAI DINETTE RESTAURANT                        SAVEDRA, LAWRENCE                         14910 PERRIS BLVD, STE C,                         MORENO VALLEY, CA  92553","","","","","7","3321","14910 PERRIS BLVD, STE C","MORENO VALLEY","33","92553","","","",""
"322327","SUREND CANCEL","47 | 0","01/26/2006","12/31/2023","DBA: MARYS PIZZA SHACK                        MARYS PIZZA SHACK                         1460 ARY LN,                         DIXON, CA  95620","19327 HWY 12, STE 200                              SONOMA, CA  95476-5482","","7","","22","4802","1460 ARY LN","DIXON","48","95620","19327 HWY 12, STE 200","SONOMA","95476","CA"
"336566","REVPEN AUTREV","47 | 1","04/24/1998","03/31/2023","DBA: CESAR                        CESAR LLC                         1515 SHATTUCK AVE,                         BERKELEY, CA  94709-1516","","48-298151","","","22","0103","1515 SHATTUCK AVE","BERKELEY","01","94709","","","",""
"336566","REVPEN AUTREV","77 | 1","04/24/1998","03/31/2023","DBA: CESAR                        CESAR LLC                         1515 SHATTUCK AVE,                         BERKELEY, CA  94709-1516","","48-298151","","","22","0103","1515 SHATTUCK AVE","BERKELEY","01","94709","","","",""
"361565","REVPEN AUTREV","41 | 0","04/12/2000","03/31/2023","DBA: MONSTRO PIZZA                        DANIELEWICZ, GREGORY FAULKNER                         626-628 W SACRAMENTO AVE,                         CHICO, CA  95926","PO BOX 3                              CHICO, CA  95927","","","","31","0402","626-628 W SACRAMENTO AVE","CHICO","04","95926","PO BOX 3","CHICO","95927","CA"
"374905","REVPEN AUTREV","41 | 0","04/27/2001","03/31/2023","DBA: THAI ORIGINAL BBQ                        AMERICAN THAI INVESTMENTS INC                         10036 VENICE BLVD,                         LOS ANGELES, CA  90001","10036 VENICE BLVD                              CULVER CITY, CA  90232","","7","","4","1933","10036 VENICE BLVD","LOS ANGELES","19","90001","10036 VENICE BLVD","CULVER CITY","90232","CA"
"408171","REVPEN AUTREV","41 | 0","04/07/2004","03/31/2023","DBA: BARACOA CUBAN CAFE                        ALBERT, ALEXANDER LUIS                         3175 GLENDALE BLVD,                         LOS ANGELES, CA  90039","","","7","","4","1933","3175 GLENDALE BLVD","LOS ANGELES","19","90039","","","",""
"409629","REVPEN AUTREV","41 | 0","04/21/2004","03/31/2023","DBA: TAIKO SUSHI                        HYC INVESTMENTS INC                         2700 E BIDWELL ST, STE 100,                         FOLSOM, CA  95630","","","7","","23","3401","2700 E BIDWELL ST, STE 100","FOLSOM","34","95630","","","",""
"411103","ACTIVE CANCEL","41 | 0","06/22/2004","05/31/2023","DBA: SONNYS CAFE                        LUC, BILL QUOC TAN                         5641-5643 COTTLE RD,                         SAN JOSE, CA  95123","278 SNELL CT                              SAN JOSE, CA  95123","41-329298","","","25","4313","5641-5643 COTTLE RD","SAN JOSE","43","95123","278 SNELL CT","SAN JOSE","95123","CA"
"413488","SUREND DEPREV","20 | 0","11/14/2005","10/31/2023","DBA: WASHINGTON MINI MART                        LAIWALA, MEENA N                         999 WASHINGTON BLVD,                         ROSEVILLE, CA  95678","","20-375054","7","","23","3105","999 WASHINGTON BLVD","ROSEVILLE","31","95678","","","",""
"430288","REVPEN AUTREV","20 | 0","04/24/2006","03/31/2023","DBA: MERCADO MEXICO                        TORRES, LETICIA                         3554 WHITTIER BLVD,                         LOS ANGELES, CA  90023","","","7","","4","1933","3554 WHITTIER BLVD","LOS ANGELES","19","90023","","","",""
"434732","REVPEN AUTREV","41 | 0","04/30/2009","03/31/2023","DBA: VIENNA CAFE                        NAPOLEON BAKERY INC                         7356-7356-1/2 MELROSE AVE,                         LOS ANGELES, CA  90046-7527","","","7","","4","1933","7356-7356-1/2 MELROSE AVE","LOS ANGELES","19","90046","","","",""
"445234","REVPEN SUREND","47 | 0","04/27/2007","03/31/2024","DBA: TAVERNA BISTRO                        GURES LLC                         133 S MURPHY AVE,                         SUNNYVALE, CA  94086-6113","","","7","","25","4316","133 S MURPHY AVE","SUNNYVALE","43","94086","","","",""
"449148","REVPEN AUTREV","17 | 0","04/06/2007","03/31/2023","DBA: EL ROBLE GRANDE WINERY LLC                        EL ROBLE GRANDE WINERY LLC                         13048 HIGHWAY 29,                         LOWER LAKE, CA  95457-9441","1180 SUMMIT LAKE DR                              ANGWIN, CA  94508","","7","","27","1700","13048 HIGHWAY 29","LOWER LAKE","17","95457","1180 SUMMIT LAKE DR","ANGWIN","94508","CA"
"449148","REVPEN AUTREV","20 | 0","04/06/2007","03/31/2023","DBA: EL ROBLE GRANDE WINERY LLC                        EL ROBLE GRANDE WINERY LLC                         13048 HIGHWAY 29,                         LOWER LAKE, CA  95457-9441","1180 SUMMIT LAKE DR                              ANGWIN, CA  94508","","7,I","","27","1700","13048 HIGHWAY 29","LOWER LAKE","17","95457","1180 SUMMIT LAKE DR","ANGWIN","94508","CA"
"457090","SUREND DEPREV","21 | 0","09/14/2007","08/31/2023","DBA: MANZANITA FOOD & LIQUOR                        SARAI, BALVINDER SINGH                         4150 MANZANITA AVE, STE 400,                         CARMICHAEL, CA  95608-1800","PO BOX 867                              CARMICHAEL, CA  95609","21-404962/ 21-638175, 21-522095, 21-624558, 21-619197","7","","23","3400","4150 MANZANITA AVE, STE 400","CARMICHAEL","34","95608","PO BOX 867","CARMICHAEL","95609","CA"
"461300","REVPEN AUTREV","41 | 0","04/21/2008","03/31/2023","DBA: THAI CHILI RESTAURANT                        WONG, JAI YAN                         2164 SUNSET BLVD, STE 200,                         ROCKLIN, CA  95765-4789","2164 SUNSET BLVD, STE 200                              ROCKLIN, CA  95765-4789","","7","","23","3104","2164 SUNSET BLVD, STE 200","ROCKLIN","31","95765","2164 SUNSET BLVD, STE 200","ROCKLIN","95765","CA"
"461522","REVPEN AUTREV","51 | 0","06/30/2009","03/31/2023","DBA: CONCORD ELKS LODGE NO 1994                        ELKS LODGE CONCORD 1994                         3565 CLAYTON RD,                         CONCORD, CA  94519-2421","","51-16203","7","","22","0703","3565 CLAYTON RD","CONCORD","07","94519","","","",""
"477254","ACTIVE CANCEL","74 | 0","03/16/2016","02/29/2024","DBA: OLD WORLD SPIRITS DBA KUCHAN CELLARS                        OLD WORLD SPIRITS LLC                         121 INDUSTRIAL WAY, # 3 AND # 4,                         BELMONT, CA  94002-8203","3473 WAVERLEY ST                              PALO ALTO, CA  94306-3535","","","","25","4102","121 INDUSTRIAL WAY, # 3 AND # 4","BELMONT","41","94002","3473 WAVERLEY ST","PALO ALTO","94306","CA"
"477254","ACTIVE CANCEL","02 | 0","08/04/2009","06/30/2024","DBA: OLD WORLD SPIRITS DBA KUCHAN CELLARS                        OLD WORLD SPIRITS LLC                         121 INDUSTRIAL WAY, # 3 AND # 4,                         BELMONT, CA  94002-8203","3473 WAVERLEY ST                              PALO ALTO, CA  94306-3535","","","","25","4102","121 INDUSTRIAL WAY, # 3 AND # 4","BELMONT","41","94002","3473 WAVERLEY ST","PALO ALTO","94306","CA"
"477254","ACTIVE CANCEL","03 | 0","08/04/2009","07/31/2024","DBA: OLD WORLD SPIRITS DBA KUCHAN CELLARS                        OLD WORLD SPIRITS LLC                         121 INDUSTRIAL WAY, # 3 AND # 4,                         BELMONT, CA  94002-8203","3473 WAVERLEY ST                              PALO ALTO, CA  94306-3535","","","","25","4102","121 INDUSTRIAL WAY, # 3 AND # 4","BELMONT","41","94002","3473 WAVERLEY ST","PALO ALTO","94306","CA"
"477254","ACTIVE CANCEL","06 | 0","08/04/2009","07/31/2024","DBA: OLD WORLD SPIRITS DBA KUCHAN CELLARS                        OLD WORLD SPIRITS LLC                         121 INDUSTRIAL WAY, # 3 AND # 4,                         BELMONT, CA  94002-8203","3473 WAVERLEY ST                              PALO ALTO, CA  94306-3535","","","","25","4102","121 INDUSTRIAL WAY, # 3 AND # 4","BELMONT","41","94002","3473 WAVERLEY ST","PALO ALTO","94306","CA"
"479533","REVPEN AUTREV","41 | 1","07/27/2009","03/31/2023","DBA: YUM YUM CHINESE FOOD                        YUM YUM CHINESE FOOD INC                         528 S IMPERIAL AVE,                         CALEXICO, CA  92231-2610","","41-423675","","","8","1302","528 S IMPERIAL AVE","CALEXICO","13","92231","","","",""
"479533","REVPEN AUTREV","58 | 1","07/27/2009","03/31/2023","DBA: YUM YUM CHINESE FOOD                        YUM YUM CHINESE FOOD INC                         528 S IMPERIAL AVE,                         CALEXICO, CA  92231-2610","","41-423675","","","8","1302","528 S IMPERIAL AVE","CALEXICO","13","92231","","","",""
"485532","REVPEN AUTREV","41 | 0","04/01/2010","03/31/2023","DBA: OL WEST CAFE                        RAMIREZ, MARTHA TORRES                         1803 N CHESTER AVE,                         BAKERSFIELD, CA  93308-2566","","","7","","6","1500","1803 N CHESTER AVE","BAKERSFIELD","15","93308","","","",""
"506642","REVPEN SUREND","47 | 2","05/31/2011","04/30/2024","DBA: 310 TEN LOUNGE                        3110 MAIN STREET LLC                         3110 MAIN ST,                         SANTA MONICA, CA  90405-5352","200 N PACIFIC COAST HWY, STE 200                              EL SEGUNDO, CA  90245","47-447402/ 47-647258","7","WILSHIRE ESCROW CO 4270 WILSHIRE BLVD LOS ANGELES, CA  90010-3636","3","1953","3110 MAIN ST","SANTA MONICA","19","90405","200 N PACIFIC COAST HWY, STE 200","EL SEGUNDO","90245","CA"
"506642","REVPEN SUREND","77 | 2","05/31/2011","04/30/2024","DBA: 310 TEN LOUNGE                        3110 MAIN STREET LLC                         3110 MAIN ST,                         SANTA MONICA, CA  90405-5352","200 N PACIFIC COAST HWY, STE 200                              EL SEGUNDO, CA  90245","47-447402/ 47-647258","7","WILSHIRE ESCROW CO 4270 WILSHIRE BLVD LOS ANGELES, CA  90010-3636","3","1953","3110 MAIN ST","SANTA MONICA","19","90405","200 N PACIFIC COAST HWY, STE 200","EL SEGUNDO","90245","CA"
"506642","REVPEN SUREND","58 | 2","05/31/2011","04/30/2024","DBA: 310 TEN LOUNGE                        3110 MAIN STREET LLC                         3110 MAIN ST,                         SANTA MONICA, CA  90405-5352","200 N PACIFIC COAST HWY, STE 200                              EL SEGUNDO, CA  90245","47-447402/ 47-647258","7","WILSHIRE ESCROW CO 4270 WILSHIRE BLVD LOS ANGELES, CA  90010-3636","3","1953","3110 MAIN ST","SANTA MONICA","19","90405","200 N PACIFIC COAST HWY, STE 200","EL SEGUNDO","90245","CA"
"509020","SUREND AUTREV","20 | 0","04/27/2011","03/31/2023","DBA: LUCKY BOY MARKET                        LAO, RAMONA                         12008 183RD ST,                         ARTESIA, CA  90701-5705","","20-416688/ 20-544003","","","3","1964","12008 183RD ST","ARTESIA","19","90701","","","",""
"517600","REVPEN AUTREV","41 | 0","04/11/2012","03/31/2023","DBA:  TAHOE WATERMAN                        ALPENGROUP                         5166 N LAKE BLVD,                         CARNELIAN BAY, CA  96140","PO BOX 1001                              CARNELIAN BAY, CA  96140-1001","","7","","23","3100","5166 N LAKE BLVD","CARNELIAN BAY","31","96140","PO BOX 1001","CARNELIAN BAY","96140","CA"
"519436","REVPEN AUTREV","41 | 0","04/04/2012","03/31/2023","DBA: SILVER DOLLAR SPEEDWAY                        GAGE, DENNIS LAWRENCE                         2357 FAIR ST, PAVILLON,                         CHICO, CA  95928-6749","2343 FAIR ST                              CHICO, CA  95928-6749","41-487509","","","31","0402","2357 FAIR ST, PAVILLON","CHICO","04","95928","2343 FAIR ST","CHICO","95928","CA"
"526598","REVPEN AUTREV","85 | 0","04/30/2013","03/31/2023","DBA: JAMES TEIXEIRA                        TEIXEIRA, JAMES CARL                         3891 10TH ST,                         RIVERSIDE, CA  92501-3519","4129 MAIN ST, STE 201                              RIVERSIDE, CA  92501","","","","7","3312","3891 10TH ST","RIVERSIDE","33","92501","4129 MAIN ST, STE 201","RIVERSIDE","92501","CA"
"528723","REVPEN AUTREV","41 | 0","04/02/2013","03/31/2023","DBA: SUSHI ON THE EDGE                        ROOT BOULEVARD LLC                         1611 S MELROSE DR, STE P,                         VISTA, CA  92081-5407","","41-525018","7","CHICAGO TITLE CO 1406 S SANTA FE AVE VISTA, CA  92084","9","3713","1611 S MELROSE DR, STE P","VISTA","37","92081","","","",""
"529854","REVPEN AUTREV","17 | 0","08/27/2013","03/31/2023","DBA: GLENCAR WINES                        GLENCAR WINES LLC                         1940 SPRUCE ST,                         NAPA, CA  94559-4413","","17-507121","7","","27","2802","1940 SPRUCE ST","NAPA","28","94559","","","",""
"529854","REVPEN AUTREV","20 | 0","08/27/2013","03/31/2023","DBA: GLENCAR WINES                        GLENCAR WINES LLC                         1940 SPRUCE ST,                         NAPA, CA  94559-4413","","20-507121","7,I","","27","2802","1940 SPRUCE ST","NAPA","28","94559","","","",""
"530684","REVPEN AUTREV","20 | 0","04/16/2013","03/31/2023","DBA: SUPER MERCADO DEL SOL                        GUITRON, MARIA DE LA LUZ                         950 KANSAS AVE,                         MODESTO, CA  95351-1522","","20-468494/ 20-633990","","","29","5002","950 KANSAS AVE","MODESTO","50","95351","","","",""
"533970","REVPEN AUTREV","20 | 0","11/19/2013","03/31/2023","DBA: GORDONS MARKET                        ALKAPLAYA LLC                         301-03 CULVER BLVD,                         PLAYA DEL REY, CA  90293-7703","2423 ROCKDELL ST                              LA CRESCENTA, CA  91214-2219","20-398463","7","CALIFORNIA ESCROW SERVICE INC 3580 WILSHIRE BLVD #710 LOS ANGELES, CA  90010","3","1933","301-03 CULVER BLVD","PLAYA DEL REY","19","90293","2423 ROCKDELL ST","LA CRESCENTA","91214","CA"
"539607","ACTIVE CANCEL","21 | 0","07/18/2014","10/31/2023","DBA: FRESH & EASY #1077                        FRESH & EASY LLC                         727 WENDY DR,                         THOUSAND OAKS, CA  91320","26023 JEFFERSON AVE, STE D                              MURRIETA, CA  92562-6984","21-445655/ 21-637123","7","","12","5607","727 WENDY DR","THOUSAND OAKS","56","91320","26023 JEFFERSON AVE, STE D","MURRIETA","92562","CA"
"542512","REVPEN AUTREV","41 | 0","04/10/2015","03/31/2023","DBA: ANTUZZIS NEWCASTLE INN                        ANTUZZI, MICHAEL ANTHONY                         525 MAIN ST,                         NEWCASTLE, CA  95658-9630","","","7","","23","3100","525 MAIN ST","NEWCASTLE","31","95658","","","",""
"543144","REVPEN AUTREV","41 | 0","04/24/2014","03/31/2023","DBA: PHO MINH LONG                        DINH, MINH XUAN                         1886 W 11TH ST,                         TRACY, CA  95376-3737","","41-535040","","","29","3906","1886 W 11TH ST","TRACY","39","95376","","","",""
"543550","REVPEN AUTREV","82 | 0","04/17/2014","03/31/2023","DBA: WARWICK VALLEY WINERY                        WARWICK VALLEY WINE CO INC                         371 GLENWOOD RD,                         PINE ISLAND, NY  10969","PO BOX 354                              WARWICK, NY  10990","","","","75","9999","371 GLENWOOD RD","PINE ISLAND","","10969","PO BOX 354","WARWICK","10990","NY"
"546225","REVPEN AUTREV","41 | 0","04/01/2015","03/31/2023","DBA: QUAN NEM NINH HOA                        NEM NUONG NINH HOA FAMILY OF RESTAURANTS INC                         8469 ELK GROVE BLVD, STE 7,                         ELK GROVE, CA  95758-9572","","","","","23","3407","8469 ELK GROVE BLVD, STE 7","ELK GROVE","34","95758","","","",""
"548013","ACTIVE SUREND","47 | 0","11/10/2014","10/31/2023","DBA: KYODAI SUSHI                        KYODAI SUSHI LLC                         5779 PACIFIC AVE, STE C115,                         STOCKTON, CA  95207","9020 KEILANA CT                              ELK GROVE, CA  95624","47-484522/ 47-636335, 47-635707, 47-614991, 47-652470","","CAPITAL TRUST ESCROW 280 S BEVERLY DR #311 BEVERLY HILLS, CA  90212","29","3905","5779 PACIFIC AVE, STE C115","STOCKTON","39","95207","9020 KEILANA CT","ELK GROVE","95624","CA"
"550680","REVPEN AUTREV","41 | 0","04/06/2015","03/31/2023","DBA: FLAME PIZZERIA                        FLAME PIZZERIA LLC                         19309 VANOWEN ST,                         RESEDA, CA  91335-5023","","","","","5","1933","19309 VANOWEN ST","RESEDA","19","91335","","","",""
"552981","REVPEN AUTREV","41 | 0","04/17/2015","03/31/2023","DBA: BLUE FOX INDIAN CUISINE                        SWARNA ENTERPRISES INC                         5681 GIBRALTAR DR,                         PLEASANTON, CA  94588-8547","","41-518709","","BAY AREA ESCROW SERVICES 2817 CROW CANYON RD STE 102 SAN RAMON, CA  94583","22","0111","5681 GIBRALTAR DR","PLEASANTON","01","94588","","","",""
"553366","REVPEN AUTREV","41 | 0","04/22/2015","03/31/2023","DBA: PLANT FOOD AND WINE                        MKC FOOD FUTURE LLC                         1009 ABBOT KINNEY BLVD,                         VENICE, CA  90291","","41-350104","7","UNITED ESCROW 3440 WILSHIRE BLVD # 600 LOS ANGELES, CA  90036","3","1933","1009 ABBOT KINNEY BLVD","VENICE","19","90291","","","",""
"553771","ACTIVE CANCEL","47 | 1","03/09/2015","02/29/2024","DBA: MONTEREY BAY AQUARIUM                        SERVICE SYSTEMS ASSOCIATES INC                         886 CANNERY ROW,                         MONTEREY, CA  93940","4624 CENTRAL PARK BLVD, STE 100                              DENVER, CO  80238-2328","47-505823/ 47-627968","","","26","2706","886 CANNERY ROW","MONTEREY","27","93940","4624 CENTRAL PARK BLVD, STE 100","DENVER","80238","CO"
"553771","ACTIVE CANCEL","58 | 1","03/09/2015","02/29/2024","DBA: MONTEREY BAY AQUARIUM                        SERVICE SYSTEMS ASSOCIATES INC                         886 CANNERY ROW,                         MONTEREY, CA  93940","4624 CENTRAL PARK BLVD, STE 100                              DENVER, CO  80238-2328","47-505823/ 47-627968","","","26","2706","886 CANNERY ROW","MONTEREY","27","93940","4624 CENTRAL PARK BLVD, STE 100","DENVER","80238","CO"
"555308","REVPEN AUTREV","41 | 0","05/08/2015","03/31/2023","DBA: LOS TACOS LOCOS                        LOS TACOS LOCOS INC                         1844 - 1854 COCHRAN ST,                         SIMI VALLEY, CA  93065","1854 COCHRAN ST                              SIMI VALLEY, CA  93065-2230","41-519690","7","","12","5609","1844 - 1854 COCHRAN ST","SIMI VALLEY","56","93065","1854 COCHRAN ST","SIMI VALLEY","93065","CA"
"555421","REVPEN AUTREV","20 | 0","04/21/2015","03/31/2023","DBA: LAGATTUTA WINES LAGATTUTA FAMILY WINES LAGATTUTA ESTATE                        LAGATTUTA WINES, LLC                         218 N I ST,                         LOMPOC, CA  93436-0909","206 E OCEAN AVE                              LOMPOC, CA  93436","","7,I","","13","4202","218 N I ST","LOMPOC","42","93436","206 E OCEAN AVE","LOMPOC","93436","CA"
"555421","REVPEN AUTREV","17 | 0","04/21/2015","03/31/2023","DBA: LAGATTUTA WINES LAGATTUTA FAMILY WINES LAGATTUTA ESTATE                        LAGATTUTA WINES, LLC                         218 N I ST,                         LOMPOC, CA  93436-0909","206 E OCEAN AVE                              LOMPOC, CA  93436","","7","","13","4202","218 N I ST","LOMPOC","42","93436","206 E OCEAN AVE","LOMPOC","93436","CA"
"555481","ACTIVE SUREND","47 | 1","05/04/2016","04/30/2024","DBA: PHO 533                        DASH AND A HANDFUL INC                         1775 E PALM CANYON DR, STE 110,                         PALM SPRINGS, CA  92264-1651","1775 E PALM CANYON DR, STE 110                              PALM SPRINGS, CA  92264-1651","47-537542/ 47-650213","","THE ESCROW CONNECTION 1111 E. TAHQUITZ CANYON WAY #101 PALM SPRINGS, CA  92262","8","3310","1775 E PALM CANYON DR, STE 110","PALM SPRINGS","33","92264","1775 E PALM CANYON DR, STE 110","PALM SPRINGS","92264","CA"
"555481","SUREND CANCEL","41 | 0","06/23/2015","05/31/2016","DBA: PHO 533                        DASH AND A HANDFUL INC                         1775 E PALM CANYON DR, STE 110,                         PALM SPRINGS, CA  92264-1651","1775 E PALM CANYON DR, STE 110                              PALM SPRINGS, CA  92264-1651","41-508065","","THE ESCROW CONNECTION 1111 E. TAHQUITZ CANYON WAY #101 PALM SPRINGS, CA  92262","8","3310","1775 E PALM CANYON DR, STE 110","PALM SPRINGS","33","92264","1775 E PALM CANYON DR, STE 110","PALM SPRINGS","92264","CA"
"555481","ACTIVE SUREND","58 | 1","05/04/2016","04/30/2024","DBA: PHO 533                        DASH AND A HANDFUL INC                         1775 E PALM CANYON DR, STE 110,                         PALM SPRINGS, CA  92264-1651","1775 E PALM CANYON DR, STE 110                              PALM SPRINGS, CA  92264-1651","47-537542/ 47-650213","","THE ESCROW CONNECTION 1111 E. TAHQUITZ CANYON WAY #101 PALM SPRINGS, CA  92262","8","3310","1775 E PALM CANYON DR, STE 110","PALM SPRINGS","33","92264","1775 E PALM CANYON DR, STE 110","PALM SPRINGS","92264","CA"
"555932","REVPEN AUTREV","82 | 0","04/08/2015","03/31/2023","DBA: NATCHEZ HILLS VINEYARD                        JKO ENTERPRISES INC                         109 OVERHEAD BRIDGE RD,                         HAMPSHIRE , TN  38461-5106","","","","","75","9999","109 OVERHEAD BRIDGE RD","HAMPSHIRE","","38461","","","",""
"555938","REVPEN AUTREV","82 | 0","04/10/2015","03/31/2023","DBA: JEFFERSON VINEYARDS                        JEFFERSON VINEYARDS LIMITED PARTNERSHIP                         1353 THOMAS JEFFERSON PKWY,                         CHARLOTTESVILLE, VA  22902","","","","","75","9999","1353 THOMAS JEFFERSON PKWY","CHARLOTTESVILLE","","22902","","","",""
"560541","REVPEN AUTREV","41 | 0","04/11/2016","03/31/2023","DBA: SILVER CITY RESORT                        CLEAN EARTH CAPITAL SILVER CITY, LLC                         MILE 21 MINERAL KING RD,                         SEQUOIA NATIONAL PARK, CA  93271","PO BOX 569                              THREE RIVERS, CA  93271","41-516446","7","TULARE COUNTY ESCROW 308 W OAK AVE VISALIA, CA  93291","21","5400","MILE 21 MINERAL KING RD","SEQUOIA NATIONAL PARK","54","93271","PO BOX 569","THREE RIVERS","93271","CA"
"563484","REVPEN AUTREV","41 | 0","04/11/2016","03/31/2023","DBA: YASIKNARA                        SONG, IN  HEE                         3871 WILSHIRE BLVD,                         LOS ANGELES, CA  90010-3202","","41-461610","7","TIME ESCROW INC 3055 WILSHIRE BLVD SUITE 1150 LOS ANGELES, CA  90010","4","1933","3871 WILSHIRE BLVD","LOS ANGELES","19","90010","","","",""
"564246","REVPEN AUTREV","85 | 0","04/04/2016","03/31/2023","SHERRY-LEHMANN WEST LLC                         550 N NASH ST,                         EL SEGUNDO, CA  90245-2817","505 PARK AVE                              NEW YORK, NY  10022-1106","","","","3","1919","550 N NASH ST","EL SEGUNDO","19","90245","505 PARK AVE","NEW YORK","10022","NY"
"565462","ACTIVE CANCEL","17 | 0","09/28/2016","08/31/2023","DBA: LYNCH WINE COMPANY                        A. R. RONOSKI, LLC                         17947 PESANTE RD,                         SALINAS, CA  93907-1510","695 BRIGHTON WY                              LIVERMORE, CA  94551","","7","","26","2700","17947 PESANTE RD","SALINAS","27","93907","695 BRIGHTON WY","LIVERMORE","94551","CA"
"565462","ACTIVE CANCEL","20 | 0","09/28/2016","08/31/2023","DBA: LYNCH WINE COMPANY                        A. R. RONOSKI, LLC                         17947 PESANTE RD,                         SALINAS, CA  93907-1510","695 BRIGHTON WY                              LIVERMORE, CA  94551","","7,I","","26","2700","17947 PESANTE RD","SALINAS","27","93907","695 BRIGHTON WY","LIVERMORE","94551","CA"
"565699","REVPEN AUTREV","41 | 0","04/25/2016","03/31/2023","DBA: LUCKYDUCK                         WHEELHOUSE OAKLAND, LLC                         302 12TH ST,                         OAKLAND, CA  94607","","","7","","22","0109","302 12TH ST","OAKLAND","01","94607","","","",""
"565731","PEND ACTIVE","12 | 1","07/18/2023","06/30/2024","DBA: THE JACK EDWARDS COLLECTION                         J.A.E. WINE IMPORTS, LLC                         18 HARVARD LN,                         NAPA, CA  94558-4118","","","7","","27","2802","18 HARVARD LN","NAPA","28","94558","","","",""
"565731","PEND ACTIVE","18 | 1","07/18/2023","06/30/2024","DBA: THE JACK EDWARDS COLLECTION                         J.A.E. WINE IMPORTS, LLC                         18 HARVARD LN,                         NAPA, CA  94558-4118","","","7","","27","2802","18 HARVARD LN","NAPA","28","94558","","","",""
"566995","REVPEN AUTREV","70 | 0","04/19/2017","03/31/2023","DBA: LA QUINTA INNS & SUITES                        STONEPARK MANAGEMENT LLC                         17043 CONDIT RD,                         MORGAN HILL, CA  95037","1432 CHAPALA ST                              SANTA BARBARA, CA  93101","","","","25","4310","17043 CONDIT RD","MORGAN HILL","43","95037","1432 CHAPALA ST","SANTA BARBARA","93101","CA"
"567116","REVPEN AUTREV","17 | 0","04/04/2016","03/31/2023","DBA: GEARTOOTH ALEWERKS                        GEARTOOTH ALEWERKS LLC                         1635 S 7TH ST,                         SAN JOSE, CA  95112","3176 LIFE WAY                              PLACERVILLE, CA  95667","","","","25","4313","1635 S 7TH ST","SAN JOSE","43","95112","3176 LIFE WAY","PLACERVILLE","95667","CA"
"567293","REVPEN AUTREV","17 | 0","04/08/2016","03/31/2023","BAND OF VINTNERS INC                         1420 MILTON RD,                         NAPA, CA  94559-9770","PO BOX 826                              SAINT HELENA, CA  94574","","7","","27","2800","1420 MILTON RD","NAPA","28","94559","PO BOX 826","SAINT HELENA","94574","CA"
"567293","REVPEN AUTREV","20 | 0","04/08/2016","03/31/2023","BAND OF VINTNERS INC                         1420 MILTON RD,                         NAPA, CA  94559-9770","PO BOX 826                              SAINT HELENA, CA  94574","","7,I","","27","2800","1420 MILTON RD","NAPA","28","94559","PO BOX 826","SAINT HELENA","94574","CA"
"572945","ACTIVE CANCEL","47 | 0","12/19/2016","11/30/2023","DBA: BACARI G.D.L.                        BACARI AMERICANA, INCORPORATED                         757 AMERICANA WAY , SPC #E10A,                         GLENDALE, CA  91210-1507","2308 S UNION AVE                              LOS ANGELES, CA  90007-1843","47-473000/ 47-647307","7","FEDERAL ESCROW INC 23734 VALENCIA BLVD STE 100A VALENCIA, CA  91355","5","1921","757 AMERICANA WAY , SPC #E10A","GLENDALE","19","91210","2308 S UNION AVE","LOS ANGELES","90007","CA"
"575122","ACTIVE CANCEL","41 | 0","03/24/2017","02/29/2024","DBA: MIDMOD CAFE                         PALM GREENS CAFE INC                         515 N PALM CANYON DR , STE B9,                         PALM SPRINGS, CA  92262-5505","611 S PALM CANYON DR , STE 6                              PALM SPRINGS, CA  92264-7453","","","","8","3310","515 N PALM CANYON DR , STE B9","PALM SPRINGS","33","92262","611 S PALM CANYON DR , STE 6","PALM SPRINGS","92264","CA"
"575638","REVPEN AUTREV","41 | 0","04/04/2017","03/31/2023","DBA: WINGSTOP 1092                        MANGAT AND UPPAL INC                         9 MAIN ST, STE 103,                         WOODLAND, CA  95695-3177","","41-562888","","","23","5703","9 MAIN ST, STE 103","WOODLAND","57","95695","","","",""
"577225","REVPEN AUTREV","17 | 1","04/04/2017","03/31/2023","DBA: BRITO PEREZ INVESTMENTS LLC                        BRITO PEREZ INVESTMENTS LLC                         1120 CONTRA COSTA DR,                         EL CERRITO, CA  94530-2510","1120 CONTRA COSTA DR                              EL CERRITO, CA  94530-2510","","7","","22","0704","1120 CONTRA COSTA DR","EL CERRITO","07","94530","1120 CONTRA COSTA DR","EL CERRITO","94530","CA"
"577225","REVPEN AUTREV","09 | 1","04/04/2017","03/31/2023","DBA: BRITO PEREZ INVESTMENTS LLC                        BRITO PEREZ INVESTMENTS LLC                         1120 CONTRA COSTA DR,                         EL CERRITO, CA  94530-2510","1120 CONTRA COSTA DR                              EL CERRITO, CA  94530-2510","","7","","22","0704","1120 CONTRA COSTA DR","EL CERRITO","07","94530","1120 CONTRA COSTA DR","EL CERRITO","94530","CA"
"578917","REVPEN AUTREV","47 | 1","04/28/2017","03/31/2023","DBA: OUTPOST THE                        JESSEE, EMMA ELIZABETH                         7589 HUMBOLDT RD,                         BUTTE MEADOWS, CA  95942","334 W 12TH AVE                              CHICO, CA  95926","47-297333","","BIDWELL TITLE & ESCROW 500 WALL ST CHICO, CA  95928","31","0400","7589 HUMBOLDT RD","BUTTE MEADOWS","04","95942","334 W 12TH AVE","CHICO","95926","CA"
"578917","REVPEN AUTREV","58 | 1","04/28/2017","03/31/2023","DBA: OUTPOST THE                        JESSEE, EMMA ELIZABETH                         7589 HUMBOLDT RD,                         BUTTE MEADOWS, CA  95942","334 W 12TH AVE                              CHICO, CA  95926","47-297333","","BIDWELL TITLE & ESCROW 500 WALL ST CHICO, CA  95928","31","0400","7589 HUMBOLDT RD","BUTTE MEADOWS","04","95942","334 W 12TH AVE","CHICO","95926","CA"
"578967","REVPEN AUTREV","41 | 0","04/21/2017","03/31/2023","DBA: BEACH HUT DELI                        TEAM WEISS, LLC                          1770 1ST ST,                         LIVERMORE, CA  94550-4305","1265 CENTRAL AVE                              LIVERMORE, CA  94551","41-506624","7","OLD REPUBLIC TITLE COMPANY 1000 BURNETT AVE STE 400 CONCORD, CA  94520-2088","22","0107","1770 1ST ST","LIVERMORE","01","94550","1265 CENTRAL AVE","LIVERMORE","94551","CA"
"579220","REVPEN AUTREV","41 | 0","04/26/2017","03/31/2023","DBA: PHO K TEA                        K-TEA, LLC                         18041 MAGNOLIA ST,                         FOUNTAIN VALLEY, CA  92708-5638","","41-552929","7","APEX ESCROW 15440 BEACH BLVD STE 131 WESTMINSTER, CA  92683-6240","11","3007","18041 MAGNOLIA ST","FOUNTAIN VALLEY","30","92708","","","",""
"579437","REVPEN AUTREV","17 | 0","04/21/2017","03/31/2023","DBA: LESLIE CREEK VINEYARDS                        HARGREAVES, GEORGE JULIAN                         812 LESLIE CREEK LN,                         SANTA ROSA, CA  95404","","","7","","27","4900","812 LESLIE CREEK LN","SANTA ROSA","49","95404","","","",""
"579437","REVPEN AUTREV","20 | 0","04/21/2017","03/31/2023","DBA: LESLIE CREEK VINEYARDS                        HARGREAVES, GEORGE JULIAN                         812 LESLIE CREEK LN,                         SANTA ROSA, CA  95404","","","7,I","","27","4900","812 LESLIE CREEK LN","SANTA ROSA","49","95404","","","",""
"588323","REVPEN AUTREV","14 | 0","04/09/2018","03/31/2023","DBA: GWS                        GARCIA-HERN, PATRICIA                         28460 WESTINGHOUSE PL,                         SANTA CLARITA, CA  91355-0929","23216 NAPA DRIVE                              VALENCIA, CA  91354","","","","5","1985","28460 WESTINGHOUSE PL","SANTA CLARITA","19","91355","23216 NAPA DRIVE","VALENCIA","91354","CA"
"588782","REVPEN AUTREV","20 | 0","04/06/2018","03/31/2023","DBA: WEST POINT MARKET AND DELI                        AL JWAID, HEND MOHAMMED SALE                         163 W SPINK RD,                         WEST POINT, CA  95255","PO BOX 1106                              WEST POINT, CA  95255","20-298791","","","29","0500","163 W SPINK RD","WEST POINT","05","95255","PO BOX 1106","WEST POINT","95255","CA"
"589096","REVPEN AUTREV","41 | 0","04/02/2018","03/31/2023","DBA: CHAN'S KITCHEN                        CHAN, TZU PING                         6180 JARVIS AVE, STE C,                         NEWARK, CA  94560","1650 DELTA CT                              HAYWARD, CA  94544-7043","","","","22","0108","6180 JARVIS AVE, STE C","NEWARK","01","94560","1650 DELTA CT","HAYWARD","94544","CA"
"590255","REVPEN AUTREV","41 | 0","04/02/2018","03/31/2023","DBA: PERKOS CAFE & GRILL                        D.D.R.E. INC                         6215 SUNRISE BLVD,                         CITRUS HEIGHTS, CA  95610-5911","","","","","23","3406","6215 SUNRISE BLVD","CITRUS HEIGHTS","34","95610","","","",""
"590927","REVPEN AUTREV","41 | 0","04/13/2018","03/31/2023","DBA: CAJUN BAYOU THE                        MOUA, FLEUREE                         510 S GLENDORA AVE,                         WEST COVINA, CA  91790-3062","216 S CITRUS ST, #518                              WEST COVINA, CA  91791-2144","","","","2","1960","510 S GLENDORA AVE","WEST COVINA","19","91790","216 S CITRUS ST, #518","WEST COVINA","91791","CA"
"591033","REVPEN AUTREV","42 | 0","04/06/2018","03/31/2023","DBA: FOSSIL WINE BAR                        ZUNIGA ESTATES LLC                         5992 ENTRADA AVE,                         ATASCADERO, CA  93422-4231","5800 PORTOLA RD                              ATASCADERO, CA  93422","","7","","13","4007","5992 ENTRADA AVE","ATASCADERO","40","93422","5800 PORTOLA RD","ATASCADERO","93422","CA"
"591098","REVPEN AUTREV","17 | 0","04/27/2018","03/31/2023","DBA: ONDULE WINES                        NVP&P LLC                         3686 E OLYMPIC BLVD,                         LOS ANGELES, CA  90023-3146","","","7","","4","1933","3686 E OLYMPIC BLVD","LOS ANGELES","19","90023","","","",""
"591098","REVPEN AUTREV","20 | 0","04/27/2018","03/31/2023","DBA: ONDULE WINES                        NVP&P LLC                         3686 E OLYMPIC BLVD,                         LOS ANGELES, CA  90023-3146","","","7,I","","4","1933","3686 E OLYMPIC BLVD","LOS ANGELES","19","90023","","","",""
"591259","REVPEN AUTREV","41 | 0","04/06/2018","03/31/2023","DBA: MI RANCHITO RESTAURANT                        TAFT MI RANCHITO INC.                         129 KERN ST,                         TAFT, CA  93268-3220","","","7","","6","1506","129 KERN ST","TAFT","15","93268","","","",""
"591555","REVPEN AUTREV","85 | 0","04/20/2018","03/31/2023","DBA: CLUTCH GIFTS, INC.                        CLUTCH GIFTS, INC.                         418 N HARPER AVE,                         LOS ANGELES, CA  90048-2221","","","7","","4","1933","418 N HARPER AVE","LOS ANGELES","19","90048","","","",""
"593450","REVPEN AUTREV","41 | 0","04/05/2019","03/31/2023","DBA: SAFRON THAI                        SAFFRON THAI LLC                         1055 TORREY PINES RD,                         LA JOLLA, CA  92037","99 BONITA RD                              CHULA VISTA, CA  91910","41-523858","7","","10","3710","1055 TORREY PINES RD","LA JOLLA","37","92037","99 BONITA RD","CHULA VISTA","91910","CA"
"596751","ACTIVE CANCEL","41 | 0","12/19/2018","11/30/2023","DBA: LUPILLOZZ PIZZA                        MORENO-MONTELONGO, IRAM H                         328 VISTA VILLAGE DR, STE G,                         VISTA, CA  92083-4999","","","7","","9","3713","328 VISTA VILLAGE DR, STE G","VISTA","37","92083","","","",""
"597575","REVPEN AUTREV","41 | 0","04/29/2019","03/31/2023","DBA: LASO                        LASO LLC                         101 ANTONINA AVE, STE 5 & 6,                         AMERICAN CANYON, CA  94503-1221","208 CRAWFORD WAY                              AMERICAN CANYON, CA  94503","","","","27","2805","101 ANTONINA AVE, STE 5 & 6","AMERICAN CANYON","28","94503","208 CRAWFORD WAY","AMERICAN CANYON","94503","CA"
"597790","REVPEN AUTREV","87 | 0","04/02/2019","03/31/2023","DBA: WORD A CAFE                        WORD A CAFÉ, LLC                         5114 3RD ST,                         SAN FRANCISCO, CA  94124-2302","PO BOX 24031                              SAN FRANCISCO, CA  94124-0031","","7","","24","3800","5114 3RD ST","SAN FRANCISCO","38","94124","PO BOX 24031","SAN FRANCISCO","94124","CA"
"598545","REVPEN AUTREV","41 | 0","04/04/2019","03/31/2023","DBA: BURGERIM                        LJ & NC MANAGEMENT, INC.                         1790 NORTHRIDGE MALL, STORE # R2,                         SALINAS, CA  93906","438 RICO ST, APT F                              SALINAS, CA  93907","","","","26","2708","1790 NORTHRIDGE MALL, STORE # R2","SALINAS","27","93906","438 RICO ST, APT F","SALINAS","93907","CA"
"598555","PEND ACTIVE","02 | 0","07/18/2023","06/30/2024","DBA: UNWRITTEN WINES                        LOST CELLARS, LLC                         70 TRIPP CT,                         WOODSIDE, CA  94062-4232","","","","","25","4115","70 TRIPP CT","WOODSIDE","41","94062","","","",""
"600434","REVPEN AUTREV","41 | 0","04/08/2019","03/31/2023","DBA: HUONG LAN SANDWICHES                        LAM, TIM TIN                         10145 FOLSOM BLVD,                         RANCHO CORDOVA, CA  95670-1914","","","7","","23","3408","10145 FOLSOM BLVD","RANCHO CORDOVA","34","95670","","","",""
"600657","REVPEN AUTREV","41 | 0","11/07/2018","03/31/2023","DBA: MAYA THAI HOUSE                        WILSON, SAYJAI                         3624 SONOMA BLVD,                         VALLEJO, CA  94590-2946","754 SUTRO AVE                              NOVATO, CA  94947","41-577615","","","22","4807","3624 SONOMA BLVD","VALLEJO","48","94590","754 SUTRO AVE","NOVATO","94947","CA"
"601811","REVPEN AUTREV","41 | 0","04/24/2019","03/31/2023","DBA: FORMICA TABLE, LLC                        FORMICA TABLE LLC                         8550 SANTA MONICA BLVD, FL 3,                         WEST HOLLYWOOD, CA  90069","187 LAFAYETTE ST, FL 7                              NEW YORK, NY  10013-3221","","7","","4","1983","8550 SANTA MONICA BLVD, FL 3","WEST HOLLYWOOD","19","90069","187 LAFAYETTE ST, FL 7","NEW YORK","10013","NY"
"601822","REVPEN AUTREV","21 | 0","04/02/2019","03/31/2023","DBA: LA BODEGA                        LONG, WILLIAM ROGER                         17204 PACIFIC COAST HWY,                         HUNTINGTON BEACH, CA  92649-4116","","21-572719/ 21-639443","","R ESCROW  1205 EAST CHAPMAN AVE  ORANGE, CA  92866","11","3010","17204 PACIFIC COAST HWY","HUNTINGTON BEACH","30","92649","","","",""
"602536","REVPEN AUTREV","41 | 0","04/16/2019","03/31/2023","DBA: COCOS 246                        JOJOS CALIFORNIA FAMILY RESTAURANTS, LLC                         605 W VISTA WAY,                         VISTA, CA  92083-5705","4350 ALPHA RD, STE 110                              FARMERS BRANCH, TX  75244-4527","41-258102","7","","9","3713","605 W VISTA WAY","VISTA","37","92083","4350 ALPHA RD, STE 110","FARMERS BRANCH","75244","TX"
"602802","REVPEN AUTREV","41 | 0","04/23/2019","03/31/2023","DBA: CO MAI'S KITCHEN                        CO MAI'S KITCHEN                         501 BROADWAY,                         SACRAMENTO, CA  95818-2001","","41-589609/ 41-638678","7","JIMMY N YEE 930 ALHAMBRA BLVD STE 200 SACRAMENTO, CA  95816","23","3405","501 BROADWAY","SACRAMENTO","34","95818","","","",""
"602849","REVPEN AUTREV","41 | 0","04/15/2019","03/31/2023","DBA: DICKEY'S BARBECUE PIT                        BRALY ENTERPRISE LLC                         3505 COFFEE RD, STE A,                         BAKERSFIELD, CA  93308-5017","613 GRAHAM PEAK DR                              BAKERSFIELD, CA  93314-4296","","","","6","1501","3505 COFFEE RD, STE A","BAKERSFIELD","15","93308","613 GRAHAM PEAK DR","BAKERSFIELD","93314","CA"
"603155","REVPEN AUTREV","41 | 0","04/09/2019","03/31/2023","DBA: KEBAB SHOP, THE                        TKS RESTAURANTS, LLC                         3141 CROW CANYON PL, STE A,                         SAN RAMON, CA  94583-1360","12600 HILL COUNTRY BLVD, # R-275                              AUSTIN, TX  78738-6768","","","","22","0717","3141 CROW CANYON PL, STE A","SAN RAMON","07","94583","12600 HILL COUNTRY BLVD, # R-275","AUSTIN","78738","TX"
"603245","REVPEN AUTREV","41 | 0","04/26/2019","03/31/2023","DBA: DON DIABLOS CEVICHE BAR                         ANDRADE, DIANA  ZEPEDA                         650 S LINCOLN AVE , STE 107,                         CORONA, CA  92882-3540","","","","","7","3306","650 S LINCOLN AVE , STE 107","CORONA","33","92882","","","",""
"603471","REVPEN AUTREV","17 | 0","04/10/2019","03/31/2023","DBA: DAVIS WINES                        DAVIS WINES LLC                         227 HUMMINGBIRD CT,                         HEALDSBURG, CA  95448-4371","","","7","","27","4902","227 HUMMINGBIRD CT","HEALDSBURG","49","95448","","","",""
"603471","REVPEN AUTREV","20 | 0","04/10/2019","03/31/2023","DBA: DAVIS WINES                        DAVIS WINES LLC                         227 HUMMINGBIRD CT,                         HEALDSBURG, CA  95448-4371","","","7,I","","27","4902","227 HUMMINGBIRD CT","HEALDSBURG","49","95448","","","",""
"603552","REVPEN AUTREV","41 | 0","04/09/2019","03/31/2023","DBA: PAPI'S                        R&H LLC                         712 MAIN ST,                         MARTINEZ, CA  94553-1131","","","7","","22","0706","712 MAIN ST","MARTINEZ","07","94553","","","",""
"603687","REVPEN AUTREV","82 | 0","04/04/2019","03/31/2023","BRIDGEVIEW VINEYARDS INC                         4210 HOLLAND LOOP RD,                         CAVE JUNCTION , OR  97523","PO BOX 609                              CAVE JUNCTION, OR  97523","","","","75","9999","4210 HOLLAND LOOP RD","CAVE JUNCTION","","97523","PO BOX 609","CAVE JUNCTION","97523","OR"
"603725","REVPEN AUTREV","41 | 0","04/05/2019","03/31/2023","DBA: SIZZLING LUNCH                        SIZZLING LUNCH CORPORATION                         10033 SAICH WAY,                         CUPERTINO, CA  95014-2124","","","","","25","4303","10033 SAICH WAY","CUPERTINO","43","95014","","","",""
"603821","REVPEN AUTREV","41 | 0","04/10/2019","03/31/2023","DBA: LOS ANGELES NEW YORK PIZZA                        TEGHARARIAN, CASEY MASIS                         518 W 6TH ST,                         LOS ANGELES, CA  90014-1203","","41-515942","7","UNITED ESCROW CO 3600 WILSHIRE BLVD STE 913 LOS ANGELES, CA  90010","4","1933","518 W 6TH ST","LOS ANGELES","19","90014","","","",""
"604009","ACTIVE CANCEL","41 | 0","06/04/2019","05/31/2024","DBA: SSAM KOREAN BBQ                        YOON, BYUNG YUL                         1040 S WESTERN AVE,                         LOS ANGELES, CA  90006-2313","4124 TRACY ST                              LOS ANGELES, CA  90027-3235","41-563265/ 41-647585","7","PRIMA ESCROW INC 3600 WILSHIRE BLVD 1228 LOS ANGELES, CA  90010","4","1933","1040 S WESTERN AVE","LOS ANGELES","19","90006","4124 TRACY ST","LOS ANGELES","90027","CA"
"604437","REVPEN AUTREV","82 | 0","04/17/2019","03/31/2023","DBA: TWO K                        KK ENTERPRISE NORD LLC                         3872 SW BAYSHORE DR,                         STUTTONS BAY, MI  49682-0000","","","","","75","9999","3872 SW BAYSHORE DR","STUTTONS BAY","","49682","","","",""
"604442","REVPEN AUTREV","82 | 0","04/02/2019","03/31/2023","DBA: WILD ARC FARM                        WILD ARC FARM INC                         918 HILL AVE,                         PINE BUSH, NY  12566","","","","","75","9999","918 HILL AVE","PINE BUSH","","12566","","","",""
"608264","REVPEN AUTREV","41 | 0","04/21/2020","03/31/2023","DBA: GER BAR                        MONNUS, INC                         3465 W 6TH ST, STE 80,                         LOS ANGELES, CA  90020-2567","511 S OGDEN DR                              LOS ANGELES, CA  90036-3227","","7","","4","1933","3465 W 6TH ST, STE 80","LOS ANGELES","19","90020","511 S OGDEN DR","LOS ANGELES","90036","CA"
"608694","REVPEN AUTREV","47 | 1","04/09/2021","03/31/2023","DBA: BEAR'S LAIR                        GOLDEN BEAR ENTERPRISES LLC                         2465 & 2495 BANCROFT WAY,                         BERKELEY, CA  94720","2367 SHATTUCK AVE                              BERKELEY, CA  94704","47-594943","7,A","CALIFORNIA BUSINESS ESCROW 1748 MAIN STREET ESCALON, CA  95320","22","0103","2465 & 2495 BANCROFT WAY","BERKELEY","01","94720","2367 SHATTUCK AVE","BERKELEY","94704","CA"
"608694","REVPEN AUTREV","58 | 1","04/09/2021","03/31/2023","DBA: BEAR'S LAIR                        GOLDEN BEAR ENTERPRISES LLC                         2465 & 2495 BANCROFT WAY,                         BERKELEY, CA  94720","2367 SHATTUCK AVE                              BERKELEY, CA  94704","47-594943","7,A","CALIFORNIA BUSINESS ESCROW 1748 MAIN STREET ESCALON, CA  95320","22","0103","2465 & 2495 BANCROFT WAY","BERKELEY","01","94720","2367 SHATTUCK AVE","BERKELEY","94704","CA"
"612205","PEND ACTIVE","20 | 0","07/18/2023","10/31/2024","DBA: ARCO AM/PM                        SUNRISE RANCHO GAS INC                         2295 SUNRISE BLVD,                         RANCHO CORDOVA, CA  95670-4341","","20-469036","7","","23","3400","2295 SUNRISE BLVD","RANCHO CORDOVA","34","95670","","","",""
"612957","REVPEN AUTREV","41 | 0","04/08/2020","03/31/2023","LA ELA CO, INC.                         4617 E CESAR E CHAVEZ AVE,                         LOS ANGELES, CA  90022","211 N KERN AVE.                              LOS ANGELES, CA  90022-1238","41-561116","","HOLLYWOOD ESCROW INC. 411 ISIS AVE 2ND FLOOR INGLEWOOD, CA  90301-2009","2","1900","4617 E CESAR E CHAVEZ AVE","LOS ANGELES","19","90022","211 N KERN AVE.","LOS ANGELES","90022","CA"
"613632","REVPEN AUTREV","41 | 0","04/29/2020","03/31/2023","DBA: OM FOODS                        BOSSCHART, AMANDA JOSEPHINE                         142 BROADWAY ST,                         CHICO, CA  95928","","","7","","31","0402","142 BROADWAY ST","CHICO","04","95928","","","",""
"613924","REVPEN AUTREV","41 | 0","04/30/2020","03/31/2023","DBA: FAYALA                        BIADA INVESTMENT LLC                         215 FREMONT ST, STE 2B,                         SAN FRANCISCO, CA  94105-2311","998 MARKET ST                              SAN FRANCISCO, CA  94102-4012","","7","","24","3800","215 FREMONT ST, STE 2B","SAN FRANCISCO","38","94105","998 MARKET ST","SAN FRANCISCO","94102","CA"
"614405","REVPEN AUTREV","21 | 0","12/15/2020","03/31/2023","DBA: VERNON MARKET                        ABDO, HESHAM TOUFIKE                         3210 HARRISON ST,                         OAKLAND, CA  94611-5527","3208 HARRISON ST                               OAKLAND, CA  94611","21-526497","7","","22","0109","3210 HARRISON ST","OAKLAND","01","94611","3208 HARRISON ST","OAKLAND","94611","CA"
"614503","AUTREV ACTIVE","41 | 0","03/11/2020","02/29/2024","DBA: MR SHENG BBQ & MUSIC BAR                        CHANG CHUN BBQ INC.                         9619 LAS TUNAS DR,                         TEMPLE CITY, CA  91780-2109","","41-577811","","CENTRAL ESCROW GROUP, INC. 515 W GARVEY AVENUE  STE 118 MONTEREY PARK, CA  91754","2","1969","9619 LAS TUNAS DR","TEMPLE CITY","19","91780","","","",""
"614503","AUTREV ACTIVE","41 | 0","03/11/2020","02/29/2024","DBA: MR SHENG BBQ & MUSIC BAR                        CHANG CHUN BBQ INC.                         9619 LAS TUNAS DR,                         TEMPLE CITY, CA  91780-2109","","41-577811","","CENTRAL ESCROW GROUP, INC. 515 W GARVEY AVENUE  STE 118 MONTEREY PARK, CA  91754","2","1969","9619 LAS TUNAS DR","TEMPLE CITY","19","91780","","","",""
"614798","REVPEN AUTREV","41 | 0","04/08/2020","03/31/2023","DBA: MOON'S RESTAURANT                        MOON'S RESTAURANT LLC                         497 LAWRENCE ST,                         QUINCY, CA  95971-9432","","41-521073","7","CAL SIERRA TITLE 295 MAIN ST QUINCY, CA  95971","31","3200","497 LAWRENCE ST","QUINCY","32","95971","","","",""
"615328","REVPEN AUTREV","41 | 0","04/28/2020","03/31/2023","DBA: PURE SOUL PLANT-BASED EATS                        PURE SOUL LLC                         715 56TH ST,                         SACRAMENTO, CA  95819-3306","7805 CABER WAY                              ANTELOPE, CA  95843-1935","","7","","23","3405","715 56TH ST","SACRAMENTO","34","95819","7805 CABER WAY","ANTELOPE","95843","CA"
"615509","REVPEN AUTREV","17 | 0","04/10/2020","03/31/2023","DBA: FRNK WINES                        FRNK WINES LP                         5 FINANCIAL PLAZA, STE 120,                         NAPA, CA  94558-6418","","","7","","27","2802","5 FINANCIAL PLAZA, STE 120","NAPA","28","94558","","","",""
"615509","REVPEN AUTREV","20 | 0","04/10/2020","03/31/2023","DBA: FRNK WINES                        FRNK WINES LP                         5 FINANCIAL PLAZA, STE 120,                         NAPA, CA  94558-6418","","","7,I","","27","2802","5 FINANCIAL PLAZA, STE 120","NAPA","28","94558","","","",""
"615921","REVPEN AUTREV","41 | 0","04/21/2020","03/31/2023","DBA: PONGO'S KITCHEN & TAP                        PONGO'S KITCHEN & TAP LLC                         701 SONOMA MOUNTAIN PKWY, STE C8,                         PETALUMA, CA  94954-8519","","41-508709","","","27","4903","701 SONOMA MOUNTAIN PKWY, STE C8","PETALUMA","49","94954","","","",""
"616296","REVPEN AUTREV","82 | 0","04/13/2020","03/31/2023","DBA: GARAGISTE MEADERY                        GARAGISTE MEADERY LLC                         1506 N FLORIDA AVE,                         TAMPA, FL  33602","5252 MOON SHELL DR                              APOLLO BEACH, FL  33572","","","","75","9999","1506 N FLORIDA AVE","TAMPA","","33602","5252 MOON SHELL DR","APOLLO BEACH","33572","FL"
"617892","ACTIVE CANCEL","41 | 0","10/28/2020","09/30/2023","DBA: EL ZARAPE BEVERLY                        EL ZARAPE MELROSE CORP.                          4170 BEVERLY BLVD,                         LOS ANGELES, CA  90004-4419","","41-515592/ 41-645507","","PRECISION ESCROW INC 20855 VENTURA BLVD  STE 16 WOODLAND HILLS, CA  91364","4","1933","4170 BEVERLY BLVD","LOS ANGELES","19","90004","","","",""
"618282","REVPEN AUTREV","41 | 0","12/23/2020","03/31/2023","DBA: E'S LOCKER ROOM                        K.E. ENTERPRISES LLC                         1075 LAKESIDE DR,                         RED BLUFF, CA  96080","524 EL CERRITO DR                              RED BLUFF, CA  96080","41-152453","7","PLACER TITLE 193 FULWEILER AVE AUBURN, CA  95603-4507","31","5202","1075 LAKESIDE DR","RED BLUFF","52","96080","524 EL CERRITO DR","RED BLUFF","96080","CA"
"618835","REVPEN AUTREV","41 | 0","04/29/2021","03/31/2023","DBA: ALPINE SOCIAL                        MCLAUCHLAN, RONDA NADINE                         1730 ALPINE BLVD , #116-117,                         ALPINE, CA  91901","2487 NIGHT STAR PLACE                              ALPINE, CA  91901","41-527082","7","","10","3700","1730 ALPINE BLVD , #116-117","ALPINE","37","91901","2487 NIGHT STAR PLACE","ALPINE","91901","CA"
"621362","REVPEN AUTREV","17 | 0","04/30/2021","03/31/2023","DBA: LIVERMORE VALLEY WINE GROUP                        LIVERMORE VALLEY WINE GROUP LLC                         4086 COMPTON CT,                         LIVERMORE, CA  94550","","","7","","22","0107","4086 COMPTON CT","LIVERMORE","01","94550","","","",""
"621362","REVPEN AUTREV","20 | 0","04/30/2021","03/31/2023","DBA: LIVERMORE VALLEY WINE GROUP                        LIVERMORE VALLEY WINE GROUP LLC                         4086 COMPTON CT,                         LIVERMORE, CA  94550","","","7,I","","22","0107","4086 COMPTON CT","LIVERMORE","01","94550","","","",""
"621381","REVPEN AUTREV","41 | 0","04/23/2021","03/31/2023","DBA: J SAN RAMEN                        J SAN CROSSROADS, INC.                         3972 BARRANCA PKWY, STE I,                         IRVINE, CA  92606-1204","2430 S TAPESTRY WAY                              ANAHEIM, CA  92802-6409","","","","11","3026","3972 BARRANCA PKWY, STE I","IRVINE","30","92606","2430 S TAPESTRY WAY","ANAHEIM","92802","CA"
"621600","PEND WITHDRAWN","41 | 0","","","DBA: LAREDO TACO #1047777                        7 ELEVEN INC                         15666 HELLMAN AVE ,                         CHINO, CA  91708","PO BOX 139044, ATTEN: LICENSING DEPARTMENT                              DALLAS, TX  75313-9044","","","","7","3602","15666 HELLMAN AVE","CHINO","36","91708","PO BOX 139044, ATTEN: LICENSING DEPARTMENT","DALLAS","75313","TX"
"622114","REVPEN AUTREV","41 | 0","04/20/2021","03/31/2023","DBA: ESCALON TAQUERIA                         JORGE & ELVIRA ENTERPRISE, INC.                           1205 PLAZA AVE , UNIT 8 ,                         ESCALON, CA  95320","","","","","29","3901","1205 PLAZA AVE , UNIT 8","ESCALON","39","95320","","","",""
"622336","REVPEN AUTREV","23 | 0","04/02/2021","03/31/2023","DBA: LA CANTINA BREWING COMPANY                        DAVILA, HORACIO JOAQUIN                         256 POTRERO ST,                         SANTA CRUZ, CA  95060-2718","","","","","26","4402","256 POTRERO ST","SANTA CRUZ","44","95060","","","",""
"622516","REVPEN AUTREV","41 | 0","04/23/2021","03/31/2023","DBA: MARISCOS DEL PACIFICO                        MARISCOS DEL PACIFICO CORPORATION                         1727 CECIL AVE, STE 12,                         DELANO, CA  93215-1547","","41-612458","","FIDELITY NATIONAL TITLE COMPANY 8525 MADISON AVE # 110 FAIR OAKS, CA  95628-3854","6","1502","1727 CECIL AVE, STE 12","DELANO","15","93215","","","",""
"623123","SUREND CANCEL","41 | 0","06/21/2021","05/31/2024","DBA: ROYAL PHO NOODLE SOUP                        SILVER BEACH GRAND CORP                          5449 ROSEMEAD BLVD,                         TEMPLE CITY, CA  91780","608 DEODAR LN                              BRADBURY, CA  91008-1109","41-611048/ 41-644558","7","CENTRAL ESCROW GROUP, INC. 1675 HANOVER RD CITY OF INDUSTRY, CA  91748","2","1969","5449 ROSEMEAD BLVD","TEMPLE CITY","19","91780","608 DEODAR LN","BRADBURY","91008","CA"
"623948","REVPEN AUTREV","82 | 0","04/02/2021","03/31/2023","DBA: HEADQUARTERS                        DAVIS RALLY POINT LLC                         127 SE 3RD ST,                         LEE'S SUMMIT, MO  64063","100 WEST PEARL ST                              HARRISONVILLE, MO  64701","","","","75","9999","127 SE 3RD ST","LEE'S SUMMIT","","64063","100 WEST PEARL ST","HARRISONVILLE","64701","MO"
"623951","REVPEN AUTREV","82 | 0","04/08/2021","03/31/2023","DBA: 3100 CELLARS                        3100 CELLARS LLC                         240 E 32ND ST,                         GARDEN CITY, ID  83714","3005 W BARR ST                              BOISE, ID  83703-5003","","","","75","9999","240 E 32ND ST","GARDEN CITY","","83714","3005 W BARR ST","BOISE","83703","ID"
"623956","REVPEN AUTREV","82 | 0","04/06/2021","03/31/2023","DBA: SAINT CROIX VINEYARDS                        SAINT CROIX VINEYARDS, INC                         6428 MANNING AVE N,                         STILLWATER, MN  55082","PO BOX 2305                              STILLWATER , MN  55082","","","","75","9999","6428 MANNING AVE N","STILLWATER","","55082","PO BOX 2305","STILLWATER","55082","MN"
"624501","REVPEN AUTREV","82 | 0","04/06/2021","03/31/2023","JENNY DAWN CELLARS LLC                         703 E DOUGLAS AVE, STE 180,                         WICHITA, KS  67202","","","","","75","9999","703 E DOUGLAS AVE, STE 180","WICHITA","","67202","","","",""
"624539","REVPEN AUTREV","41 | 0","04/29/2021","03/31/2023","DBA: CORINAS PIZZA & LOS MONITOS TACOS                        DIAZ, AMBER ROSE                          8671 BASELINE RD,                         RANCHO CUCAMONGA, CA  91730-1111","","41-540029","","INLAND EMPIRE ESCROW INC 12794 CENTRAL AVE CHINO, CA  91710","7","3615","8671 BASELINE RD","RANCHO CUCAMONGA","36","91730","","","",""
"625222","REVPEN AUTREV","82 | 0","04/14/2021","03/31/2023","DBA: ANCHOR VALLEY WINE                        ANCHOR VALLEY, LLC                         2200 PINE GATE WAY BLDG 3,                         WHITE CITY, OR  97503","3460 HENREDON WAY                              MEDFORD, OR  97504","","","","75","9999","2200 PINE GATE WAY BLDG 3","WHITE CITY","","97503","3460 HENREDON WAY","MEDFORD","97504","OR"
"627968","PEND ACTIVE","47 | 0","07/17/2023","06/30/2024","DBA: MONTEREY BAY AQUARIUM                        MONTEREY BAY AQUARIUM FOUNDATION                         886 CANNERY ROW,                         MONTEREY, CA  93940","4624 CENTRAL PARK BLVD., STE 100                              DENVER, CO  80238-2328","47-553771","","","26","2706","886 CANNERY ROW","MONTEREY","27","93940","4624 CENTRAL PARK BLVD., STE 100","DENVER","80238","CO"
"628875","REVPEN AUTREV","05 | 1","04/15/2022","03/31/2023","DBA: REGAL BRAU BREWING CO.                        MINHAS MICRO DISTILLERY LLC                         3255 W CAHUENGA BLVD # 203,                         LOS ANGELES, CA  90068-1777","","","","","5","1933","3255 W CAHUENGA BLVD # 203","LOS ANGELES","19","90068","","","",""
"628875","REVPEN AUTREV","12 | 1","04/15/2022","03/31/2023","DBA: REGAL BRAU BREWING CO.                        MINHAS MICRO DISTILLERY LLC                         3255 W CAHUENGA BLVD # 203,                         LOS ANGELES, CA  90068-1777","","","","","5","1933","3255 W CAHUENGA BLVD # 203","LOS ANGELES","19","90068","","","",""
"629463","REVPEN AUTREV","85 | 0","04/25/2022","03/31/2023","DBA: WINEHOLIQ                        KIM, HYUN SUNG                         5410 WILSHIRE BLVD, STE 208,                         LOS ANGELES, CA  90036-4257","","","","","4","1933","5410 WILSHIRE BLVD, STE 208","LOS ANGELES","19","90036","","","",""
"631382","PEND ACTIVE","21 | 0","07/17/2023","06/30/2024","DBA: HOLLISTER SUPER #1                        HOLLISTER SUPER INCORPORATED                         1280 FOURTH ST,                         HOLLISTER, CA  95023-3496","PO BOX 877                              SAN JUAN BAUTISTA, CA  95045-0877","","5","","26","3501","1280 FOURTH ST","HOLLISTER","35","95023","PO BOX 877","SAN JUAN BAUTISTA","95045","CA"
"631430","REVPEN AUTREV","21 | 0","04/13/2022","03/31/2023","DBA: OLIVES MEDITERRANEAN MARKET AND GRILL                        MEDEATS LLC                         890 RENZ LN #102,                         GILROY, CA  95020-8092","1557 LAGO ST, APT 1                              SAN MATEO, CA  94403-2073","","5","","25","4304","890 RENZ LN #102","GILROY","43","95020","1557 LAGO ST, APT 1","SAN MATEO","94403","CA"
"631897","REVPEN AUTREV","41 | 0","04/22/2022","03/31/2023","DBA: TAQUIERO TACO PATIO                        TAQUIERO TACO LLC                         1501 W MACARTHUR BLVD, STE A,                         SANTA ANA, CA  92704-7320","5643 ALTON PKWY                              IRVINE, CA  92618-4058","","","","11","3017","1501 W MACARTHUR BLVD, STE A","SANTA ANA","30","92704","5643 ALTON PKWY","IRVINE","92618","CA"
"633462","PEND WITHDRAWN","17 | 0","","","DBA: MLAM                        MAJOR LEAGUE ALUMNI MARKETING, INC.                          201 DEVLIN RD,                         NAPA, CA  94558-6280","1631 MESA AVE STE D, COPPER BUILDING                               COLORADO SPRINGS , CO  80906-2956","","I, 7","","27","2800","201 DEVLIN RD","NAPA","28","94558","1631 MESA AVE STE D, COPPER BUILDING","COLORADO SPRINGS","80906","CO"
"633462","PEND WITHDRAWN","20 | 0","","","DBA: MLAM                        MAJOR LEAGUE ALUMNI MARKETING, INC.                          201 DEVLIN RD,                         NAPA, CA  94558-6280","1631 MESA AVE STE D, COPPER BUILDING                               COLORADO SPRINGS , CO  80906-2956","","I, 7","","27","2800","201 DEVLIN RD","NAPA","28","94558","1631 MESA AVE STE D, COPPER BUILDING","COLORADO SPRINGS","80906","CO"
"633552","REVPEN AUTREV","82 | 0","04/22/2022","03/31/2023","REVEREND NATS HARD CIDER LLC                         1211 N LORING ST,                         PORTLAND, OR  97227","","","","","75","9999","1211 N LORING ST","PORTLAND","","97227","","","",""
"633691","REVPEN AUTREV","18 | 0","04/25/2022","03/31/2023","DBA: BORG BROTHERS LLC THE                        BORG BROTHERS LLC, THE                         1981 E 213TH ST,                         CARSON, CA  90810-1202","8745 DELGANY AVE, APT 313                              PLAYA DEL REY, CA  90293","","","","3","1977","1981 E 213TH ST","CARSON","19","90810","8745 DELGANY AVE, APT 313","PLAYA DEL REY","90293","CA"
"633867","ACTIVE CANCEL","29 | 0","05/11/2022","04/30/2024","DBA: RANCHO CANADA                        RANCHO CANADA DE LOS PINOS LLC                         1006 SEGOVIA CIR,                         PLACENTIA, CA  92870-7100","","","","","11","3015","1006 SEGOVIA CIR","PLACENTIA","30","92870","","","",""
"634827","REVPEN AUTREV","82 | 0","04/07/2022","03/31/2023","DBA: SILVER BELL WINERY                        SILVER BELL WINERY, LLC                          21 VEROSKE RD,                         MANSON, WA  98831","","","","","75","9999","21 VEROSKE RD","MANSON","","98831","","","",""
"634996","REVPEN AUTREV","18 | 0","04/13/2022","03/31/2023","DBA: HIDDEN SOCIETY WINES                        HIDDEN SOCIETY LLC                         7970 CAMERON DR,                         WINDSOR, CA  95492-8594","1841 SLATER ST                              SANTA ROSA, CA  95404","","7","","27","4909","7970 CAMERON DR","WINDSOR","49","95492","1841 SLATER ST","SANTA ROSA","95404","CA"
"635428","REVPEN AUTREV","41 | 0","04/27/2022","03/31/2023","DBA: F1NG3RS                        LOTHEPRO LLC                         1406 FLIGHTLINE DR, STE C,                         LINCOLN, CA  95648-9495","","","7","","23","3103","1406 FLIGHTLINE DR, STE C","LINCOLN","31","95648","","","",""
"635472","REVPEN AUTREV","41 | 0","04/01/2022","03/31/2023","DBA: PAPAS & EGGS                        PAPAS & EGGS, INC                         565 1ST ST,                         GILROY, CA  95020-5032","2070 OLD MIDDLEFIELD WY                              MOUNTAIN VIEW, CA  94043-2402","41-540171","7","","25","4304","565 1ST ST","GILROY","43","95020","2070 OLD MIDDLEFIELD WY","MOUNTAIN VIEW","94043","CA"
"635559","REVPEN AUTREV","41 | 0","04/14/2022","03/31/2023","DBA: YI PING                        SUN, MACY MENGXI                         18888 LABIN CT, STE B109,                         ROWLAND HEIGHTS, CA  91748-2286","","","","","2","1900","18888 LABIN CT, STE B109","ROWLAND HEIGHTS","19","91748","","","",""
"635744","REVPEN AUTREV","41 | 0","04/21/2022","03/31/2023","DBA: ESPINOZA'S RESTAURANT                        ESPINOZA'S RESTAURANT LLC                         619 W MURRAY AVE,                         VISALIA, CA  93291-4859","","","","","21","5406","619 W MURRAY AVE","VISALIA","54","93291","","","",""
"636282","REVPEN AUTREV","82 | 0","04/05/2022","03/31/2023","DBA: RISING WINES COLLECTIVE                        RISING WINES COLLECTIVE, LLC                         2022 SE HANOVER CT,                         HILLSBORO, OR  97123","PO BOX 13090                              PORTLAND, OR  97213-0090","","","","75","9999","2022 SE HANOVER CT","HILLSBORO","","97123","PO BOX 13090","PORTLAND","97213","OR"
"636339","REVPEN AUTREV","85 | 0","04/29/2022","03/31/2023","DBA: PROLOGUE WINE CO.                        PROLOGUE WINE INC.                         25811 CLAWITER RD, UNIT 141,                         HAYWARD, CA  94545-3217","P O BOX 29439                              OAKLAND, CA  94604","85-616614","","","22","0106","25811 CLAWITER RD, UNIT 141","HAYWARD","01","94545","P O BOX 29439","OAKLAND","94604","CA"
"636617","REVPEN AUTREV","82 | 0","04/12/2022","03/31/2023","DBA: BOUDREAUX CELLARS                        ICICLE CANYON CORPORATION                         489  MOUNTAINEER CREEK LN,                         LEAVENWORTH, WA  98826","","","","","75","9999","489  MOUNTAINEER CREEK LN","LEAVENWORTH","","98826","","","",""
"637123","PEND ACTIVE","21 | 0","07/17/2023","06/30/2024","DBA: SEAFOOD CITY SUPERMARKET                        FORTUNE COMMODITIES CORPORATION                         2340 N ROSE AVE,                         OXNARD, CA  93036-2628","2883 SURVEYOR ST                              POMONA, CA  91768-3251","21-539607","","CALIFORNIA BUSINESS ESCROW INC 1748 MAIN ST ESCALON, CA  95320-1927","12","5603","2340 N ROSE AVE","OXNARD","56","93036","2883 SURVEYOR ST","POMONA","91768","CA"
"640891","PEND WITHDRAWN","23 | 0","","","DBA: SHOOTZ II                        YANO LLC                         2956 ROOSEVELT ST,                         CARLSBAD, CA  92008-2372","507 VISTA WAY                              OCEANSIDE, CA  92054-6438","","7","","9","3701","2956 ROOSEVELT ST","CARLSBAD","37","92008","507 VISTA WAY","OCEANSIDE","92054","CA"
"641277","PEND ACTIVE","17 | 0","07/17/2023","06/30/2024","DBA: RUE DE REVE APERTIFS                        RUE DE REVE LLC                          484 24TH ST,                         OAKLAND, CA  94612","114 WILDWOOD GARDENS                              PIEDMONT, CA  94611","","7","","22","0109","484 24TH ST","OAKLAND","01","94612","114 WILDWOOD GARDENS","PIEDMONT","94611","CA"
"641277","PEND ACTIVE","20 | 0","07/17/2023","06/30/2024","DBA: RUE DE REVE APERTIFS                        RUE DE REVE LLC                          484 24TH ST,                         OAKLAND, CA  94612","114 WILDWOOD GARDENS                              PIEDMONT, CA  94611","","7,I","","22","0109","484 24TH ST","OAKLAND","01","94612","114 WILDWOOD GARDENS","PIEDMONT","94611","CA"
"643090","PEND WITHDRAWN","20 | 0","","","DBA: CHEVRON 1706                        CHEVRON STATIONS INC                         2101 UNIVERSITY AVE,                         EAST PALO ALTO, CA  94303-1715","PO BOX 6003, ATTN BUSINESS LICENSES & PERMITS                              SAN RAMON, CA  94583-0903","","","","25","4100","2101 UNIVERSITY AVE","EAST PALO ALTO","41","94303","PO BOX 6003, ATTN BUSINESS LICENSES & PERMITS","SAN RAMON","94583","CA"
"643870","PEND ACTIVE","29 | 0","07/17/2023","04/30/2024","DBA: RANCHO CANADA                        RANCHO CANADA DE LOS PINOS LLC                         17772 E 17TH ST, STE 107,                         TUSTIN, CA  92780-1944","","29-633867","","","11","3020","17772 E 17TH ST, STE 107","TUSTIN","30","92780","","","",""
"644297","PEND ACTIVE","47 | 0","07/18/2023","06/30/2024","DBA: CALICO FISH HOUSE                        CALICO HB, LLC                         16600 PACIFIC COAST HWY,                         HUNTINGTON BEACH, CA  92649-1826","10661 ELLIS AVE, STE F                              FOUNTAIN VALLEY, CA  92708-6914","47-609682","7","JEAN ALLEN ESCROW CO INC 3341 CERRITOS AVE LOS ALAMITOS, CA  90720-2105","11","3010","16600 PACIFIC COAST HWY","HUNTINGTON BEACH","30","92649","10661 ELLIS AVE, STE F","FOUNTAIN VALLEY","92708","CA"
"644473","PEND ACTIVE","74 | 0","07/18/2023","06/30/2024","DBA: KROBAR CRAFT DISTILLERY                        KROBAR CRAFT DISTILLERY, LLC                         1701 MONTEREY ST,                         SAN LUIS OBISPO, CA  93401-2931","310 SAGE ST                              SAN LUIS OBISPO, CA  93401-6803","","7","","13","4004","1701 MONTEREY ST","SAN LUIS OBISPO","40","93401","310 SAGE ST","SAN LUIS OBISPO","93401","CA"
"644473","PEND ACTIVE","06 | 0","07/18/2023","06/30/2024","DBA: KROBAR CRAFT DISTILLERY                        KROBAR CRAFT DISTILLERY, LLC                         1701 MONTEREY ST,                         SAN LUIS OBISPO, CA  93401-2931","310 SAGE ST                              SAN LUIS OBISPO, CA  93401-6803","","7","","13","4004","1701 MONTEREY ST","SAN LUIS OBISPO","40","93401","310 SAGE ST","SAN LUIS OBISPO","93401","CA"
"644558","PEND ACTIVE","41 | 0","07/17/2023","06/30/2024","DBA: ARRAY 36                        DON RESTAURANT LLC                          5449 ROSEMEAD BLVD,                         TEMPLE CITY, CA  91780","20678 CARREY RD                              WALNUT, CA  91789-2418","41-623123","7","CENTRAL ESCROW GROUP INC  1675 HANOVER RD  CITY OF INDUSTRY, CA  91748","2","1969","5449 ROSEMEAD BLVD","TEMPLE CITY","19","91780","20678 CARREY RD","WALNUT","91789","CA"
"644642","PEND ACTIVE","47 | 0","07/24/2023","10/31/2024","DBA: KITCHEN THE                        SELZIM INC                         915 BROADWAY, # 100,                         SACRAMENTO, CA  95818-2166","555 UNIVERSITY AVE, STE 100                              SACRAMENTO, CA  95825","47-535296","","","23","3405","915 BROADWAY, # 100","SACRAMENTO","34","95818","555 UNIVERSITY AVE, STE 100","SACRAMENTO","95825","CA"
"644921","PEND ACTIVE","58 | 1","07/18/2023","06/30/2024","DBA: FRANNY'S FARM TABLE                        CEJA INCORPORATED                         311 MAIN ST,                         PLACERVILLE, CA  95667-5605","","41-625354","7","TYLER Q. DAHL 701 UNIVERSITY AVE STE 108 SACRAMENTO, CA  95825","23","0901","311 MAIN ST","PLACERVILLE","09","95667","","","",""
"644921","PEND ACTIVE","41 | 1","07/18/2023","06/30/2024","DBA: FRANNY'S FARM TABLE                        CEJA INCORPORATED                         311 MAIN ST,                         PLACERVILLE, CA  95667-5605","","41-625354","7","TYLER Q. DAHL 701 UNIVERSITY AVE STE 108 SACRAMENTO, CA  95825","23","0901","311 MAIN ST","PLACERVILLE","09","95667","","","",""
"645012","PEND ACTIVE","20 | 0","07/17/2023","06/30/2024","DBA: 99 CENTS ONLY STORES #450                        99 CENTS ONLY STORES LLC                         16107 VICTORY BLVD,                         VAN NUYS, CA  91406-5820","4000 E UNION PACIFIC AVE                              CITY OF COMMERCE, CA  90023-3202","","7","","5","1933","16107 VICTORY BLVD","VAN NUYS","19","91406","4000 E UNION PACIFIC AVE","CITY OF COMMERCE","90023","CA"
"645428","PEND ACTIVE","02 | 0","07/18/2023","06/30/2024","DBA: BLACK OAK RIDGE                        BLACK OAK RIDGE RANCH LLC                         10295 WESTSIDE RD,                         HEALDSBURG, CA  95448-8346","BLACK OAK RIDGE RANCH LLC, C/O LUDOVIC LACOURTE                               BOONVILLE, CA  95415-0585","","","","27","4900","10295 WESTSIDE RD","HEALDSBURG","49","95448","BLACK OAK RIDGE RANCH LLC, C/O LUDOVIC LACOURTE","BOONVILLE","95415","CA"
"645507","PEND ACTIVE","41 | 0","07/17/2023","06/30/2024","DBA: KIKI'S SPOT BAR                         ANDUEZA CORPORATION INC.                          4170 BEVERLY BLVD,                         LOS ANGELES, CA  90004-4419","10216 VULTEE AVE                              DOWNEY, CA  90241","41-617892","","BAR-NONE ESCROW, INC. 20335 VENTURA BLVD STE 200 WOODLAND HILLS, CA  91364","4","1933","4170 BEVERLY BLVD","LOS ANGELES","19","90004","10216 VULTEE AVE","DOWNEY","90241","CA"
"645785","PEND ACTIVE","20 | 0","07/18/2023","04/30/2024","DBA: SAN MIGUEL MARKET & DELI                        TAQUERIA SAN MIGUEL AND MARKETS, INC.                         1299 MISSION ST UT 2,                         SAN MIGUEL, CA  93451","13777 SAN MIGUEL RD                               ATASCADERO, CA  93422-1611","20-540358","7,8","","13","4000","1299 MISSION ST UT 2","SAN MIGUEL","40","93451","13777 SAN MIGUEL RD","ATASCADERO","93422","CA"
"645973","PEND ACTIVE","09 | 1","07/18/2023","06/30/2024","DBA: MASSICAN WINERY                        MASSICAN LLC                         110-122 CAMINO ORUGA,                         NAPA, CA  94558-6214","1428 ALLYN AVE                              SAINT HELENA, CA  94574","02-486281","","","27","2800","110-122 CAMINO ORUGA","NAPA","28","94558","1428 ALLYN AVE","SAINT HELENA","94574","CA"
"645973","PEND ACTIVE","02 | 1","07/18/2023","06/30/2024","DBA: MASSICAN WINERY                        MASSICAN LLC                         110-122 CAMINO ORUGA,                         NAPA, CA  94558-6214","1428 ALLYN AVE                              SAINT HELENA, CA  94574","02-486281","","","27","2800","110-122 CAMINO ORUGA","NAPA","28","94558","1428 ALLYN AVE","SAINT HELENA","94574","CA"
"646230","PEND ACTIVE","02 | 0","07/17/2023","06/30/2024","DBA: OLD WORLD SPIRITS DBA KUCHAN CELLARS                        OLD WORLD SPIRITS LLC                         12595 WATSONVILLE RD,                         MORGAN HILL, CA  95037-9417","3473 WAVERLEY ST                              PALO ALTO, CA  94306-3535","02-477254","","","25","4310","12595 WATSONVILLE RD","MORGAN HILL","43","95037","3473 WAVERLEY ST","PALO ALTO","94306","CA"
"646230","PEND ACTIVE","03 | 0","07/17/2023","07/31/2024","DBA: OLD WORLD SPIRITS DBA KUCHAN CELLARS                        OLD WORLD SPIRITS LLC                         12595 WATSONVILLE RD,                         MORGAN HILL, CA  95037-9417","3473 WAVERLEY ST                              PALO ALTO, CA  94306-3535","03-477254","","","25","4310","12595 WATSONVILLE RD","MORGAN HILL","43","95037","3473 WAVERLEY ST","PALO ALTO","94306","CA"
"646230","PEND ACTIVE","06 | 0","07/17/2023","07/31/2024","DBA: OLD WORLD SPIRITS DBA KUCHAN CELLARS                        OLD WORLD SPIRITS LLC                         12595 WATSONVILLE RD,                         MORGAN HILL, CA  95037-9417","3473 WAVERLEY ST                              PALO ALTO, CA  94306-3535","06-477254","","","25","4310","12595 WATSONVILLE RD","MORGAN HILL","43","95037","3473 WAVERLEY ST","PALO ALTO","94306","CA"
"646230","PEND ACTIVE","74 | 0","07/17/2023","02/29/2024","DBA: OLD WORLD SPIRITS DBA KUCHAN CELLARS                        OLD WORLD SPIRITS LLC                         12595 WATSONVILLE RD,                         MORGAN HILL, CA  95037-9417","3473 WAVERLEY ST                              PALO ALTO, CA  94306-3535","74-477254","","","25","4310","12595 WATSONVILLE RD","MORGAN HILL","43","95037","3473 WAVERLEY ST","PALO ALTO","94306","CA"
"646381","PEND ACTIVE","41 | 0","07/17/2023","06/30/2024","DBA: MENDOCINO FARMS SANDWICH MARKET                        MENDOCINO FARMS LLC                         769 AMERICANA WY, E-14,                         GLENDALE, CA  91210-1507","2004 E PARK PL, STE H                              EL SEGUNDO, CA  90245-6100","","","","5","1921","769 AMERICANA WY, E-14","GLENDALE","19","91210","2004 E PARK PL, STE H","EL SEGUNDO","90245","CA"
"646381","PEND ACTIVE","41 | 0","07/17/2023","06/30/2024","DBA: MENDOCINO FARMS SANDWICH MARKET                        MENDOCINO FARMS LLC                         769 AMERICANA WY, E-14,                         GLENDALE, CA  91210-1507","2004 E PARK PL, STE H                              EL SEGUNDO, CA  90245-6100","","","","5","1921","769 AMERICANA WY, E-14","GLENDALE","19","91210","2004 E PARK PL, STE H","EL SEGUNDO","90245","CA"
"646563","PEND ACTIVE","41 | 0","07/17/2023","06/30/2024","DBA: BBQ CHICKEN SAN JOSE                        BBQNC1 CORPORATION                         1708 OAKLAND RD #300,                         SAN JOSE, CA  95131","780 ROOSEVELT 112                              IRVINE, CA  92620","","","","25","4313","1708 OAKLAND RD #300","SAN JOSE","43","95131","780 ROOSEVELT 112","IRVINE","92620","CA"
"646692","PEND ACTIVE","02 | 0","07/18/2023","06/30/2024","DBA: AZUR WINES                        AZUR WINES LLC                         4105 CHILES POPE VALLEY RD,                         SAINT HELENA, CA  94574-9589","C/O ANCORA BUSINESS SOLUTIONS, PO BOX 884                              NAPA, CA  94559-0884","","","","27","2800","4105 CHILES POPE VALLEY RD","SAINT HELENA","28","94574","C/O ANCORA BUSINESS SOLUTIONS, PO BOX 884","NAPA","94559","CA"
"646864","PEND ACTIVE","02 | 0","07/18/2023","06/30/2024","DBA: DONLEY ESTATE                        DONLEYFAMILYWINES LLC                         410 COLD SPRINGS RD,                         ANGWIN, CA  94508-9657","","","7","","27","2800","410 COLD SPRINGS RD","ANGWIN","28","94508","","","",""
"646892","PEND ACTIVE","41 | 0","07/17/2023","06/30/2024","DBA: YELLOW SUBMARINE SANDWICHES                        YELLOW SUBMARINE SANDWICHES LLC                         983 TALLAC AVE,                         SOUTH LAKE TAHOE, CA  96150-7955","","","7","","23","0902","983 TALLAC AVE","SOUTH LAKE TAHOE","09","96150","","","",""
"647085","PEND ACTIVE","41 | 0","07/18/2023","06/30/2024","DBA: INDIA GATE CUISINE                        INDIA GATE CUISINE                         1905 & 1907 CAPITOL AVE,                         SACRAMENTO, CA  95811-4212","9219 LAMPREY DR                              ELK GROVE, CA  95624","41-599219","7","","23","3405","1905 & 1907 CAPITOL AVE","SACRAMENTO","34","95811","9219 LAMPREY DR","ELK GROVE","95624","CA"
"647186","PEND ACTIVE","47 | 0","07/18/2023","06/30/2024","DBA: BACARO LA                        BACARI OPERATIONS, LLC                          2308 S UNION AVE,                         LOS ANGELES, CA  90007-1843","1926 E 7TH ST, UNIT B                              LOS ANGELES, CA  90021","47-610100","7","","4","1933","2308 S UNION AVE","LOS ANGELES","19","90007","1926 E 7TH ST, UNIT B","LOS ANGELES","90021","CA"
"647307","PEND ACTIVE","47 | 0","07/17/2023","06/30/2024","DBA: BACARI G.D.L.                        BACARI OPERATIONS, LLC                          757 AMERICANA WAY , SPC #E10A,                         GLENDALE, CA  91210-1507","1926 E 7TH ST, UNIT B                              LOS ANGELES, CA  90021","47-572945","7","","5","1921","757 AMERICANA WAY , SPC #E10A","GLENDALE","19","91210","1926 E 7TH ST, UNIT B","LOS ANGELES","90021","CA"
"647333","PEND ACTIVE","41 | 0","07/17/2023","06/30/2024","DBA: LOS GUEROS MEXICAN RESTAURANT                        CASTRELLON, KIARA                         1123 E ALOSTA AVE,                         AZUSA, CA  91702-2740","","","7","","2","1904","1123 E ALOSTA AVE","AZUSA","19","91702","","","",""
"647384","PEND WITHDRAWN","20 | 0","","","DBA: OSPREY 2 BEER WINE AND FOOD                        PUNJAB 101, INC.                          10069 FOLSOM BLVD,                         RANCHO CORDOVA, CA  95670-1901","4080 TRUXEL, STE 100                              SACRAMENTO, CA  95834","558940","","STEWART TITLE OF CALIFORNIA INC 12550 HESPERIA RD STE 200 VICTORVILLE, CA  92395","23","3408","10069 FOLSOM BLVD","RANCHO CORDOVA","34","95670","4080 TRUXEL, STE 100","SACRAMENTO","95834","CA"
"647481","PEND ACTIVE","47 | 0","07/17/2023","06/30/2024","DBA: MARIA'S TACO & BAR                        MARIA'S TACO & BAR LLC                         288 SUNSET AVE, STE F,                         SUISUN CITY, CA  94585","","47-322327","","ABC ESCROW 2222 DAMON STREET  LOS ANGELES, CA  90021","22","4805","288 SUNSET AVE, STE F","SUISUN CITY","48","94585","","","",""
"647546","PEND ACTIVE","02 | 0","07/18/2023","06/30/2024","DBA: LATIGO RIDGE                        BALLARD CANYON PEAK LLC                         5069 PRESQUILE DR,                         SANTA MARIA, CA  93455-5807","2653 TAPADERO RD                              SOLVANG, CA  93463-9737","","","","13","4200","5069 PRESQUILE DR","SANTA MARIA","42","93455","2653 TAPADERO RD","SOLVANG","93463","CA"
"647565","PEND ACTIVE","41 | 0","07/17/2023","06/30/2024","DBA: GOOSE & FERN, THE                        GOOSE AND FERN VENTURES LLC                         116 5TH ST,                         SANTA ROSA, CA  95401-6215","","","","","27","4904","116 5TH ST","SANTA ROSA","49","95401","","","",""
"647585","PEND ACTIVE","41 | 0","07/17/2023","06/30/2024","ITWIL, INC.                          1040 S WESTERN AVE,                         LOS ANGELES, CA  90006-2313","","41-604009","7","PRIMA ESCROW INC 3600 WILSHIRE BLVD STE 1028 LOS ANGELES, CA  90010-2614","4","1933","1040 S WESTERN AVE","LOS ANGELES","19","90006","","","",""
"647628","PEND ACTIVE","02 | 0","07/18/2023","06/30/2024","DBA: ROB LAWSON WINES                        PAVI WINES LLC                         865 SILVERADO TRL,                         CALISTOGA, CA  94515-1126","211 KNOLL PL                              SAINT HELENA, CA  94574-9401","","7","","27","2801","865 SILVERADO TRL","CALISTOGA","28","94515","211 KNOLL PL","SAINT HELENA","94574","CA"
"647638","PEND ACTIVE","20 | 0","07/17/2023","06/30/2024","GROWN FOLKS COMPANY                         3987 BERRYMAN AVE,                         LOS ANGELES, CA  90066-5015","","","7,I","","3","1933","3987 BERRYMAN AVE","LOS ANGELES","19","90066","","","",""
"647638","PEND ACTIVE","17 | 0","07/17/2023","06/30/2024","GROWN FOLKS COMPANY                         3987 BERRYMAN AVE,                         LOS ANGELES, CA  90066-5015","","","7","","3","1933","3987 BERRYMAN AVE","LOS ANGELES","19","90066","","","",""
"647779","PEND WITHDRAWN","02 | 0","","","DBA: MILLER FAMILY WINE COMPANY                        MILLER FAMILY WINE COMPANY, LLC                         2963 GRAND AVE, STE B,                         LOS OLIVOS, CA  93441","2717 AVIATION WY, STE 101                              SANTA MARIA, CA  93455","","","","13","4200","2963 GRAND AVE, STE B","LOS OLIVOS","42","93441","2717 AVIATION WY, STE 101","SANTA MARIA","93455","CA"
"647849","PEND ACTIVE","41 | 0","07/18/2023","06/30/2024","DBA: LOS JUANES MARISCOS & MEXICAN FOOD                        ESPINOZA DE JESUS, MARIA VERONICA                         373 BEAR MOUNTAIN BLVD,                         ARVIN, CA  93203-1507","","41-614904","7","","6","1509","373 BEAR MOUNTAIN BLVD","ARVIN","15","93203","","","",""
"647859","PEND ACTIVE","41 | 0","07/17/2023","06/30/2024","DBA: GINZA SUSHI                        GINZASJ INC.                         3153 MERIDIAN AVE, STE 10,                         SAN JOSE, CA  95124-2453","2059 CAMDEN AVE, #114                              SAN JOSE, CA  95124","","","","25","4313","3153 MERIDIAN AVE, STE 10","SAN JOSE","43","95124","2059 CAMDEN AVE, #114","SAN JOSE","95124","CA"
"648055","PEND ACTIVE","47 | 0","07/17/2023","06/30/2024","JOERGER, NATHAN MICHAEL                         2400 E 7TH ST,                         LONG BEACH, CA  90804","1427 WEST 14TH STREET                              LONG BEACH, CA  90814","47-279612","","OLD REPUBLIC TITLE COMPANY 101 N BRAND BLVD 14TH FL GLENDALE, CA  91203","3","1932","2400 E 7TH ST","LONG BEACH","19","90804","1427 WEST 14TH STREET","LONG BEACH","90814","CA"
"648104","PEND ACTIVE","41 | 0","07/17/2023","06/30/2024","DBA: BUONA ITALIA CAFFE                        BUONA ITALIA 1 CORPORATION                         1610 FRANCISCO BLVD,                         PACIFICA, CA  94044-2239","","","","","25","4109","1610 FRANCISCO BLVD","PACIFICA","41","94044","","","",""
"648175","PEND ACTIVE","17 | 0","07/18/2023","06/30/2024","DBA: NAPA WITH ATTITUDE                        NAPA WITH ATTITUDE, INC.                         479 SEMINARY ST,                         NAPA, CA  94559-3213","","","7","","27","2802","479 SEMINARY ST","NAPA","28","94559","","","",""
"648175","PEND ACTIVE","20 | 0","07/18/2023","06/30/2024","DBA: NAPA WITH ATTITUDE                        NAPA WITH ATTITUDE, INC.                         479 SEMINARY ST,                         NAPA, CA  94559-3213","","","7,I","","27","2802","479 SEMINARY ST","NAPA","28","94559","","","",""
"648215","PEND ACTIVE","41 | 0","07/18/2023","06/30/2024","DBA: WEST COAST WINE AND CHEESE                        PEPPERCORN LLC                         2165 UNION ST,                         SAN FRANCISCO, CA  94123-4003","22 EUCLID AVE                              LOS GATOS, CA  95030-7012","41-544965","7","OLD REPUBLIC TITLE COMPANY 1000 BURNETT AVE STE 400 CONCORD, CA  94520-2088","24","3800","2165 UNION ST","SAN FRANCISCO","38","94123","22 EUCLID AVE","LOS GATOS","95030","CA"
"648288","PEND ACTIVE","41 | 0","07/18/2023","06/30/2024","DBA: LOS REYES MEXICAN FOOD                        EQUIHUA AGUIRRE, BENICIO                         24992 ALESSANDRO BLVD, #Q & R ,                         MORENO VALLEY, CA  92553-5715","2368 HONEYSUCKLE WY                              HEMET, CA  92545-4796","","","","7","3321","24992 ALESSANDRO BLVD, #Q & R","MORENO VALLEY","33","92553","2368 HONEYSUCKLE WY","HEMET","92545","CA"
"648293","PEND ACTIVE","20 | 0","07/18/2023","11/30/2023","DBA: ONE STOP FOOD & WATER                        ONE STOP FOOD & WATER                         4583-85 LA SIERRA AVE, STE 1 & 2,                         RIVERSIDE, CA  92505","4585 LA SIERRA AVE                              RIVERSIDE, CA  92505","20-468655","7,8","","7","3312","4583-85 LA SIERRA AVE, STE 1 & 2","RIVERSIDE","33","92505","4585 LA SIERRA AVE","RIVERSIDE","92505","CA"
"648341","PEND ACTIVE","41 | 0","07/18/2023","06/30/2024","DBA: PAISLEYS CRESTLINE CAFE                         CRUBAUGH , AMBER  MARIE                          23943 LAKE DR ,                         CRESTLINE, CA  92325","PO BOX 3262                              CRESTLINE, CA  92325","","","","7","3600","23943 LAKE DR","CRESTLINE","36","92325","PO BOX 3262","CRESTLINE","92325","CA"
"648427","PEND ACTIVE","41 | 0","07/17/2023","06/30/2024","DBA: LA HUACA PERUVIAN CUISINE                        LA HUACA PERUVIAN CUISINE                         1850 DOUGLAS BLVD, STE 600,                         ROSEVILLE, CA  95661-3684","","","7","","23","3105","1850 DOUGLAS BLVD, STE 600","ROSEVILLE","31","95661","","","",""
"648594","PEND ACTIVE","20 | 0","07/18/2023","06/30/2024","DBA: MURRIETA VIP FLORIST                         MURRIETA V.I.P. FLORIST, INC.                          25030 HANCOCK AVE , STE 110,                         MURRIETA, CA  92562-5940","","","","","7","3323","25030 HANCOCK AVE , STE 110","MURRIETA","33","92562","","","",""
"648740","PEND ACTIVE","17 | 0","07/18/2023","06/30/2024","DBA: AMERICAN TAILORED WINES                        AMERICAN TAILORED WINES LLC                         3558 ROUND BARN BLVD, STE 200 RM 227,                         SANTA ROSA, CA  95403-0991","1014 HOPPER AVE, #205                              SANTA ROSA, CA  95403","","","","27","4904","3558 ROUND BARN BLVD, STE 200 RM 227","SANTA ROSA","49","95403","1014 HOPPER AVE, #205","SANTA ROSA","95403","CA"
"648862","PEND ACTIVE","20 | 0","07/17/2023","06/30/2024","DBA: EL PORVENIR PRODUCE MARKET INC                        EL PORVENIR PRODUCE MARKET, INC.                         1537-39 RUMRILL BLVD,                         SAN PABLO, CA  94806","","20-183826","","","22","0710","1537-39 RUMRILL BLVD","SAN PABLO","07","94806","","","",""
"649101","PEND ACTIVE","41 | 0","07/17/2023","06/30/2024","DBA: CRUDO                        DELACASTELL INC                          515 N PALM CANYON DR , STE B9,                         PALM SPRINGS, CA  92262-5505","77932 COUNTRY CLUB DR , STE 2-3                              PALM DESERT, CA  92211-3407","41-575122","","ESCROW CONNECTION THE 1111 E TAHQUITZ CANYON WAY #101 PALM SPRINGS, CA  92262","8","3310","515 N PALM CANYON DR , STE B9","PALM SPRINGS","33","92262","77932 COUNTRY CLUB DR , STE 2-3","PALM DESERT","92211","CA"
"650197","PEND WITHDRAWN","47 | 0","","","DBA: ZERO LOUNGE                        AUMENTO ENTERTAINMENT LLC                          11102 MAGNOLIA BLVD,                         NORTH HOLLYWOOD, CA  91601-3812","10965 BLUFFSIDE DRIVE APT 253                              STUDIO CITY, CA  91604","647413","7, 8","GLEN ESCROW 24018 LYONS AVE SANTA CLARITA, CA  91321","5","1933","11102 MAGNOLIA BLVD","NORTH HOLLYWOOD","19","91601","10965 BLUFFSIDE DRIVE APT 253","STUDIO CITY","91604","CA"