"License Number","Status Changed From/To","Type| Dup","Original Issue Date","Expir. Date","Primary Owner and Premises Addr.","Mailing Addr.","Transfer-From/To","Conditions","Escrow","District Code","Geo Code","Prem Street","City","County","Zip Code","Mailing Street","Mailing City","Mailing Zip Code","Mailing State"
"193635","ACTIVE CANCEL","20 | 0","11/04/1986","05/31/2023","DBA: CALIFORNIA FRESNO INVESTMENT CO                        CALIFORNIA-FRESNO INVESTMENT COMPANY                         2585 S EAST AVE,                         FRESNO, CA  93706","PO BOX 2625                              FRESNO, CA  93745","","","","21","1005","2585 S EAST AVE","FRESNO","10","93706","PO BOX 2625","FRESNO","93745","CA"
"195136","ACTIVE CANCEL","47 | 0","12/29/1986","06/30/2023","DBA: GORDITOS RESTAURANT                        BERUMEN, NICOLAS M                         1025 OLIVER RD,                         FAIRFIELD, CA  94534","","","","","22","4803","1025 OLIVER RD","FAIRFIELD","48","94534","","","",""
"248282","ACTIVE CANCEL","47 | 0","11/05/1990","02/29/2024","DBA: BRISTOL RESTAURANT & BAR                        KAWAMOTO & SUGAWARA CORPORATION                         688 BAKER ST, STE 9-10,                         COSTA MESA, CA  92626-4400","","","7","","11","3004","688 BAKER ST, STE 9-10","COSTA MESA","30","92626","","","",""
"278577","ACTIVE CANCEL","20 | 0","11/30/1992","07/31/2023","DBA: OWENS CHEVRON                        OWENS, FLOYD                         1 BROADWAY CIR,                         KING CITY, CA  93930","","","7","","26","2705","1 BROADWAY CIR","KING CITY","27","93930","","","",""
"282401","ACTIVE CANCEL","41 | 0","06/11/1993","05/31/2024","DBA: MARYS PIZZA SHACK                        MARYS PIZZA SHACK                         9010 BROOKS RD S,                         WINDSOR, CA  95492-7811","19327 HWY 12, STE 200                              SONOMA, CA  95476-5482","","","","27","4909","9010 BROOKS RD S","WINDSOR","49","95492","19327 HWY 12, STE 200","SONOMA","95476","CA"
"319762","ACTIVE CANCEL","21 | 0","08/09/1996","07/31/2023","DBA: THIRST QUENCHER LIQUOR                        JARADEH, FAHED GEORGES                         440 N GLENOAKS BLVD,                         BURBANK, CA  91502","","21-290456/ 21-646074","","","5","1910","440 N GLENOAKS BLVD","BURBANK","19","91502","","","",""
"341094","ACTIVE CANCEL","48 | 0","10/20/1998","09/30/2023","DBA: HI BROW LOUNGE                        LACH, SHERIDAN L                         925-927 W FOOTHILL BLVD,                         UPLAND, CA  91786","","48-97392/ 48-640933","","","7","3611","925-927 W FOOTHILL BLVD","UPLAND","36","91786","","","",""
"351085","ACTIVE CANCEL","41 | 0","05/11/1999","04/30/2024","DBA: SIZZLER 3576                        FIVE REESE INC                         2121 W CALDWELL AVE,                         VISALIA, CA  93277","PO BOX 1410                              HANFORD, CA  93232","41-339302/ 41-646913","","","21","5406","2121 W CALDWELL AVE","VISALIA","54","93277","PO BOX 1410","HANFORD","93232","CA"
"377839","ACTIVE CANCEL","41 | 1","04/11/2003","03/31/2024","DBA: STUDIO DINER                        STUDIO DINER CORPORATION                         4701 RUFFIN RD,                         SAN DIEGO, CA  92123","","","7","","10","3710","4701 RUFFIN RD","SAN DIEGO","37","92123","","","",""
"377839","ACTIVE CANCEL","77 | 1","04/11/2003","03/31/2024","DBA: STUDIO DINER                        STUDIO DINER CORPORATION                         4701 RUFFIN RD,                         SAN DIEGO, CA  92123","","","7","","10","3710","4701 RUFFIN RD","SAN DIEGO","37","92123","","","",""
"383335","REVPEN ACTIVE","41 | 0","02/01/2002","01/31/2024","DBA: PHO 7 VIETNAMESE RESTAURANT                        TRAN, DAVID                         1100 CARVER RD, STE 17,                         MODESTO, CA  95350","","","","","29","5002","1100 CARVER RD, STE 17","MODESTO","50","95350","","","",""
"383335","REVPEN ACTIVE","41 | 0","02/01/2002","01/31/2024","DBA: PHO 7 VIETNAMESE RESTAURANT                        TRAN, DAVID                         1100 CARVER RD, STE 17,                         MODESTO, CA  95350","","","","","29","5002","1100 CARVER RD, STE 17","MODESTO","50","95350","","","",""
"409515","SUREND CANCEL","47 | 0","10/05/2004","09/30/2023","DBA: LUKAS TAPROOM & LOUNGE                        LUKAS LLC                         2221 BROADWAY,                         OAKLAND, CA  94612-3010","","47-349014/ 47-645934","","","22","0109","2221 BROADWAY","OAKLAND","01","94612","","","",""
"416310","ACTIVE SUSPEN","20 | 0","11/09/2004","10/31/2023","DBA: AMIGOS MARKET                        PRAJAPATI, CHETNABEN H                         431 OJAI RD,                         SANTA PAULA, CA  93060-2258","431 A OJAI RD                              SANTA PAULA, CA  93060","20-397392/ 20-649738","7","","12","5605","431 OJAI RD","SANTA PAULA","56","93060","431 A OJAI RD","SANTA PAULA","93060","CA"
"425756","ACTIVE CANCEL","47 | 0","12/20/2005","11/30/2023","DBA: SAAGER FINE CUISINE OF INDIA                        SAAGER FINE CUISINE OF INDIA INC                         4248 MARTINGALE WAY,                         NEWPORT BEACH, CA  92660","17130 APRICOT CIR                              FOUNTAIN VALLEY, CA  92708","47-373749/ 47-636605","7","","11","3013","4248 MARTINGALE WAY","NEWPORT BEACH","30","92660","17130 APRICOT CIR","FOUNTAIN VALLEY","92708","CA"
"428836","ACTIVE CANCEL","20 | 0","01/25/2006","12/31/2023","DBA: MEXICO MEAT MARKET 2                        BARAJASPALAFOX, LEONEL                         1130 E MONTE VISTA AVE, STE A,                         VACAVILLE, CA  95688-3081","","20-397619/ 20-644742","7","","22","4806","1130 E MONTE VISTA AVE, STE A","VACAVILLE","48","95688","","","",""
"434592","REVPEN ACTIVE","41 | 0","02/28/2006","01/31/2024","PEREZ, ANA MARIA                         1252 AIRPORT PARK BLVD, # C1,                         UKIAH, CA  95482","","","","","27","2303","1252 AIRPORT PARK BLVD, # C1","UKIAH","23","95482","","","",""
"434592","REVPEN ACTIVE","41 | 0","02/28/2006","01/31/2024","PEREZ, ANA MARIA                         1252 AIRPORT PARK BLVD, # C1,                         UKIAH, CA  95482","","","","","27","2303","1252 AIRPORT PARK BLVD, # C1","UKIAH","23","95482","","","",""
"461734","REVPEN ACTIVE","41 | 0","02/06/2008","01/31/2024","DBA: LOS CABOS TACOS & MARISCOS                        ANGUIANO CORPORATION                         1731 W KATELLA AVE, STE A,                         ANAHEIM, CA  92804-8101","","41-415490","7","","11","3001","1731 W KATELLA AVE, STE A","ANAHEIM","30","92804","","","",""
"461734","REVPEN ACTIVE","41 | 0","02/06/2008","01/31/2024","DBA: LOS CABOS TACOS & MARISCOS                        ANGUIANO CORPORATION                         1731 W KATELLA AVE, STE A,                         ANAHEIM, CA  92804-8101","","41-415490","7","","11","3001","1731 W KATELLA AVE, STE A","ANAHEIM","30","92804","","","",""
"463488","REVPEN NREN","41 | 0","03/27/2008","02/28/2023","DBA: EL FAROLITO 8                        TAQUERIAS EL FAROLITO INC                         131 SUNSET AVE, STE I,                         SUISUN CITY, CA  94585-2064","2779 MISSION ST                              SAN FRANCISCO, CA  94110-3103","41-450415","","","22","4805","131 SUNSET AVE, STE I","SUISUN CITY","48","94585","2779 MISSION ST","SAN FRANCISCO","94110","CA"
"470743","REVPEN ACTIVE","41 | 0","02/09/2009","01/31/2024","DBA: TAQUERIA LOS AMIGOS                        RAMIREZ, FRANCISCO                         13070 HIGHWAY 9,                         BOULDER CREEK, CA  95006-9119","PO BOX 7630                              SANTA CRUZ, CA  95061-7630","","7","","26","4400","13070 HIGHWAY 9","BOULDER CREEK","44","95006","PO BOX 7630","SANTA CRUZ","95061","CA"
"470743","REVPEN ACTIVE","41 | 0","02/09/2009","01/31/2024","DBA: TAQUERIA LOS AMIGOS                        RAMIREZ, FRANCISCO                         13070 HIGHWAY 9,                         BOULDER CREEK, CA  95006-9119","PO BOX 7630                              SANTA CRUZ, CA  95061-7630","","7","","26","4400","13070 HIGHWAY 9","BOULDER CREEK","44","95006","PO BOX 7630","SANTA CRUZ","95061","CA"
"482726","SUREND CANCEL","21 | 0","11/05/2009","10/31/2023","DBA: A 1 LIQUOR & GROCERY                        HERCULES, FRANCISCA FLORIDALBA                         4055 IRVING ST,                         SAN FRANCISCO, CA  94122-1218","191 MADDUX AVE                              SAN FRANCISCO, CA  94124","21-469000/ 21-641118","","","24","3800","4055 IRVING ST","SAN FRANCISCO","38","94122","191 MADDUX AVE","SAN FRANCISCO","94124","CA"
"488759","ACTIVE SUREND","20 | 0","06/24/2010","05/31/2024","DBA: CAMP MATHER STORE                        FRIENDS OF CAMP MATHER                         HETCH HETCHY RD, 100' E EVERGREEN RD,                         MATHER, CA  95339","PO BOX 320542                              SAN FRANCISCO, CA  94132","","","FIDELITY NATIONAL TITLE 601 CALIFORNIA ST STE 1501 SAN FRANCISCO, CA  94108-2820","23","5500","HETCH HETCHY RD, 100' E EVERGREEN RD","MATHER","55","95339","PO BOX 320542","SAN FRANCISCO","94132","CA"
"505940","PEND ACTIVE","86 | 0","05/10/2023","10/31/2023","DBA: STAFF OF LIFE NATURAL FOODS                         STAFF OF LIFE NATURAL FOODS BAKERY                         1266 SOQUEL AVE,                         SANTA CRUZ, CA  95062-2108","","","","","26","4402","1266 SOQUEL AVE","SANTA CRUZ","44","95062","","","",""
"517287","ACTIVE CANCEL","20 | 0","02/01/2012","01/31/2024","DBA: SNAPPY FOOD STORE                        SETHI, GANISHA                         525 W NEES AVE,                         FRESNO, CA  93711-6275","","20-467592/ 20-646629","","FRESNO ESCROW INC 6760 N WEST AVE STE 102 FRESNO, CA  93711","21","1005","525 W NEES AVE","FRESNO","10","93711","","","",""
"520016","SUREND ACTIVE","20 | 0","04/20/2012","03/31/2024","DBA: EL DURANGUITO MEAT MARKET                        GUTIERREZ, LUIS FELIPE                         7614 EASTERN AVE,                         BELL GARDENS, CA  90201-4510","","20-394317/ 20-638440","","SECURITY LAND ESCROW COMPANY 10805 PARAMOUNT BLVD STE A DOWNEY, CA  90241-3308","2","1972","7614 EASTERN AVE","BELL GARDENS","19","90201","","","",""
"528154","ACTIVE CANCEL","41 | 0","03/22/2013","02/29/2024","DBA: ROUND TABLE PIZZA #433                        CG HOSPITALITY GROUP INC                         7732 LIMONITE AVE,                         JURUPA VALLEY, CA  92509-5314","7755 HASKELL AVE                              VAN NUYS, CA  91406-1906","41-455546/ 41-644140","","","7","3329","7732 LIMONITE AVE","JURUPA VALLEY","33","92509","7755 HASKELL AVE","VAN NUYS","91406","CA"
"532101","SUREND CANCEL","47 | 0","04/24/2014","09/30/2023","DBA: EL BARON DE CA RESTAURANT & NIGHT CLUB                        EL BARON DE C.A. RESTAURANT LLC                         8641 WASHINGTON BLVD,                         CULVER CITY, CA  90232-7459","","47-443964/ 47-640195","7,8","","4","1914","8641 WASHINGTON BLVD","CULVER CITY","19","90232","","","",""
"533814","SUREND REVPEN","21 | 0","08/30/2013","07/31/2023","DBA: ZAINS LIQUOR                        ZUGHAIYER, MOHAMMAD AHMAD                         34 3RD ST,                         SAN FRANCISCO, CA  94103-3104","","21-204457","","","24","3800","34 3RD ST","SAN FRANCISCO","38","94103","","","",""
"535364","ACTIVE CANCEL","47 | 0","03/11/2016","02/29/2024","DBA: LOS CANTAROS RESTAURANT                        MSKANG, INC.                         336 GRAND AVE,                         OAKLAND, CA  94610-4826","110 SHERIDAN RD                              OAKLAND, CA  94618","","5","","22","0109","336 GRAND AVE","OAKLAND","01","94610","110 SHERIDAN RD","OAKLAND","94618","CA"
"544046","ACTIVE CANCEL","17 | 1","01/25/2016","12/31/2023","DBA: 2 TOWNS CIDERHOUSE                        FORBIDDEN FRUIT CIDERHOUSE LLC                         14529 LEIGH CT,                         SAN JOSE, CA  95124","3262 LOMA ALTA DR                              SANTA CLARA, CA  95051-4714","","7","","25","4313","14529 LEIGH CT","SAN JOSE","43","95124","3262 LOMA ALTA DR","SANTA CLARA","95051","CA"
"544046","ACTIVE CANCEL","09 | 1","01/25/2016","12/31/2023","DBA: 2 TOWNS CIDERHOUSE                        FORBIDDEN FRUIT CIDERHOUSE LLC                         14529 LEIGH CT,                         SAN JOSE, CA  95124","3262 LOMA ALTA DR                              SANTA CLARA, CA  95051-4714","","7","","25","4313","14529 LEIGH CT","SAN JOSE","43","95124","3262 LOMA ALTA DR","SANTA CLARA","95051","CA"
"545176","ACTIVE CANCEL","18 | 1","09/25/2014","08/31/2023","JOHNSON BROTHERS LIQUOR COMPANY OF CALIFORNIA                         9345 SANTA ANITA AVE,                         RANCHO CUCAMONGA, CA  91730-6126","1999 SHEPARD RD, ATTN: LEGAL DEPARTMENT                              ST PAUL, MN  55116","","","","7","3615","9345 SANTA ANITA AVE","RANCHO CUCAMONGA","36","91730","1999 SHEPARD RD, ATTN: LEGAL DEPARTMENT","ST PAUL","55116","MN"
"545176","ACTIVE CANCEL","17 | 1","09/25/2014","08/31/2023","JOHNSON BROTHERS LIQUOR COMPANY OF CALIFORNIA                         9345 SANTA ANITA AVE,                         RANCHO CUCAMONGA, CA  91730-6126","1999 SHEPARD RD, ATTN: LEGAL DEPARTMENT                              ST PAUL, MN  55116","","","","7","3615","9345 SANTA ANITA AVE","RANCHO CUCAMONGA","36","91730","1999 SHEPARD RD, ATTN: LEGAL DEPARTMENT","ST PAUL","55116","MN"
"545176","ACTIVE CANCEL","12 | 1","09/25/2014","08/31/2023","JOHNSON BROTHERS LIQUOR COMPANY OF CALIFORNIA                         9345 SANTA ANITA AVE,                         RANCHO CUCAMONGA, CA  91730-6126","1999 SHEPARD RD, ATTN: LEGAL DEPARTMENT                              ST PAUL, MN  55116","","","","7","3615","9345 SANTA ANITA AVE","RANCHO CUCAMONGA","36","91730","1999 SHEPARD RD, ATTN: LEGAL DEPARTMENT","ST PAUL","55116","MN"
"545176","ACTIVE CANCEL","09 | 1","09/25/2014","08/31/2023","JOHNSON BROTHERS LIQUOR COMPANY OF CALIFORNIA                         9345 SANTA ANITA AVE,                         RANCHO CUCAMONGA, CA  91730-6126","1999 SHEPARD RD, ATTN: LEGAL DEPARTMENT                              ST PAUL, MN  55116","","","","7","3615","9345 SANTA ANITA AVE","RANCHO CUCAMONGA","36","91730","1999 SHEPARD RD, ATTN: LEGAL DEPARTMENT","ST PAUL","55116","MN"
"560786","ACTIVE CANCEL","02 | 0","12/29/2015","06/30/2023","PAT WINES, LLC                         2859 DRY CREEK RD,                         HEALDSBURG, CA  95448-8230","5159 RICHARD AVE                              DALLAS, TX  75206","","","","27","4900","2859 DRY CREEK RD","HEALDSBURG","49","95448","5159 RICHARD AVE","DALLAS","75206","TX"
"563679","REVPEN ACTIVE","47 | 1","02/24/2016","01/31/2024","DBA: THE NOYPITZ BAR AND GRILL DTLA                        ALAMEDA RESTAURANT LLC                         333 S ALAMEDA ST, STE 115,                         LOS ANGELES, CA  90013-1733","716 MONTEREY PASS RD                              MONTEREY PARK, CA  91754-3607","47-528686","7","CENTRAL ESCROW 3660 WILSHIRE BLVD STE 108 LOS ANGELES, CA  90010-2603","4","1933","333 S ALAMEDA ST, STE 115","LOS ANGELES","19","90013","716 MONTEREY PASS RD","MONTEREY PARK","91754","CA"
"563679","REVPEN ACTIVE","47 | 1","02/24/2016","01/31/2024","DBA: THE NOYPITZ BAR AND GRILL DTLA                        ALAMEDA RESTAURANT LLC                         333 S ALAMEDA ST, STE 115,                         LOS ANGELES, CA  90013-1733","716 MONTEREY PASS RD                              MONTEREY PARK, CA  91754-3607","47-528686","7","CENTRAL ESCROW 3660 WILSHIRE BLVD STE 108 LOS ANGELES, CA  90010-2603","4","1933","333 S ALAMEDA ST, STE 115","LOS ANGELES","19","90013","716 MONTEREY PASS RD","MONTEREY PARK","91754","CA"
"563679","REVPEN ACTIVE","58 | 1","02/24/2016","01/31/2024","DBA: THE NOYPITZ BAR AND GRILL DTLA                        ALAMEDA RESTAURANT LLC                         333 S ALAMEDA ST, STE 115,                         LOS ANGELES, CA  90013-1733","716 MONTEREY PASS RD                              MONTEREY PARK, CA  91754-3607","47-528686","7","CENTRAL ESCROW 3660 WILSHIRE BLVD STE 108 LOS ANGELES, CA  90010-2603","4","1933","333 S ALAMEDA ST, STE 115","LOS ANGELES","19","90013","716 MONTEREY PASS RD","MONTEREY PARK","91754","CA"
"563679","REVPEN ACTIVE","58 | 1","02/24/2016","01/31/2024","DBA: THE NOYPITZ BAR AND GRILL DTLA                        ALAMEDA RESTAURANT LLC                         333 S ALAMEDA ST, STE 115,                         LOS ANGELES, CA  90013-1733","716 MONTEREY PASS RD                              MONTEREY PARK, CA  91754-3607","47-528686","7","CENTRAL ESCROW 3660 WILSHIRE BLVD STE 108 LOS ANGELES, CA  90010-2603","4","1933","333 S ALAMEDA ST, STE 115","LOS ANGELES","19","90013","716 MONTEREY PASS RD","MONTEREY PARK","91754","CA"
"565384","ACTIVE CANCEL","41 | 0","04/18/2016","03/31/2024","DBA: PALAPAS MARISQUERIA & SUSHI                        SHINALOA LLC                         331 N TUSTIN ST,                         ORANGE, CA  92867-7720","","41-485971/ 41-646795","7","RMB ESCROW 2119 N MAIN ST SANTA ANA, CA  92706-2701","11","3014","331 N TUSTIN ST","ORANGE","30","92867","","","",""
"566002","SUREND CANCEL","47 | 1","09/08/2017","08/31/2023","DBA: CLAYTON'S PUBLIC HOUSE                        CLAYTON'S PUBLIC HOUSE, LP                         541 S SPRING ST, STE 134-137,                         LOS ANGELES, CA  90013-2305","400 S MAIN ST, UNIT 808                              LOS ANGELES, CA  90013-1326","47-514309/ 57-641748","7","CALIFORNIA BUSINESS ESCROW INC 1748 MAIN STREET  ESCALON, CA  95320","4","1933","541 S SPRING ST, STE 134-137","LOS ANGELES","19","90013","400 S MAIN ST, UNIT 808","LOS ANGELES","90013","CA"
"566002","SUREND CANCEL","58 | 1","09/08/2017","08/31/2023","DBA: CLAYTON'S PUBLIC HOUSE                        CLAYTON'S PUBLIC HOUSE, LP                         541 S SPRING ST, STE 134-137,                         LOS ANGELES, CA  90013-2305","400 S MAIN ST, UNIT 808                              LOS ANGELES, CA  90013-1326","47-514309/ 57-641748","7","CALIFORNIA BUSINESS ESCROW INC 1748 MAIN STREET  ESCALON, CA  95320","4","1933","541 S SPRING ST, STE 134-137","LOS ANGELES","19","90013","400 S MAIN ST, UNIT 808","LOS ANGELES","90013","CA"
"569352","ACTIVE CANCEL","21 | 0","06/24/2016","05/31/2023","DBA: SIMON'S PROVISIONS                        SIMON'S PROVISIONS LLC                         1709 LINCOLN BLVD,                         VENICE, CA  90291-3907","","21-453051/ 21-646768","7","TOWER ESCROW INC 3600 WILSHIRE BLVD STE 426 LOS ANGELES, CA  90010","3","1933","1709 LINCOLN BLVD","VENICE","19","90291","","","",""
"570017","ACTIVE CANCEL","02 | 0","07/15/2016","06/30/2023","DBA: HOLTERMANN FAMILY WINES                        HOLTERMANN FAMILY WINES, LLC                         5570 SKYLANE BLVD, STE C,                         SANTA ROSA, CA  95403-1030","PO BOX 463                              OCCIDENTAL, CA  95465","02-534679","7","","27","4900","5570 SKYLANE BLVD, STE C","SANTA ROSA","49","95403","PO BOX 463","OCCIDENTAL","95465","CA"
"575085","SUREND CANCEL","20 | 0","01/25/2017","06/30/2023","DBA: GROCERY OUTLET                        GROCERY OUTLET INC                         1615 W VERDUGO AVE,                         BURBANK, CA  91506-2101","5650 HOLLIS ST                              EMERYVILLE, CA  94608-2597","20-539672/ 20-637392","7","CALIFORNIA BUSINESS ESCROW 1748 MAIN ST ESCALON, CA  95320-1927","5","1910","1615 W VERDUGO AVE","BURBANK","19","91506","5650 HOLLIS ST","EMERYVILLE","94608","CA"
"576420","ACTIVE CANCEL","20 | 0","02/23/2017","01/31/2024","DBA: NILAND SOCO MINI MART                        SOPHIA & KAYDEN LLC                         8004 HWY 111,                         NILAND, CA  92257","1013 OLIVE WAY                              BRAWLEY, CA  92227-3495","20-346405/ 20-645253","","CV ESCROW 71703 HIGHWAY 111 STE. 1B RANCHO MIRAGE, CA  92270-4478","8","1300","8004 HWY 111","NILAND","13","92257","1013 OLIVE WAY","BRAWLEY","92227","CA"
"578170","PEND ACTIVE","47 | 0","05/10/2023","04/30/2024","DBA: DOMINIC'S RISTORANTE ITALIANO                        CESARIO ENTERPRISES, INC                         9921 WALKER ST,                         CYPRESS, CA  90630-3827","","47-461412","","","11","3005","9921 WALKER ST","CYPRESS","30","90630","","","",""
"579543","ACTIVE CANCEL","02 | 0","08/30/2017","06/30/2023","DBA: WINDCHASER WINES                        GIFFORD FAMILY WINE CO, LLC                         1365 & 1375 4TH ST,                         BERKELEY, CA  94710","1352 S 49TH ST                              RICHMOND, CA  94804-4618","","","","22","0103","1365 & 1375 4TH ST","BERKELEY","01","94710","1352 S 49TH ST","RICHMOND","94804","CA"
"579648","ACTIVE CANCEL","41 | 0","05/10/2017","04/30/2024","DBA: TEN RAKU                        ERIC & YONG INC                         4177 W 3RD ST,                         LOS ANGELES, CA  90020-3577","","41-518564/ 41-646492","7","PRIMA ESCROW INC 3600 WILSHIRE BL STE 1028 LOS ANGELES, CA  90010","4","1933","4177 W 3RD ST","LOS ANGELES","19","90020","","","",""
"580711","ACTIVE CANCEL","23 | 0","02/18/2020","01/31/2024","BRUEHOL BREWING LLC                         150 MASON CIR, STE J,                         CONCORD, CA  94520","401 GERALD CT                              BENICIA, CA  94510-1427","","","","22","0703","150 MASON CIR, STE J","CONCORD","07","94520","401 GERALD CT","BENICIA","94510","CA"
"580711","ACTIVE CANCEL","23 | 0","02/18/2020","01/31/2024","BRUEHOL BREWING LLC                         150 MASON CIR, STE J,                         CONCORD, CA  94520","401 GERALD CT                              BENICIA, CA  94510-1427","","","","22","0703","150 MASON CIR, STE J","CONCORD","07","94520","401 GERALD CT","BENICIA","94510","CA"
"581551","ACTIVE CANCEL","41 | 0","07/20/2017","06/30/2023","DBA: NOODLE HOUSE                        MAO'S DISHES, INC                         164 W 25TH AVE,                         SAN MATEO, CA  94403-2208","","","","","25","4113","164 W 25TH AVE","SAN MATEO","41","94403","","","",""
"583442","ACTIVE CANCEL","20 | 0","08/09/2018","07/31/2023","DBA: CABRILLO CHEVRON                        FULL CIRCLE FUEL INC                         2761 CABRILLO AVE,                         TORRANCE, CA  90501-4628","1640 CRENSHAW BLVD                              TORRANCE, CA  90501","","7","","3","1958","2761 CABRILLO AVE","TORRANCE","19","90501","1640 CRENSHAW BLVD","TORRANCE","90501","CA"
"584275","ACTIVE CANCEL","17 | 1","05/25/2018","04/30/2023","DBA: MODERN TIMES BEER                        MODERN TIMES DRINKS INC                         3220 KURTZ ST, STE 300,                         SAN DIEGO, CA  92110-4426","3725 GREENWOOD ST                              SAN DIEGO, CA  92110-4441","","","","10","3710","3220 KURTZ ST, STE 300","SAN DIEGO","37","92110","3725 GREENWOOD ST","SAN DIEGO","92110","CA"
"584275","ACTIVE CANCEL","09 | 1","05/25/2018","04/30/2023","DBA: MODERN TIMES BEER                        MODERN TIMES DRINKS INC                         3220 KURTZ ST, STE 300,                         SAN DIEGO, CA  92110-4426","3725 GREENWOOD ST                              SAN DIEGO, CA  92110-4441","","","","10","3710","3220 KURTZ ST, STE 300","SAN DIEGO","37","92110","3725 GREENWOOD ST","SAN DIEGO","92110","CA"
"587264","ACTIVE CANCEL","20 | 0","12/23/2019","11/30/2023","DBA: QUARTER THE                        CEDAR LANDMARK INC                         12970 DAY ST,                         MORENO VALLEY, CA  92553-7000","4300 EDISON AVE                              CHINO, CA  91710-5411","","","","7","3321","12970 DAY ST","MORENO VALLEY","33","92553","4300 EDISON AVE","CHINO","91710","CA"
"587653","REVPEN ACTIVE","41 | 0","02/06/2018","01/31/2024","DBA: DON Q RESTAURANT                        CABALLERO, MARTINA REYES                         7600 EL CAMINO REAL, STE 5,                         ATASCADERO, CA  93422-4337","","41-560675","7","","13","4007","7600 EL CAMINO REAL, STE 5","ATASCADERO","40","93422","","","",""
"587653","REVPEN ACTIVE","41 | 0","02/06/2018","01/31/2024","DBA: DON Q RESTAURANT                        CABALLERO, MARTINA REYES                         7600 EL CAMINO REAL, STE 5,                         ATASCADERO, CA  93422-4337","","41-560675","7","","13","4007","7600 EL CAMINO REAL, STE 5","ATASCADERO","40","93422","","","",""
"588866","ACTIVE CANCEL","07 | 1","02/21/2018","01/31/2024","DBA: LUNA SEA SPIRITS                        WEK, DEVEN LESHEK                         815 ALMAR AVE, #14,                         SANTA CRUZ, CA  95060-5874","","","","","26","4402","815 ALMAR AVE, #14","SANTA CRUZ","44","95060","","","",""
"588866","ACTIVE CANCEL","07 | 1","02/21/2018","01/31/2024","DBA: LUNA SEA SPIRITS                        WEK, DEVEN LESHEK                         815 ALMAR AVE, #14,                         SANTA CRUZ, CA  95060-5874","","","","","26","4402","815 ALMAR AVE, #14","SANTA CRUZ","44","95060","","","",""
"588866","ACTIVE CANCEL","12 | 1","02/21/2018","01/31/2024","DBA: LUNA SEA SPIRITS                        WEK, DEVEN LESHEK                         815 ALMAR AVE, #14,                         SANTA CRUZ, CA  95060-5874","","","","","26","4402","815 ALMAR AVE, #14","SANTA CRUZ","44","95060","","","",""
"588866","ACTIVE CANCEL","12 | 1","02/21/2018","01/31/2024","DBA: LUNA SEA SPIRITS                        WEK, DEVEN LESHEK                         815 ALMAR AVE, #14,                         SANTA CRUZ, CA  95060-5874","","","","","26","4402","815 ALMAR AVE, #14","SANTA CRUZ","44","95060","","","",""
"589084","ACTIVE SUSPEN","20 | 0","02/14/2018","01/31/2024","DBA: GUADALAJARA MEAT MARKET                        MERLO, CLAUDIA MARIA APLICANO                         741 E ST,                         WASCO, CA  93280","","20-310908","","FIRST AMERICAN TITLE 5060 CALIFORNIA AVE STE 400 BAKERSFIELD, CA  93309","6","1508","741 E ST","WASCO","15","93280","","","",""
"589084","ACTIVE SUSPEN","20 | 0","02/14/2018","01/31/2024","DBA: GUADALAJARA MEAT MARKET                        MERLO, CLAUDIA MARIA APLICANO                         741 E ST,                         WASCO, CA  93280","","20-310908","","FIRST AMERICAN TITLE 5060 CALIFORNIA AVE STE 400 BAKERSFIELD, CA  93309","6","1508","741 E ST","WASCO","15","93280","","","",""
"589084","ACTIVE SUSPEN","20 | 0","02/14/2018","01/31/2024","DBA: GUADALAJARA MEAT MARKET                        MERLO, CLAUDIA MARIA APLICANO                         741 E ST,                         WASCO, CA  93280","","20-310908","","FIRST AMERICAN TITLE 5060 CALIFORNIA AVE STE 400 BAKERSFIELD, CA  93309","6","1508","741 E ST","WASCO","15","93280","","","",""
"595792","ACTIVE CANCEL","47 | 0","08/30/2018","07/31/2023","DBA: TAC- OH!                        TAC-OH! MORGAN HILL L-PSHIP                         17280 MONTEREY ST, STE 101,                         MORGAN HILL, CA  95037","1485 FRANKLIN ST                              SANTA CLARA, CA  95050","","","CAPITAL TRUST ESCROW 280 S BEVERLY DR #300 BEVERLY HILLS, CA  90212","25","4310","17280 MONTEREY ST, STE 101","MORGAN HILL","43","95037","1485 FRANKLIN ST","SANTA CLARA","95050","CA"
"602017","ACTIVE CANCEL","20 | 0","02/22/2019","01/31/2024","DBA: CALIFORNIA FRESNO OIL 107                        CALIFORNIA-FRESNO INVESTMENT COMPANY                         46370 W PANOCHE RD,                         FIREBAUGH, CA  93622-9719","PO BOX 2625                              FRESNO, CA  93745","20-458065/ 20-645098","","FIRST AMERICAN TITLE 7010 N PALM AVE FRESNO, CA  93650","21","1000","46370 W PANOCHE RD","FIREBAUGH","10","93622","PO BOX 2625","FRESNO","93745","CA"
"602025","ACTIVE CANCEL","20 | 0","02/22/2019","01/31/2024","DBA: CALIFORNIA FRESNO OIL 105                        CALIFORNIA-FRESNO INVESTMENT COMPANY                         46378 W PANOCHE RD,                         FIREBAUGH, CA  93622-9719","PO BOX 2625                              FRESNO, CA  93745","20-458067/ 20-645096","","FIRST AMERICAN TITLE 7010 N PALM AVE FRESNO, CA  93650","21","1000","46378 W PANOCHE RD","FIREBAUGH","10","93622","PO BOX 2625","FRESNO","93745","CA"
"602271","ACTIVE CANCEL","40 | 0","03/06/2019","02/29/2024","DBA: SHARKY'S POOL & PUB                        808 INDUSTRIES LLC                          808 W AVENUE L,                         LANCASTER, CA  93534-7159","530 W MILLING ST                              LANCASTER, CA  93534-3233","","","","5","1980","808 W AVENUE L","LANCASTER","19","93534","530 W MILLING ST","LANCASTER","93534","CA"
"605354","ACTIVE CANCEL","75 | 0","08/19/2019","07/31/2023","DBA: FIRE & BREW                        VENQUEST BG, LLC                         77 JEFFERSON ST,                         SAN FRANCISCO, CA  94133-1217","","","7","","24","3800","77 JEFFERSON ST","SAN FRANCISCO","38","94133","","","",""
"610710","ACTIVE CANCEL","58 | 1","03/09/2020","02/29/2024","DBA: TJ'S TACOS & BIRRIA                        RAMIREZGONZALEZ, MIGUEL ANGEL                         710 SAN BENITO ST, # B,                         HOLLISTER, CA  95023-9317","","","7","","26","3501","710 SAN BENITO ST, # B","HOLLISTER","35","95023","","","",""
"610710","ACTIVE CANCEL","47 | 1","03/09/2020","02/29/2024","DBA: TJ'S TACOS & BIRRIA                        RAMIREZGONZALEZ, MIGUEL ANGEL                         710 SAN BENITO ST, # B,                         HOLLISTER, CA  95023-9317","","","7","","26","3501","710 SAN BENITO ST, # B","HOLLISTER","35","95023","","","",""
"610959","ACTIVE CANCEL","41 | 0","11/25/2019","10/31/2023","DBA: ROUND TABLE PIZZA                        CG HOSPITALITY GROUP INC                         29910 MURRIETA HOT SPRINGS RD, STE S,                         MURRIETA, CA  92563-3816","7755 HASKELL AVE                              VAN NUYS, CA  91406-1906","","","","7","3300","29910 MURRIETA HOT SPRINGS RD, STE S","MURRIETA","33","92563","7755 HASKELL AVE","VAN NUYS","91406","CA"
"612928","ACTIVE CANCEL","17 | 0","07/15/2020","06/30/2023","DBA: JR STOREY WINERY                        STOREY, JOHN ROSS                         521 NEVADA ST,                         SAUSALITO, CA  94965-1613","3001 BRIDGEWAY, STE K115                              SAUSALITO, CA  94965-1408","","7","","27","2109","521 NEVADA ST","SAUSALITO","21","94965","3001 BRIDGEWAY, STE K115","SAUSALITO","94965","CA"
"613169","REVPEN ACTIVE","20 | 0","02/11/2020","01/31/2024","DBA: SAVE N GO MARKET                        SAPPHIRE FOODS LLC                         140 E 4TH ST,                         MADERA, CA  93638-3205","","20-580267","","FIRST AMERICAN TITLE 7010 N PALM AVE FRESNO, CA  93650","21","2002","140 E 4TH ST","MADERA","20","93638","","","",""
"613169","REVPEN ACTIVE","20 | 0","02/11/2020","01/31/2024","DBA: SAVE N GO MARKET                        SAPPHIRE FOODS LLC                         140 E 4TH ST,                         MADERA, CA  93638-3205","","20-580267","","FIRST AMERICAN TITLE 7010 N PALM AVE FRESNO, CA  93650","21","2002","140 E 4TH ST","MADERA","20","93638","","","",""
"613193","ACTIVE CANCEL","20 | 0","11/02/2020","10/31/2023","DBA: CALIFORNIA FRESNO OIL 115                        CALIFORNIA-FRESNO INVESTMENT COMPANY                         794 W SHAW AVE,                         CLOVIS, CA  93612-3216","PO BOX 2625                              FRESNO, CA  93745","20-513139/ 20-645090","","FIRST AMERICAN TITLE 7010 N PALM AVE FRESNO, CA  93650","21","1001","794 W SHAW AVE","CLOVIS","10","93612","PO BOX 2625","FRESNO","93745","CA"
"613611","ACTIVE CANCEL","42 | 0","06/11/2020","05/31/2024","DBA: SLO WINE & BEER CO                        SLO WINE CO. LLC                          3536 S HIGUERA ST , STE 240-250,                         SAN LUIS OBISPO, CA  93401-7351","6094 MADBURY CT                              SAN LUIS OBISPO, CA  93401","","","","13","4004","3536 S HIGUERA ST , STE 240-250","SAN LUIS OBISPO","40","93401","6094 MADBURY CT","SAN LUIS OBISPO","93401","CA"
"613611","ACTIVE CANCEL","42 | 0","06/11/2020","05/31/2024","DBA: SLO WINE & BEER CO                        SLO WINE CO. LLC                          3536 S HIGUERA ST , STE 240-250,                         SAN LUIS OBISPO, CA  93401-7351","6094 MADBURY CT                              SAN LUIS OBISPO, CA  93401","","","","13","4004","3536 S HIGUERA ST , STE 240-250","SAN LUIS OBISPO","40","93401","6094 MADBURY CT","SAN LUIS OBISPO","93401","CA"
"613611","PEND ACTIVE","41 | 1","05/16/2023","05/31/2024","DBA: SLO WINE & BEER CO                        SLO WINE CO. LLC                          3536 S HIGUERA ST , STE 240-250,                         SAN LUIS OBISPO, CA  93401-7351","6094 MADBURY CT                              SAN LUIS OBISPO, CA  93401","42-613611","","","13","4004","3536 S HIGUERA ST , STE 240-250","SAN LUIS OBISPO","40","93401","6094 MADBURY CT","SAN LUIS OBISPO","93401","CA"
"613611","PEND ACTIVE","58 | 1","05/16/2023","05/31/2024","DBA: SLO WINE & BEER CO                        SLO WINE CO. LLC                          3536 S HIGUERA ST , STE 240-250,                         SAN LUIS OBISPO, CA  93401-7351","6094 MADBURY CT                              SAN LUIS OBISPO, CA  93401","42-613611","","","13","4004","3536 S HIGUERA ST , STE 240-250","SAN LUIS OBISPO","40","93401","6094 MADBURY CT","SAN LUIS OBISPO","93401","CA"
"613747","ACTIVE CANCEL","20 | 0","03/03/2020","02/29/2024","DBA: MARKET PLUS                        FOUNTAIN MARKET, INC                          6010 FOUNTAIN AVE,                         LOS ANGELES, CA  90028-8311","","20-560545","","UNITY ESCROW INC 3600 WILSHIRE BLVD  #900 LOS ANGELES, CA  90010","4","1933","6010 FOUNTAIN AVE","LOS ANGELES","19","90028","","","",""
"614743","REVPEN ACTIVE","74 | 1","07/29/2020","01/31/2024","DBA: SURF CITY STILL WORKS                         SURF CITY STILL WORKS, LLC                         16561 GEMINI LN,                         HUNTINGTON BEACH, CA  92647-4464","","74-588344","7","","11","3010","16561 GEMINI LN","HUNTINGTON BEACH","30","92647","","","",""
"614743","REVPEN ACTIVE","74 | 1","07/29/2020","01/31/2024","DBA: SURF CITY STILL WORKS                         SURF CITY STILL WORKS, LLC                         16561 GEMINI LN,                         HUNTINGTON BEACH, CA  92647-4464","","74-588344","7","","11","3010","16561 GEMINI LN","HUNTINGTON BEACH","30","92647","","","",""
"614743","REVPEN ACTIVE","06 | 0","07/29/2020","01/31/2024","DBA: SURF CITY STILL WORKS                         SURF CITY STILL WORKS, LLC                         16561 GEMINI LN,                         HUNTINGTON BEACH, CA  92647-4464","","06-588344","7","","11","3010","16561 GEMINI LN","HUNTINGTON BEACH","30","92647","","","",""
"614743","REVPEN ACTIVE","06 | 0","07/29/2020","01/31/2024","DBA: SURF CITY STILL WORKS                         SURF CITY STILL WORKS, LLC                         16561 GEMINI LN,                         HUNTINGTON BEACH, CA  92647-4464","","06-588344","7","","11","3010","16561 GEMINI LN","HUNTINGTON BEACH","30","92647","","","",""
"614743","REVPEN ACTIVE","12 | 1","07/29/2020","01/31/2024","DBA: SURF CITY STILL WORKS                         SURF CITY STILL WORKS, LLC                         16561 GEMINI LN,                         HUNTINGTON BEACH, CA  92647-4464","","74-588344","7","","11","3010","16561 GEMINI LN","HUNTINGTON BEACH","30","92647","","","",""
"614743","REVPEN ACTIVE","12 | 1","07/29/2020","01/31/2024","DBA: SURF CITY STILL WORKS                         SURF CITY STILL WORKS, LLC                         16561 GEMINI LN,                         HUNTINGTON BEACH, CA  92647-4464","","74-588344","7","","11","3010","16561 GEMINI LN","HUNTINGTON BEACH","30","92647","","","",""
"616265","ACTIVE CANCEL","41 | 0","05/13/2020","04/30/2024","DBA: LOUIES PIZZA KITCHEN                        YOUNG, KEVIN MICHAEL                         60 COPPER COVE DR, STE E,                         COPPEROPOLIS, CA  95228","","","","","29","0500","60 COPPER COVE DR, STE E","COPPEROPOLIS","05","95228","","","",""
"617586","ACTIVE CANCEL","41 | 0","08/14/2020","07/31/2023","DBA: MIMOSAS OF WILLOW GLEN LLC                        MIMOSAS OF WILLOW GLEN LLC                         840 WILLOW ST, STE 400,                         SAN JOSE, CA  95125-2377","","","7","","25","4313","840 WILLOW ST, STE 400","SAN JOSE","43","95125","","","",""
"621343","ACTIVE CANCEL","41 | 0","02/24/2021","01/31/2024","DBA: YOLKED                        YOLKED, INC                         775 E DUNNE AVE,                         MORGAN HILL, CA  95037-4666","","","7","","25","4310","775 E DUNNE AVE","MORGAN HILL","43","95037","","","",""
"621380","PEND ACTIVE","02 | 0","05/09/2023","06/30/2024","DBA: PELTZER FAMILY CELLARS                        PELTZER FAMILY CELLARS LLC                         43205 BUSINESS PARK DR,                         TEMECULA, CA  92590-3634","40275 CALLE CONTENTO                              TEMECULA, CA  92591-4009","","","","7","3322","43205 BUSINESS PARK DR","TEMECULA","33","92590","40275 CALLE CONTENTO","TEMECULA","92591","CA"
"622698","ACTIVE CANCEL","41 | 0","03/03/2021","02/29/2024","DBA: PLATFORM 909                        PLATFORM CAFÉ INC                         15870 SOQUEL CANYON PKWY, STE M,                         CHINO HILLS, CA  91709","","","","","7","3623","15870 SOQUEL CANYON PKWY, STE M","CHINO HILLS","36","91709","","","",""
"625433","ACTIVE CANCEL","20 | 0","10/14/2021","09/30/2023","DBA: RETRO JUNCTION                        PCS FOOD AND DELI INC                         7010 N CEDAR AVE, STE 101,                         FRESNO, CA  93720-3300","","20-570110/ 20-645270","","CHICAGO TITLE COMPANY 7330 N PALM AVE STE 101 FRESNO, CA  93711-5768","21","1005","7010 N CEDAR AVE, STE 101","FRESNO","10","93720","","","",""
"626263","AUTREV ACTIVE","41 | 0","12/23/2021","11/30/2023","DBA: JIMBOY'S TACOS # 220                        GV FOOD SERVICES, INC.                           1937 NEVADA CITY HWY,                         GRASS VALLEY, CA  95945","","","7","","23","2901","1937 NEVADA CITY HWY","GRASS VALLEY","29","95945","","","",""
"626263","AUTREV ACTIVE","41 | 0","12/23/2021","11/30/2023","DBA: JIMBOY'S TACOS # 220                        GV FOOD SERVICES, INC.                           1937 NEVADA CITY HWY,                         GRASS VALLEY, CA  95945","","","7","","23","2901","1937 NEVADA CITY HWY","GRASS VALLEY","29","95945","","","",""
"626961","ACTIVE CANCEL","12 | 1","09/09/2021","08/31/2023","DBA: KNOBEL                         KNOBEL SPIRITS, LLC                          26717 PALMETTO, STE A,                         REDLANDS, CA  92374-1513","907 WESTWOOD BLVD , STE 206                              LOS ANGELES, CA  90024","","","","7","3608","26717 PALMETTO, STE A","REDLANDS","36","92374","907 WESTWOOD BLVD , STE 206","LOS ANGELES","90024","CA"
"626961","ACTIVE CANCEL","18 | 1","09/09/2021","08/31/2023","DBA: KNOBEL                         KNOBEL SPIRITS, LLC                          26717 PALMETTO, STE A,                         REDLANDS, CA  92374-1513","907 WESTWOOD BLVD , STE 206                              LOS ANGELES, CA  90024","","","","7","3608","26717 PALMETTO, STE A","REDLANDS","36","92374","907 WESTWOOD BLVD , STE 206","LOS ANGELES","90024","CA"
"630298","PEND ACTIVE","47 | 0","05/10/2023","04/30/2024","DBA: HYATT HOUSE VACAVILLE HOTEL                        J&P HOSPITALITY                         2481 E MONTE VISTA AVE,                         VACAVILLE, CA  95688","232 ROLLING SAGE CIR                              VACAVILLE, CA  95688","","5","","22","4806","2481 E MONTE VISTA AVE","VACAVILLE","48","95688","232 ROLLING SAGE CIR","VACAVILLE","95688","CA"
"632232","PEND ACTIVE","86 | 0","05/09/2023","11/30/2023","DBA: SOUVENIR                        GRAPE FRIENDS LLC                         570 SAN ANSELMO AVE,                         SAN ANSELMO, CA  94960-2621","247 CLORINDA AVE                              SAN RAFAEL, CA  94901-3657","","","","27","2107","570 SAN ANSELMO AVE","SAN ANSELMO","21","94960","247 CLORINDA AVE","SAN RAFAEL","94901","CA"
"632536","ACTIVE CANCEL","41 | 0","03/30/2022","02/29/2024","DBA: R RANCH                        R RANCH IN THE SEQUOIAS OWNERS ASSOCIATION                         STONE ST, BLDG B,                         JOHNSONDALE, CA  93238","HB1 BOX 104                              KERNVILLE, CA  93238","","","","21","5400","STONE ST, BLDG B","JOHNSONDALE","54","93238","HB1 BOX 104","KERNVILLE","93238","CA"
"632566","PEND ACTIVE","41 | 0","05/10/2023","04/30/2024","DBA: MAIN KITCHEN CAFE & WINE BAR                        MAIN KITCHEN EVENTS LLC                         8901-03 DE SOTO AVE,                         CANOGA PARK, CA  91304-1966","","","","","5","1933","8901-03 DE SOTO AVE","CANOGA PARK","19","91304","","","",""
"633771","ACTIVE CANCEL","41 | 0","03/16/2022","02/28/2023","DBA: MAMI ANA'S LLC                        MAMI ANA'S LLC                          2105 EDISON HWY, STE P2,                         BAKERSFIELD, CA  93305-5516","","41-579463","7","TICOR TITLE COMPANY 10000  STOCKDALE HWY STE 101 BAKERSFIELD, CA  93311","6","1500","2105 EDISON HWY, STE P2","BAKERSFIELD","15","93305","","","",""
"634506","ACTIVE CANCEL","02 | 0","02/18/2022","06/30/2023","DBA: J. CAGE CELLARS                        WINE-STAINED DREAMS, LLC                         834 MCCLELLAND DR,                         WINDSOR, CA  95492-9572","1138 RACHEL LANE                              WINDSOR, CA  95492","","7","","27","4909","834 MCCLELLAND DR","WINDSOR","49","95492","1138 RACHEL LANE","WINDSOR","95492","CA"
"635086","REVPEN AUTREV","41 | 0","05/24/2022","04/30/2023","DBA: MI CASITA RESTAURANT                        MI CASITA DEL RANCHO RESTAURANT LLC                         200 D ST,                         WHEATLAND, CA  95692-9243","229 CLARK AVE, STE A                               YUBA CITY, CA  95991","","7","","23","5802","200 D ST","WHEATLAND","58","95692","229 CLARK AVE, STE A","YUBA CITY","95991","CA"
"636605","PEND ACTIVE","47 | 0","05/09/2023","04/30/2024","DBA: HOMESLICE                        HOMESLICE - DANA POINT INC.                         24471 DEL PRADO AVE, STE D,                         DANA POINT, CA  92629-2718","34300 LANTERN BAY DR, UNIT 9                              DANA POINT, CA  92629-2858","47-425756","","ABC ESCROW 2222 DAMON STREET  LOS ANGELES, CA  90021","11","3028","24471 DEL PRADO AVE, STE D","DANA POINT","30","92629","34300 LANTERN BAY DR, UNIT 9","DANA POINT","92629","CA"
"637119","R64B ACTIVE","47 | 0","08/12/2022","07/31/2024","DBA: LAZY DOG SAN JOSE                        LAZY DOG RESTAURANTS LLC                         5305 ALMADEN EXPWY,                         SAN JOSE, CA  95118-3603","3337 SUSAN ST, STE 100                              COSTA MESA, CA  92626","47-465634","","CALIFORNIA BUSINESS ESCROW  1748 MAIN ST  ESCALON, CA  95320","25","4313","5305 ALMADEN EXPWY","SAN JOSE","43","95118","3337 SUSAN ST, STE 100","COSTA MESA","92626","CA"
"637122","ACTIVE CANCEL","47 | 0","01/18/2023","12/31/2023","DBA: ARTHUR MAC'S LITTLE SNACK                        FARM LEAGUE DESIGN & MANAGEMENT GROUP, INC.                         5614 BAY ST, STE 238,                         EMERYVILLE, CA  94608-2410","","47-581135/ 47-645635","7","ABC ESCROW 2222 DAMON STREET  LOS ANGELES, CA  90021","22","0104","5614 BAY ST, STE 238","EMERYVILLE","01","94608","","","",""
"637392","PEND ACTIVE","20 | 0","05/09/2023","06/30/2024","DBA: GROCERY OUTLET                        GROCERY OUTLET INC                         1650 HIGHWAY 46,                         WASCO, CA  93280","5650 HOLLIS ST                              EMERYVILLE, CA  94608-2597","20-575085","","","6","1508","1650 HIGHWAY 46","WASCO","15","93280","5650 HOLLIS ST","EMERYVILLE","94608","CA"
"640048","PEND ACTIVE","02 | 0","05/09/2023","06/30/2024","DBA: PIED A TERRE WINES                        PAT WINES, LLC                         21660 8TH ST E , BLDG A,                         STE A, SONOMA, CA  95476-2828","5159 RICHARD AVE                              DALLAS, TX  75206","02-560786","","","27","4900","21660 8TH ST E , BLDG A","SONOMA","49","95476","5159 RICHARD AVE","DALLAS","75206","TX"
"640077","PEND ACTIVE","41 | 0","05/09/2023","04/30/2024","DBA: GLUGLU                        GLUGLU LLC                         7 WARRIORS WAY, STE 202,                         SAN FRANCISCO, CA  94158-2250","2419 3RD ST                              SAN FRANCISCO, CA  94107-3110","","7","","24","3800","7 WARRIORS WAY, STE 202","SAN FRANCISCO","38","94158","2419 3RD ST","SAN FRANCISCO","94107","CA"
"640195","PEND ACTIVE","47 | 0","05/09/2023","04/30/2024","DBA: EL BARON                        EL SOPON CORP                         8641 WASHINGTON BLVD,                         CULVER CITY, CA  90232-7459","","47-532101","7","","4","1914","8641 WASHINGTON BLVD","CULVER CITY","19","90232","","","",""
"640405","PEND ACTIVE","23 | 0","05/10/2023","07/31/2024","DBA: DEATH VALLEY BREWING                        ZELLHOEFER, CHERYL KAY                         59 OLD SPANISH TRAIL BLDG 1 STE A,                         TECOPA, CA  92389","1740 RED ROCK                              PAHRUMP, NV  89048","23-572486","","","6","1400","59 OLD SPANISH TRAIL BLDG 1 STE A","TECOPA","14","92389","1740 RED ROCK","PAHRUMP","89048","NV"
"640497","PEND ACTIVE","47 | 2","05/10/2023","04/30/2024","DBA: CREST SACRAMENTO                        GD THEATRES, INC.                         1013 K ST,                         SACRAMENTO, CA  95814","","47-537226","7","CAPITOL CITY ESCROW 3838 WATT AVE #F610 SACRAMENTO, CA  95821","23","3405","1013 K ST","SACRAMENTO","34","95814","","","",""
"640497","PEND ACTIVE","68 | 2","05/10/2023","04/30/2024","DBA: CREST SACRAMENTO                        GD THEATRES, INC.                         1013 K ST,                         SACRAMENTO, CA  95814","","47-537226","7","CAPITOL CITY ESCROW 3838 WATT AVE #F610 SACRAMENTO, CA  95821","23","3405","1013 K ST","SACRAMENTO","34","95814","","","",""
"640497","PEND ACTIVE","58 | 2","05/10/2023","04/30/2024","DBA: CREST SACRAMENTO                        GD THEATRES, INC.                         1013 K ST,                         SACRAMENTO, CA  95814","","47-537226","7","CAPITOL CITY ESCROW 3838 WATT AVE #F610 SACRAMENTO, CA  95821","23","3405","1013 K ST","SACRAMENTO","34","95814","","","",""
"640848","PEND ACTIVE","41 | 0","05/10/2023","04/30/2024","DBA: ARAMARK SERVICES                        ARAMARK SERVICES, INC.                         6201 AMERICA CENTER DR, 1ST FLOOR CAFE,                         SAN JOSE, CA  95002","317 E CARSON ST, STE 333                              C/O FLAHERTY & O'HARA, PITTSBURGH, PA  15219","","","","25","4313","6201 AMERICA CENTER DR, 1ST FLOOR CAFE","SAN JOSE","43","95002","317 E CARSON ST, STE 333","PITTSBURGH","15219","PA"
"640884","PEND ACTIVE","17 | 0","05/10/2023","04/30/2024","DBA: CHATEAU STE. MICHELLE                        STE. MICHELLE WINE ESTATES LLC                         22020 CARNEROS VINEYARD WY, STE 6,                         SONOMA, CA  95476-2826","PO BOX 1976                              WOODINVILLE, WA  98072","","","","27","4900","22020 CARNEROS VINEYARD WY, STE 6","SONOMA","49","95476","PO BOX 1976","WOODINVILLE","98072","WA"
"640933","PEND ACTIVE","48 | 0","05/09/2023","09/30/2024","DBA: HI BROW                         HI BROW LOUNGE INC                         925-927 W FOOTHILL BLVD,                         UPLAND, CA  91786","925 W FOOTHILL BLVD                              UPLAND, CA  91786","48-341094","8","NONE","7","3611","925-927 W FOOTHILL BLVD","UPLAND","36","91786","925 W FOOTHILL BLVD","UPLAND","91786","CA"
"641118","PEND ACTIVE","21 | 0","05/09/2023","04/30/2024","DBA: LUKE'S LOCAL                        LUKE'S LOCAL, INC.                         580 GREEN ST,                         SAN FRANCISCO, CA  94133-3920","960 COLE ST                              SAN FRANCISCO, CA  94117-4316","21-482726","7","ABC ESCROW 2222 DAMON STREET  LOS ANGELES, CA  90021","24","3800","580 GREEN ST","SAN FRANCISCO","38","94133","960 COLE ST","SAN FRANCISCO","94117","CA"
"641273","PEND ACTIVE","41 | 0","05/09/2023","04/30/2024","DBA: LOUIES PIZZA KITCHEN                        LOUIE'S PIZZA KITCHEN, INC.                         60 COPPER COVE DR, STE E,                         COPPEROPOLIS, CA  95228","","41-616265","8","","29","0500","60 COPPER COVE DR, STE E","COPPEROPOLIS","05","95228","","","",""
"641324","PEND ACTIVE","75 | 0","05/09/2023","04/30/2024","DBA: SOCIALITE KRAFTHOUSE & KITCHEN THE                        EDGE RESTAURANT GROUP INC                         77 JEFFERSON ST,                         SAN FRANCISCO, CA  94133-1217","100 BRANNAN ST                              SAN FRANCISCO, CA  94107-6000","75-605354","7","","24","3800","77 JEFFERSON ST","SAN FRANCISCO","38","94133","100 BRANNAN ST","SAN FRANCISCO","94107","CA"
"641387","PEND ACTIVE","70 | 0","05/10/2023","04/30/2024","DBA: HAMPTON INN                        SAN JOSE BEVCO LLC                         5190 CHERRY AVE ,                         SAN JOSE, CA  95118-3707","300 CENTERVILLE RD, # 300E                              WARWICK, RI  02886","","","","25","4313","5190 CHERRY AVE","SAN JOSE","43","95118","300 CENTERVILLE RD, # 300E","WARWICK","02886","RI"
"641428","PEND ACTIVE","47 | 1","05/10/2023","04/30/2024","DBA: ZACATECAS CAFE                        ZACATECAS CAFE, INC                         3767 IOWA AVE,                         RIVERSIDE, CA  92507-4549","","","5","","7","3312","3767 IOWA AVE","RIVERSIDE","33","92507","","","",""
"641428","PEND ACTIVE","58 | 1","05/10/2023","04/30/2024","DBA: ZACATECAS CAFE                        ZACATECAS CAFE, INC                         3767 IOWA AVE,                         RIVERSIDE, CA  92507-4549","","","5","","7","3312","3767 IOWA AVE","RIVERSIDE","33","92507","","","",""
"641748","PEND ACTIVE","57 | 0","05/09/2023","04/30/2024","LIVINGROOM LA LLC                         837 N CAHUENGA BLVD,                         LOS ANGELES, CA  90038-3703","832 COLE AVE                              LOS ANGELES, CA  90038","47-566002","7","CALIFORNIA BUSINESS ESCROW 1748 MAIN ST ESCALON, CA  95320-1927","4","1933","837 N CAHUENGA BLVD","LOS ANGELES","19","90038","832 COLE AVE","LOS ANGELES","90038","CA"
"642101","PEND ACTIVE","21 | 0","05/10/2023","06/30/2024","DBA: CHEVRON                        CHEVRON STATIONS INC                         990 VETERANS BLVD,                         REDWOOD CITY, CA  94063-1715","PO BOX 6003                              SAN RAMON, CA  94583","","5","","25","4110","990 VETERANS BLVD","REDWOOD CITY","41","94063","PO BOX 6003","SAN RAMON","94583","CA"
"643119","PEND ACTIVE","21 | 0","05/10/2023","06/30/2024","DBA: LUCKYS 715                        LUCKY STORES (SAVE MART) LLC                          22555 MISSION BLVD,                         HAYWARD, CA  94541-5115","PO BOX 4664                              MODESTO, CA  95352-4664","21-449713","7","","22","0106","22555 MISSION BLVD","HAYWARD","01","94541","PO BOX 4664","MODESTO","95352","CA"
"643126","PEND ACTIVE","21 | 0","05/10/2023","06/30/2024","DBA: LUCKYS 716                        LUCKY STORES (SAVE MART) LLC                          25151 SANTA CLARA ST,                         HAYWARD, CA  94544-2109","PO BOX 4664                              MODESTO, CA  95352-4664","21-449705","7","","22","0106","25151 SANTA CLARA ST","HAYWARD","01","94544","PO BOX 4664","MODESTO","95352","CA"
"643173","PEND ACTIVE","21 | 0","05/10/2023","06/30/2024","DBA: LUCKYS 705                        LUCKY STORES (SAVE MART) LLC                          5190 CLAYTON RD,                         CONCORD, CA  94521-3102","PO BOX 4664                              MODESTO, CA  95352-4664","21-449702","7","","22","0703","5190 CLAYTON RD","CONCORD","07","94521","PO BOX 4664","MODESTO","95352","CA"
"643291","PEND ACTIVE","18 | 1","05/09/2023","08/31/2024","DBA: KNOBEL                         KNOBEL SPIRITS, LLC                          1224 EXPOSITION WAY, STE 110,                         SAN DIEGO, CA  92154-6660","907 WESTWOOD BLVD , STE 206                              LOS ANGELES, CA  90024","18-626961","","","10","3710","1224 EXPOSITION WAY, STE 110","SAN DIEGO","37","92154","907 WESTWOOD BLVD , STE 206","LOS ANGELES","90024","CA"
"643291","PEND ACTIVE","12 | 1","05/09/2023","08/31/2024","DBA: KNOBEL                         KNOBEL SPIRITS, LLC                          1224 EXPOSITION WAY, STE 110,                         SAN DIEGO, CA  92154-6660","907 WESTWOOD BLVD , STE 206                              LOS ANGELES, CA  90024","18-626961","","","10","3710","1224 EXPOSITION WAY, STE 110","SAN DIEGO","37","92154","907 WESTWOOD BLVD , STE 206","LOS ANGELES","90024","CA"
"643320","PEND ACTIVE","21 | 0","05/10/2023","06/30/2024","DBA: LUCKY CALIFORNIA 703                        LUCKY STORES (SAVE MART) LLC                          555 CARMEL RANCHO SHOPPING CTR,                         CARMEL, CA  93923-8708","PO BOX 4664                              MODESTO, CA  95352-4664","21-449737","","","26","2700","555 CARMEL RANCHO SHOPPING CTR","CARMEL","27","93923","PO BOX 4664","MODESTO","95352","CA"
"643322","PEND ACTIVE","21 | 0","05/10/2023","06/30/2024","DBA: LUCKYS 724                        LUCKY STORES (SAVE MART) LLC                          270 RESERVATION RD,                         MARINA, CA  93933-3178","PO BOX 4664                              MODESTO, CA  95352-4664","21-449739","","","26","2712","270 RESERVATION RD","MARINA","27","93933","PO BOX 4664","MODESTO","95352","CA"
"643568","PEND ACTIVE","41 | 0","05/09/2023","04/30/2024","DBA: CASA VILLA                        CASA VILLA LLC                         840 WILLOW ST, STE 400,                         SAN JOSE, CA  95125-2377","","41-617586","7","BUSINESS & ESCROW SERVICE CENTER 3031 TISCH WAY #301 SAN JOSE, CA  95218","25","4313","840 WILLOW ST, STE 400","SAN JOSE","43","95125","","","",""
"643756","PEND ACTIVE","47 | 0","05/09/2023","04/30/2024","DBA: RESTURANT & BAR BRISTOL                        YUGO YOKOHAMA CORP.                         688 BAKER ST, STE 9-10,                         COSTA MESA, CA  92626-4400","","47-248282","7","UNIVERSAL ESCROW, INC. 1025 W 190TH ST  STE 218 GARDENA, CA  90248","11","3004","688 BAKER ST, STE 9-10","COSTA MESA","30","92626","","","",""
"643931","REVPEN NREN","22 | 0","05/09/2023","06/30/2023","DBA: SCHEID FAMILY WINES                        SCHEID VINEYARDS CALIFORNIA INC                         600 AIRPORT DR, BLDG C,                         KING CITY, CA  93930","305 HILLTOWN RD                              SALINAS, CA  93908-8902","","","","26","2705","600 AIRPORT DR, BLDG C","KING CITY","27","93930","305 HILLTOWN RD","SALINAS","93908","CA"
"644132","PEND ACTIVE","41 | 0","05/09/2023","04/30/2024","DBA: ROUND TABLE PIZZA 1105                        ASPIRE HOSPITALITY GROUP LLC                          29910 MURRIETA HOT SPRINGS RD, STE S,                         MURRIETA, CA  92563-3816","10235 INDEPENDENCE AVE , #3                              CHATSWORTH, CA  91311-3067","41-610959","","ADVANTAGE ONE ESCROW 19671 BEACH BLVD STE 103 HUNTINGTON BEACH, CA  92648","7","3300","29910 MURRIETA HOT SPRINGS RD, STE S","MURRIETA","33","92563","10235 INDEPENDENCE AVE , #3","CHATSWORTH","91311","CA"
"644140","PEND ACTIVE","41 | 0","05/09/2023","04/30/2024","DBA: ROUND TABLE PIZZA 433                        ASPIRE HOSPITALITY GROUP LLC                          7732 LIMONITE AVE,                         JURUPA VALLEY, CA  92509-5314","10235 INDEPENDENCE AVE , #3                              CHATSWORTH, CA  91311-3067","41-528154","","ADVANTAGE ONE ESCROW 19671 BEACH BLVD STE 103 HUNTINGTON BEACH, CA  92648","7","3329","7732 LIMONITE AVE","JURUPA VALLEY","33","92509","10235 INDEPENDENCE AVE , #3","CHATSWORTH","91311","CA"
"644201","PEND ACTIVE","47 | 2","05/10/2023","04/30/2024","DBA: HOTEL OCEANA SANTA MONICA                        OCBSM OWNER, LLC                         849 OCEAN AVE,                         SANTA MONICA, CA  90403","11766 WILSHIRE BLVD, STE 1500                              LOS ANGELES, CA  90025","47-545006","7","CALIFORNIA BUSINESS ESCROW INC 1748 MAIN ST ESCALON, CA  95320-1927","3","1953","849 OCEAN AVE","SANTA MONICA","19","90403","11766 WILSHIRE BLVD, STE 1500","LOS ANGELES","90025","CA"
"644201","PEND ACTIVE","66 | 2","05/10/2023","04/30/2024","DBA: HOTEL OCEANA SANTA MONICA                        OCBSM OWNER, LLC                         849 OCEAN AVE,                         SANTA MONICA, CA  90403","11766 WILSHIRE BLVD, STE 1500                              LOS ANGELES, CA  90025","47-545006","7","CALIFORNIA BUSINESS ESCROW INC 1748 MAIN ST ESCALON, CA  95320-1927","3","1953","849 OCEAN AVE","SANTA MONICA","19","90403","11766 WILSHIRE BLVD, STE 1500","LOS ANGELES","90025","CA"
"644201","PEND ACTIVE","68 | 2","05/10/2023","04/30/2024","DBA: HOTEL OCEANA SANTA MONICA                        OCBSM OWNER, LLC                         849 OCEAN AVE,                         SANTA MONICA, CA  90403","11766 WILSHIRE BLVD, STE 1500                              LOS ANGELES, CA  90025","47-545006","7","CALIFORNIA BUSINESS ESCROW INC 1748 MAIN ST ESCALON, CA  95320-1927","3","1953","849 OCEAN AVE","SANTA MONICA","19","90403","11766 WILSHIRE BLVD, STE 1500","LOS ANGELES","90025","CA"
"644222","PEND ACTIVE","17 | 0","05/10/2023","04/30/2024","DBA: PINK MOMENT VINYARDS                        PINK MOMENT, LLC                         2259 MCNELL RD,                         OJAI, CA  93023-9339","804 COUNTRY CLUB RD                              OJAI, CA  93023","","7","","12","5602","2259 MCNELL RD","OJAI","56","93023","804 COUNTRY CLUB RD","OJAI","93023","CA"
"644222","PEND ACTIVE","20 | 0","05/10/2023","04/30/2024","DBA: PINK MOMENT VINYARDS                        PINK MOMENT, LLC                         2259 MCNELL RD,                         OJAI, CA  93023-9339","804 COUNTRY CLUB RD                              OJAI, CA  93023","","7,I","","12","5602","2259 MCNELL RD","OJAI","56","93023","804 COUNTRY CLUB RD","OJAI","93023","CA"
"644301","PEND ACTIVE","41 | 0","05/09/2023","04/30/2024","DBA: JAVI'S EMPANADAS LLC                        JAVI'S EMPANADAS LLC                         2300 BROADWAY,                         OAKLAND, CA  94612-2480","","","","","22","0109","2300 BROADWAY","OAKLAND","01","94612","","","",""
"644689","PEND ACTIVE","42 | 0","05/09/2023","04/30/2024","DBA: SCARLET FOX                        KM2 WINES LLC                         1690 HAYES ST,                         SAN FRANCISCO, CA  94117-1327","268 BUSH ST, #3914                              SAN FRANCISCO, CA  94104-3503","","7","","24","3800","1690 HAYES ST","SAN FRANCISCO","38","94117","268 BUSH ST, #3914","SAN FRANCISCO","94104","CA"
"644742","PEND ACTIVE","20 | 0","05/09/2023","04/30/2024","DBA: MEXICO MEAT MARKET                        FAMILIA LOPEZ                         1130 E MONTE VISTA AVE, STE A,                         VACAVILLE, CA  95688-3081","","20-428836","7","","22","4806","1130 E MONTE VISTA AVE, STE A","VACAVILLE","48","95688","","","",""
"644873","PEND ACTIVE","47 | 0","05/10/2023","04/30/2024","DBA: MONTY'S SPORTS & GRILL                        ALRABADI, MUNTASER JERIES                         22884 COPPER HILL DR,                         SANTA CLARITA, CA  91350-3982","16328 FAIRBANKS CT                              SANTA CLARITA, CA  91350","47-340859","","CALIFORNIA BUSINESS ESCROW  1748 MAIN ST  ESCALON, CA  95320","5","1985","22884 COPPER HILL DR","SANTA CLARITA","19","91350","16328 FAIRBANKS CT","SANTA CLARITA","91350","CA"
"645090","PEND ACTIVE","20 | 0","05/09/2023","04/30/2024","DBA: SNG #115                        SHOP N GO INC                         794 W SHAW AVE,                         CLOVIS, CA  93612-3216","405 N PALM AVE                              FRESNO, CA  93701-1440","20-613193","","","21","1001","794 W SHAW AVE","CLOVIS","10","93612","405 N PALM AVE","FRESNO","93701","CA"
"645093","PEND ACTIVE","20 | 0","05/09/2023","04/30/2024","DBA: SNG #108                        SHOP N GO INC                         2585 S EAST AVE,                         FRESNO, CA  93706","405 N PALM AVE                              FRESNO, CA  93701-1440","20-193635","","","21","1005","2585 S EAST AVE","FRESNO","10","93706","405 N PALM AVE","FRESNO","93701","CA"
"645096","PEND ACTIVE","20 | 0","05/09/2023","04/30/2024","DBA: SNG #105                        SHOP N GO INC                         46378 W PANOCHE RD,                         FIREBAUGH, CA  93622-9719","405 N PALM AVE                              FRESNO, CA  93701-1440","20-602025/ 20-653016","","","21","1000","46378 W PANOCHE RD","FIREBAUGH","10","93622","405 N PALM AVE","FRESNO","93701","CA"
"645098","PEND ACTIVE","20 | 0","05/09/2023","04/30/2024","DBA: SNG #107                        SHOP N GO INC                         46370 W PANOCHE RD,                         FIREBAUGH, CA  93622-9719","405 N PALM AVE                              FRESNO, CA  93701-1440","20-602017","","","21","1000","46370 W PANOCHE RD","FIREBAUGH","10","93622","405 N PALM AVE","FRESNO","93701","CA"
"645253","PEND ACTIVE","20 | 0","05/09/2023","04/30/2024","DBA: NILAND GAS                        SHAHRAZAD INC                         8004 HWY 111,                         NILAND, CA  92257","660 SANDRA LN                              EL CAJON, CA  92019-1257","20-576420","","ALLISON MCCLOSKEY ESCROW COMPANY 4820 EL CAJON BLVD SAN DIEGO, CA  92115-4695","8","1300","8004 HWY 111","NILAND","13","92257","660 SANDRA LN","EL CAJON","92019","CA"
"645270","PEND ACTIVE","20 | 0","05/09/2023","04/30/2024","DBA: RETRO JUNCTION                        RETRO JUNCTION MART INC                         7010 N CEDAR AVE, STE 101,                         FRESNO, CA  93720-3300","","20-625433","","LENNAR TITLE 7555 N PALM AVENUE SUITE 210 FRESNO, CA  93711","21","1005","7010 N CEDAR AVE, STE 101","FRESNO","10","93720","","","",""
"645290","PEND ACTIVE","41 | 0","05/09/2023","04/30/2024","DBA: TAQUERIA RUIZ                        RUIZ DE ALVAREZ, SANDRA                         131 SUNSET AVE, STE I,                         SUISUN CITY, CA  94585-2064","","","","","22","4805","131 SUNSET AVE, STE I","SUISUN CITY","48","94585","","","",""
"645292","PEND ACTIVE","20 | 0","05/09/2023","04/30/2024","DBA: G&M #136                        G & M OIL CO LLC                         2761 CABRILLO AVE,                         TORRANCE, CA  90501-4628","16868 A LN                              HUNTINGTON BEACH, CA  92647-4831","20-583442","7","SUPREME ESCROW INC 3701 WILSHIRE BLVD STE 535 LOS ANGELES, CA  90010","3","1958","2761 CABRILLO AVE","TORRANCE","19","90501","16868 A LN","HUNTINGTON BEACH","92647","CA"
"645340","PEND ACTIVE","21 | 0","05/10/2023","04/30/2024","DBA: RANCHO MARKET & LIQUOR                        SOMO INC                         2970 IMPERIAL AVE,                         SAN DIEGO, CA  92102-4126","455 HART DR, #3                              SAN DIEGO, CA  92102","21-614538","7","ALISON MCLOSKEY ESCROW 4820 EL CAJON BLVD SAN DIEGO, CA  92115-4695","10","3710","2970 IMPERIAL AVE","SAN DIEGO","37","92102","455 HART DR, #3","SAN DIEGO","92102","CA"
"645407","PEND ACTIVE","41 | 1","05/09/2023","04/30/2024","DBA: STUDIO DINER                        STUDIO DINER SD, LP                         4701 RUFFIN RD,                         SAN DIEGO, CA  92123","3371 ECOCHEE AVE                              SAN DIEGO, CA  92117-4512","41-377839","7","HERITAGE ESCROW 2550 5TH AVE STE 800 SAN DIEGO, CA  92103","10","3710","4701 RUFFIN RD","SAN DIEGO","37","92123","3371 ECOCHEE AVE","SAN DIEGO","92117","CA"
"645407","PEND ACTIVE","77 | 1","05/09/2023","04/30/2024","DBA: STUDIO DINER                        STUDIO DINER SD, LP                         4701 RUFFIN RD,                         SAN DIEGO, CA  92123","3371 ECOCHEE AVE                              SAN DIEGO, CA  92117-4512","41-377839","7","HERITAGE ESCROW 2550 5TH AVE STE 800 SAN DIEGO, CA  92103","10","3710","4701 RUFFIN RD","SAN DIEGO","37","92123","3371 ECOCHEE AVE","SAN DIEGO","92117","CA"
"645533","PEND ACTIVE","51 | 0","05/09/2023","04/30/2024","R RANCH IN THE SEQUOIAS OWNERS ASSOCIATION                         301 STONE ST,                         JOHNSONDALE, CA  93238","HC1 BOX 104                              KERNVILLE, CA  93238","","","","21","5400","301 STONE ST","JOHNSONDALE","54","93238","HC1 BOX 104","KERNVILLE","93238","CA"
"645537","PEND ACTIVE","41 | 0","05/09/2023","04/30/2024","DBA: MUDAI ETHIOPIAN RESTAURANT                        ALEMU, ADDIS TEGEGNE                         503 W SAN CARLOS ST,                         SAN JOSE, CA  95126-3649","","","7","","25","4313","503 W SAN CARLOS ST","SAN JOSE","43","95126","","","",""
"645635","PEND ACTIVE","47 | 0","05/09/2023","04/30/2024","DBA: ARTHUR MAC'S LITTLE SNACK                        TAP & SNACK, LLC                         5614 BAY ST, STE 238,                         EMERYVILLE, CA  94608-2410","644 40TH ST , #110                              OAKLAND, CA  94609","47-637122","7","","22","0104","5614 BAY ST, STE 238","EMERYVILLE","01","94608","644 40TH ST , #110","OAKLAND","94609","CA"
"645688","PEND ACTIVE","41 | 0","05/09/2023","04/30/2024","DBA: MJ'S DOWNTOWN CAFE                        HAMBAR INVESTMENTS INC.                         655 1ST ST,                         BRENTWOOD, CA  94513-1322","50 LETTY LN                              BRENTWOOD, CA  94513","","","","22","0702","655 1ST ST","BRENTWOOD","07","94513","50 LETTY LN","BRENTWOOD","94513","CA"
"645783","PEND ACTIVE","41 | 0","05/10/2023","04/30/2024","DBA: LA MOJARA MEXICAN GRILL                        ORTEGA, BRENDA CELENE                         1361 I ST,                         REEDLEY, CA  93654-3317","145 E SHIMIZU AVE                              REEDLEY, CA  93654","","7","","21","1012","1361 I ST","REEDLEY","10","93654","145 E SHIMIZU AVE","REEDLEY","93654","CA"
"645865","PEND ACTIVE","02 | 0","05/09/2023","06/30/2024","DBA: WINDCHASER WINES                        GIFFORD FAMILY WINE CO, LLC                         1352 S 49TH ST,                         RICHMOND, CA  94804-4618","2200 JUNIPERBERRY DR                              SAN RAFAEL, CA  94903","02-579543","","","22","0709","1352 S 49TH ST","RICHMOND","07","94804","2200 JUNIPERBERRY DR","SAN RAFAEL","94903","CA"
"645875","PEND ACTIVE","41 | 0","05/09/2023","04/30/2024","DBA: MAGPIE AND THE TIGER                        BIG PANDA INC                         2725 EL CAMINO REAL, STE 107,                         SANTA CLARA, CA  95051-3000","1470 CALABAZAS BLVD                              SANTA CLARA, CA  95051","","7","","25","4314","2725 EL CAMINO REAL, STE 107","SANTA CLARA","43","95051","1470 CALABAZAS BLVD","SANTA CLARA","95051","CA"
"645919","PEND ACTIVE","20 | 0","05/09/2023","04/30/2024","DBA: FULL STOP MARKET                        PS2 GASOLINE INC                         1 BROADWAY CIR,                         KING CITY, CA  93930","601 BROADWAY ST                              KING CITY, CA  93930","20-278577","","OLD REPUBLIC TITLE 1000 BURNETT AVE STE 400 CONCORD, CA  94520-2088","26","2705","1 BROADWAY CIR","KING CITY","27","93930","601 BROADWAY ST","KING CITY","93930","CA"
"645952","PEND ACTIVE","40 | 0","05/09/2023","04/30/2024","DBA: OCTANE ROADHOUSE                        OCTANE INDUSTRIES LLC                         808 W AVENUE L,                         LANCASTER, CA  93534-7159","","40-602271","","","5","1980","808 W AVENUE L","LANCASTER","19","93534","","","",""
"646002","PEND ACTIVE","47 | 0","05/09/2023","04/30/2024","DBA: MARISCOS LA CEIBA                        VASQUEZ, CASIMIRA BARRIOS                         710 SAN BENITO ST, # B,                         HOLLISTER, CA  95023-9317","","47-610710","7","BUSINESS & ESCROW SERVICE CENTER 3031 TISCH WAY 310 SAN JOSE, CA  95128","26","3501","710 SAN BENITO ST, # B","HOLLISTER","35","95023","","","",""
"646030","PEND ACTIVE","21 | 0","05/10/2023","04/30/2024","DBA: 4 CORNERS MARKET                        FOUR CORNERS MARKET INC                         1077 N MAIN ST,                         ALTURAS, CA  96101","969 ESTUARY CIR                              RENO, NV  89506","21-400470","","OLD REPUBLIC TITLE 1000 BURNETT AVE STE 400 CONCORD, CA  94520-2088","31","2501","1077 N MAIN ST","ALTURAS","25","96101","969 ESTUARY CIR","RENO","89506","NV"
"646065","PEND ACTIVE","47 | 0","05/09/2023","04/30/2024","DBA: LOS CANTAROS TAQUERIA                        KSH FAMILY, INC                          336 GRAND AVE,                         OAKLAND, CA  94610-4826","","47-535364","5","LAW OFFICES OF JEE SOO KIM 11501 DUBLIN BLVD STE 319 DUBLIN, CA  94568","22","0109","336 GRAND AVE","OAKLAND","01","94610","","","",""
"646074","PEND ACTIVE","21 | 0","05/09/2023","04/30/2024","DBA: THIRST QUENCHER LIQUOR                        THIRST QUENCHER LIQUOR                         440 N GLENOAKS BLVD,                         BURBANK, CA  91502","","21-319762","","HANA ESCROW COMPANY, INC 3580 WILSHIRE BLVD STE 1170 LOS ANGELES, CA  90010","5","1910","440 N GLENOAKS BLVD","BURBANK","19","91502","","","",""
"646087","PEND ACTIVE","41 | 0","05/10/2023","04/30/2024","DBA: ALDO'S PIZZA                        GORDILS, DENNYCA ROSALIA                         600 S NORFOLK ST,                         SAN MATEO, CA  94401","","41-191344","","","25","4113","600 S NORFOLK ST","SAN MATEO","41","94401","","","",""
"646318","PEND ACTIVE","41 | 1","05/09/2023","04/30/2024","DBA: BLUE BARN                        BOUCAN CULINAIRE INC                         3400 CARSON CT, UNIT D,                         PLACERVILLE, CA  95667-5132","1677 DUDEN DR                              PLACERVILLE, CA  95677-6029","","7","","23","0900","3400 CARSON CT, UNIT D","PLACERVILLE","09","95667","1677 DUDEN DR","PLACERVILLE","95677","CA"
"646318","PEND ACTIVE","58 | 1","05/09/2023","04/30/2024","DBA: BLUE BARN                        BOUCAN CULINAIRE INC                         3400 CARSON CT, UNIT D,                         PLACERVILLE, CA  95667-5132","1677 DUDEN DR                              PLACERVILLE, CA  95677-6029","","7","","23","0900","3400 CARSON CT, UNIT D","PLACERVILLE","09","95667","1677 DUDEN DR","PLACERVILLE","95677","CA"
"646320","PEND ACTIVE","41 | 0","05/09/2023","04/30/2024","DBA: NA                        MARTINEZ CHAVEZ, RITA EMILIA                         10624 MERRITT ST,                         CASTROVILLE, CA  95012-3313","1318 MANZANO WY                              SALINAS, CA  93905","","","","26","2700","10624 MERRITT ST","CASTROVILLE","27","95012","1318 MANZANO WY","SALINAS","93905","CA"
"646420","PEND ACTIVE","41 | 0","05/09/2023","04/30/2024","DBA: THE NOODLE SHOP                        HUNAN MAO'S RESTAURANT INC                         164 W 25TH AVE,                         SAN MATEO, CA  94403-2208","","41-581551","","BUSINESS & ESCROW SERVICE CENTER 3031 TISCH WAY 310 SAN JOSE, CA  95128","25","4113","164 W 25TH AVE","SAN MATEO","41","94403","","","",""
"646492","PEND ACTIVE","41 | 0","05/09/2023","04/30/2024","DBA: TEN RAKU                        RM 4177W, LLC                         4177 W 3RD ST,                         LOS ANGELES, CA  90020-3577","440 S OCCIDENTAL BLVD, UNIT 403                              LOS ANGELES, CA  90057","41-579648","7","HANA ESCROW 3580 WILSHIRE BLVD STE 1170 LOS ANGELES, CA  90010","4","1933","4177 W 3RD ST","LOS ANGELES","19","90020","440 S OCCIDENTAL BLVD, UNIT 403","LOS ANGELES","90057","CA"
"646558","PEND ACTIVE","41 | 0","05/09/2023","04/30/2024","DBA: EASTSIDE DELI                        TRUCKEE RIVER RV INC.                         10068 HIRSCHDALE RD,                         TRUCKEE, CA  96161-4500","","","7","","23","2900","10068 HIRSCHDALE RD","TRUCKEE","29","96161","","","",""
"646575","PEND ACTIVE","41 | 0","05/09/2023","04/30/2024","DBA: DEUCES MARKET                        PENNINGTON PROVISIONS LLC                         1300 1STST, STE 222,                         NAPA, CA  94559-2950","","","","","27","2802","1300 1STST, STE 222","NAPA","28","94559","","","",""
"646619","PEND ACTIVE","41 | 0","05/10/2023","04/30/2024","DBA: EL MAGUEY TAQUERIA                        EL MAGUEY RESTAURANT INC                         1065 HOLLY ST, SPC B,                         SAN CARLOS, CA  94070-2521","","41-473840","","","25","4112","1065 HOLLY ST, SPC B","SAN CARLOS","41","94070","","","",""
"646629","PEND ACTIVE","20 | 0","05/09/2023","04/30/2024","DBA: SNAPPY FOOD                        NEES & GOLDEN INVESTMENT CORPORATION                         525 W NEES AVE,                         FRESNO, CA  93711-6275","","20-517287","","LENNAR TITLE, INC.  7555 N PALM AVENUE SUITE 210 FRESNO, CA  93711","21","1005","525 W NEES AVE","FRESNO","10","93711","","","",""
"646639","PEND ACTIVE","47 | 0","05/09/2023","06/30/2024","DBA: GORDITOS MEXICAN RESTAURANT                        ROMO, OTILIA BERUMEN                         1025 OLIVER RD,                         FAIRFIELD, CA  94534","","47-195136","","","22","4803","1025 OLIVER RD","FAIRFIELD","48","94534","","","",""
"646640","PEND ACTIVE","41 | 0","05/09/2023","04/30/2024","DBA: MARY'S PIZZA SHACK                        OLD WINERY RESTAURANT GROUP                         9010 BROOKS RD S,                         WINDSOR, CA  95492-7811","1406 OLD WINERY CT                              SONOMA, CA  95476","41-282401","","GREEN ESCROW SERVICE INC 2010 CROW CANYON PLACE STE 212 SAN RAMON, CA  94583","27","4909","9010 BROOKS RD S","WINDSOR","49","95492","1406 OLD WINERY CT","SONOMA","95476","CA"
"646645","PEND ACTIVE","47 | 0","05/09/2023","04/30/2024","DBA: BREAKFAST CLUB                        BREAKFAST CLUB MORGAN HILL LLC                         775 E DUNNE AVE,                         MORGAN HILL, CA  95037-4666","","47-595792","7","BUSINESS ESCROW SERVICE CENTER 3031 TISCH WAY STE 310 SAN JOSE, CA  95128","25","4310","775 E DUNNE AVE","MORGAN HILL","43","95037","","","",""
"646696","PEND ACTIVE","47 | 0","05/10/2023","04/30/2024","DBA: SAIGON ALLEY KITCHEN & BAR                        NOODLE BAR 2 INC.                         4630 NATOMAS BLVD, STE 150,                         SACRAMENTO, CA  95835-2508","7405 LAGUNA BLVD, STE 170                              ELK GROVE, CA  95758-5067","47-557638","7","ABC ESCROW 2222 DAMON STREET  LOS ANGELES, CA  90021","23","3405","4630 NATOMAS BLVD, STE 150","SACRAMENTO","34","95835","7405 LAGUNA BLVD, STE 170","ELK GROVE","95758","CA"
"646747","PEND ACTIVE","41 | 0","05/10/2023","04/30/2024","DBA: LA PALMERA RESTAURANTE                        LA PALMERA RESTAURANT'S CORP                         727 S ALVARADO ST,                         LOS ANGELES, CA  90057-4021","1858 W 11TH ST                              LOS ANGELES, CA  90006","","7","","4","1933","727 S ALVARADO ST","LOS ANGELES","19","90057","1858 W 11TH ST","LOS ANGELES","90006","CA"
"646768","PEND ACTIVE","21 | 0","05/09/2023","04/30/2024","DBA: GOOD RIDDANCE                        47RONIN LLC                         1709 LINCOLN BLVD,                         VENICE, CA  90291-3907","","21-569352","7","TOWER ESCROW INC 3400 W OLYMPIC BLD STE 201 LOS ANGELES, CA  90019","3","1933","1709 LINCOLN BLVD","VENICE","19","90291","","","",""
"646795","PEND ACTIVE","41 | 0","05/09/2023","04/30/2024","DBA: JARDIN AUTENTICA COCINA                        JARDIN OC INC                         331 N TUSTIN ST,                         ORANGE, CA  92867-7720","","41-565384","7","","11","3014","331 N TUSTIN ST","ORANGE","30","92867","","","",""
"646862","PEND ACTIVE","42 | 0","05/09/2023","04/30/2024","DBA: SIERRA BILLIARDS                        SIERRA BILLIARDS, INC.                         6460 N BLACKSTONE AVE, STE 114,                         FRESNO, CA  93710-3513","7316 N BABIGAN AVE                              FRESNO, CA  93722-3495","","","","21","1005","6460 N BLACKSTONE AVE, STE 114","FRESNO","10","93710","7316 N BABIGAN AVE","FRESNO","93722","CA"
"646869","PEND ACTIVE","20 | 0","05/09/2023","04/30/2024","DBA: THE QUARTER                         MORENO VALLEY FUEL GROUP INC.                         12970 DAY ST,                         MORENO VALLEY, CA  92553-7000","4300 EDISON AVE                              CHINO, CA  91710-5411","20-587264","","BREWER CONSULTING, INC 26023 JEFFERSON AVE # D MURRIETA, CA  92562-6984","7","3321","12970 DAY ST","MORENO VALLEY","33","92553","4300 EDISON AVE","CHINO","91710","CA"
"646899","PEND ACTIVE","23 | 0","05/10/2023","04/30/2024","DBA: FALL BREWING COMPANY                        BREWERY AT THE TOP OF THE MOUNTAIN LLC                         9550 DISTRIBUTION AVE,                         SAN DIEGO, CA  92121-2306","4542 30TH ST                              SAN DIEGO, CA  92116-4247","","7","","9","3710","9550 DISTRIBUTION AVE","SAN DIEGO","37","92121","4542 30TH ST","SAN DIEGO","92116","CA"
"646913","PEND ACTIVE","41 | 0","05/09/2023","04/30/2024","DBA: SIZZLER                        SIZZLER USA RESTAURANTS INC                         2121 W CALDWELL AVE,                         VISALIA, CA  93277","23352 MADERO RD, STE B                              MISSION VIEJO, CA  92691","41-351085","","","21","5406","2121 W CALDWELL AVE","VISALIA","54","93277","23352 MADERO RD, STE B","MISSION VIEJO","92691","CA"
"647108","PEND ACTIVE","02 | 0","05/10/2023","06/30/2024","L'AZIENDA D'AGOSTINI                         12557 STEINER RD,                         PLYMOUTH, CA  95669-9510","","","","","23","0300","12557 STEINER RD","PLYMOUTH","03","95669","","","",""
"647114","PEND ACTIVE","47 | 2","05/12/2023","04/30/2024","DBA: QUEEN MARY, THE                        AHTRST CONCESSIONS, LLC                         1126 QUEENS HWY,                         LONG BEACH, CA  90802-6331","5501 HEADQUARTERS DR, STE 300-W                              PLANO, TX  75024","","A","","3","1932","1126 QUEENS HWY","LONG BEACH","19","90802","5501 HEADQUARTERS DR, STE 300-W","PLANO","75024","TX"
"647114","PEND ACTIVE","47 | 2","05/12/2023","04/30/2024","DBA: QUEEN MARY, THE                        AHTRST CONCESSIONS, LLC                         1126 QUEENS HWY,                         LONG BEACH, CA  90802-6331","5501 HEADQUARTERS DR, STE 300-W                              PLANO, TX  75024","","A","","3","1932","1126 QUEENS HWY","LONG BEACH","19","90802","5501 HEADQUARTERS DR, STE 300-W","PLANO","75024","TX"
"647114","PEND ACTIVE","68 | 2","05/12/2023","04/30/2024","DBA: QUEEN MARY, THE                        AHTRST CONCESSIONS, LLC                         1126 QUEENS HWY,                         LONG BEACH, CA  90802-6331","5501 HEADQUARTERS DR, STE 300-W                              PLANO, TX  75024","","A","","3","1932","1126 QUEENS HWY","LONG BEACH","19","90802","5501 HEADQUARTERS DR, STE 300-W","PLANO","75024","TX"
"647114","PEND ACTIVE","58 | 2","05/12/2023","04/30/2024","DBA: QUEEN MARY, THE                        AHTRST CONCESSIONS, LLC                         1126 QUEENS HWY,                         LONG BEACH, CA  90802-6331","5501 HEADQUARTERS DR, STE 300-W                              PLANO, TX  75024","","A","","3","1932","1126 QUEENS HWY","LONG BEACH","19","90802","5501 HEADQUARTERS DR, STE 300-W","PLANO","75024","TX"
"647117","PEND ACTIVE","41 | 0","05/09/2023","04/30/2024","DBA: PLATFORM 909                        JKIMS INC                         15870 SOQUEL CANYON PKWY, STE M,                         CHINO HILLS, CA  91709","4334 WILD GINGER CIR                              YORBA LINDA, CA  92886-8403","41-622698","","CENTRAL ESCROW GROUP INC  1675 HANOVER RD  CITY OF INDUSTRY, CA  91748","7","3623","15870 SOQUEL CANYON PKWY, STE M","CHINO HILLS","36","91709","4334 WILD GINGER CIR","YORBA LINDA","92886","CA"
"647154","PEND ACTIVE","41 | 0","05/09/2023","04/30/2024","DBA: SUSHI ADACHI                        ORENO INC.                         668 BARBER LN,                         MILPITAS, CA  95035-7923","","","","","25","4308","668 BARBER LN","MILPITAS","43","95035","","","",""
"647190","PEND ACTIVE","41 | 0","05/09/2023","04/30/2024","DBA: LOS PACOS                        SIDHUBRAR INC                         5872 PACHECO BLVD,                         PACHECO, CA  94553-5614","","","","","22","0700","5872 PACHECO BLVD","PACHECO","07","94553","","","",""
"647470","PEND ACTIVE","82 | 0","05/10/2023","04/30/2024","DBA: HANSON VINEYARDS                        HANSON VINEYARDS, LLC                         34948 S BARLOW RD ,                         WOODBRUN, OR  97071","","","","","75","9999","34948 S BARLOW RD","WOODBRUN","","97071","","","",""
"647701","PEND ACTIVE","41 | 0","05/10/2023","04/30/2024","DBA: TITOS PIZZA BISTRO BREWS                        INFINITE ABUNDANCE, LLC                         2520 S AZUSA AVE,                         WEST COVINA, CA  91792-1642","7974 MATILIJA AVE                              PANORAMA CITY, CA  91402-6138","","7","","2","1960","2520 S AZUSA AVE","WEST COVINA","19","91792","7974 MATILIJA AVE","PANORAMA CITY","91402","CA"
"647898","PEND ACTIVE","79 | 0","05/10/2023","06/30/2024","DBA: BUMGARNER WINERY @ MIDTOWN CERTIFIED FARMER'S MARKET                        BRIAN KENT INC                         20TH STREET, FROM J ST TO L ST,                         SACRAMENTO, CA  95811","PO BOX 332                              CAMINO, CA  95709","","","","23","3405","20TH STREET, FROM J ST TO L ST","SACRAMENTO","34","95811","PO BOX 332","CAMINO","95709","CA"
"648119","PEND ACTIVE","84 | 0","05/09/2023","04/30/2024","DBA: DYING BREED BREWING @ TURLOCK CERTIFIED FARMERS MARKET                        DYING BREED BREWING LLC                         MAIN STREET, BETWEEN CENTER AND PALM,                         TURLOCK, CA  95380","963 SHEPARD CT , STE B                              OAKDALE, CA  95361","","","","29","5007","MAIN STREET, BETWEEN CENTER AND PALM","TURLOCK","50","95380","963 SHEPARD CT , STE B","OAKDALE","95361","CA"
"648222","PEND WITHDRAWN","47 | 0","","","DBA: CASL KBBQ                        SHINSEDAE RESTAURANT GROUP                         3030 HARBOR BLVD, STE H-3,                         COSTA MESA, CA  92626-2562","","529009","","INNOVATIVE ESCROW 28212 KELLY JOHNSON PKWY STE 110 VALENCIA, CA  91355","11","3004","3030 HARBOR BLVD, STE H-3","COSTA MESA","30","92626","","","",""
"648239","PEND ACTIVE","79 | 0","05/10/2023","06/30/2024","DBA: MAILBU FARMERS MARKET CFM                        HOYT FAMILY VINEYARDS LLC                         23555 CIVIC CENTER WY,                         MALIBU, CA  90265","4400 ENCINAL CANYON RD                              MALIBU, CA  90265","","","","5","1988","23555 CIVIC CENTER WY","MALIBU","19","90265","4400 ENCINAL CANYON RD","MALIBU","90265","CA"
"648244","PEND ACTIVE","26 | 0","05/09/2023","06/30/2024","DBA: IMPACT BREWS                        DSWDWK LLC                         4831 SPRING GROVE AVENUE,                         CINCINNATI, OH  45232","","","","","75","9999","4831 SPRING GROVE AVENUE","CINCINNATI","","45232","","","",""
"648275","REVPEN AUTREV","26 | 0","05/10/2023","06/30/2023","KANSAS CITY BIER COMPANY LLC                         310 W 79TH ST,                         KANSAS CITY, MO  64114","","","","","75","9999","310 W 79TH ST","KANSAS CITY","","64114","","","",""
"648323","PEND WITHDRAWN","20 | 0","","","DBA: SAN FRANCISCO NATURALS                        ELGENDY & SORYAL GROUP                         447 E CHANNEL RD,                         BENICIA, CA  94510-1137","","","","","22","4801","447 E CHANNEL RD","BENICIA","48","94510","","","",""
"648331","PEND WITHDRAWN","82 | 0","","","DBA: SCHAAD CELLARS                        SCHAAD FAMILY WINES LLC                         1065 NE ALPINE AVE,                         MCMINNVILLE, OR  97128","2511 NW BAKER ST                              MCMINNVILLE, OR  97128","","","","75","9999","1065 NE ALPINE AVE","MCMINNVILLE","","97128","2511 NW BAKER ST","MCMINNVILLE","97128","OR"
"648332","PEND WITHDRAWN","20 | 0","","","VENTURE GAS PARTNERS, INC                          11181 WASHINGTON BLVD,                         CULVER CITY, CA  90232-3918","110 E LONGDEN AVE , STE A                              IRWINDALE, CA  91706","614350","","DYNASTY ESCROW CORPORATION 205 S CHAPEL AVE STE D ALHAMBRA, CA  91801","4","1914","11181 WASHINGTON BLVD","CULVER CITY","19","90232","110 E LONGDEN AVE , STE A","IRWINDALE","91706","CA"
"648333","ISSUED PENDING","41 | 0","","","DBA: ROLL EM UP TAQUITOS                        JSR RESTAURANT GROUP LLC                         5001 CANDLEWOOD ST,                         LAKEWOOD, CA  90712-1835","1448 SUNNYCREST DR                              FULLERTON, CA  92835","","7","","3","1929","5001 CANDLEWOOD ST","LAKEWOOD","19","90712","1448 SUNNYCREST DR","FULLERTON","92835","CA"
"648336","PEND WITHDRAWN","21 | 0","","","DBA: GREEN MILL LIQUOR                        HAKIMEH LIQUOR, INC                         3812 WHITTIER BLVD,                         LOS ANGELES, CA  90023-2402","12615 PIONEER BLVD                              NORWALK, CA  90650-2845","509541","","DETAIL ESCROW INC 13737 ARTESIA BLVD  STE 105 CERRITOS, CA  90703","2","1900","3812 WHITTIER BLVD","LOS ANGELES","19","90023","12615 PIONEER BLVD","NORWALK","90650","CA"