"License Number","Status Changed From/To","Type| Dup","Original Issue Date","Expir. Date","Primary Owner and Premises Addr.","Mailing Addr.","Transfer-From/To","Conditions","Escrow","District Code","Geo Code","Prem Street","City","County","Zip Code","Mailing Street","Mailing City","Mailing Zip Code","Mailing State"
"155821","ACTIVE SUREND","51 | 0","07/27/1984","01/31/2024","DBA: KELSEYVILLE LIONS CLUB                        KELSEYVILLE LIONS CLUB                         4335 SYLAR LN,                         KELSEYVILLE, CA  95451","PO BOX 405                              KELSEYVILLE, CA  95451","","","","27","1700","4335 SYLAR LN","KELSEYVILLE","17","95451","PO BOX 405","KELSEYVILLE","95451","CA"
"175330","SUREND CANCEL","20 | 0","08/16/1985","10/31/2023","DBA: BOYETT PETROLEUM                        STAN BOYETT & SON INC                         4537 BROADWAY,                         SALIDA, CA  95368","601 MCHENRY AVE                              MODESTO, CA  95350-5411","","","","29","5000","4537 BROADWAY","SALIDA","50","95368","601 MCHENRY AVE","MODESTO","95350","CA"
"262469","AUTREV ACTIVE","60 | 0","08/12/1991","12/31/2023","DBA: BURGER BARN                        MCCOY, CHERYL A                         2 MAIN ST,                         BRIDGEPORT, CA  93517","PO BOX 338                              BRIDGEPORT, CA  93517","","","","6","2600","2 MAIN ST","BRIDGEPORT","26","93517","PO BOX 338","BRIDGEPORT","93517","CA"
"262469","AUTREV ACTIVE","60 | 0","08/12/1991","12/31/2023","DBA: BURGER BARN                        MCCOY, CHERYL A                         2 MAIN ST,                         BRIDGEPORT, CA  93517","PO BOX 338                              BRIDGEPORT, CA  93517","","","","6","2600","2 MAIN ST","BRIDGEPORT","26","93517","PO BOX 338","BRIDGEPORT","93517","CA"
"313627","ACTIVE CANCEL","41 | 0","12/26/1995","11/30/2023","DBA: ORCHARD HILL CORPORATION                        STRAUBE, DARRELL R                         2502 WASHINGTON ST,                         JULIAN, CA  92036","PO BOX 2410                              JULIAN, CA  92036","","7","","9","3700","2502 WASHINGTON ST","JULIAN","37","92036","PO BOX 2410","JULIAN","92036","CA"
"327288","REVPEN CANCEL","54 | 0","06/07/1999","05/31/2024","DBA: CHANNEL CAT CHARTERS                         OCEAN CHANNEL ADVENTURES INC                         SANTA BARBARA BREAKWATER MARINA 4A ENDTIE,                         SANTA BARBARA, CA  93101","133 HARBOR WAY                              SANTA BARBARA, CA  93109","","7","","12","4203","SANTA BARBARA BREAKWATER MARINA 4A ENDTIE","SANTA BARBARA","42","93101","133 HARBOR WAY","SANTA BARBARA","93109","CA"
"327288","REVPEN CANCEL","54 | 0","06/07/1999","05/31/2024","DBA: CHANNEL CAT CHARTERS                         OCEAN CHANNEL ADVENTURES INC                         SANTA BARBARA BREAKWATER MARINA 4A ENDTIE,                         SANTA BARBARA, CA  93101","133 HARBOR WAY                              SANTA BARBARA, CA  93109","","7","","12","4203","SANTA BARBARA BREAKWATER MARINA 4A ENDTIE","SANTA BARBARA","42","93101","133 HARBOR WAY","SANTA BARBARA","93109","CA"
"348577","PEND CANCEL","41 | 0","03/19/1999","02/29/2024","DBA: TIM & DENISES PIZZA FACTORY                        HAMBLET, DENISE LAVON                         133 S 6TH ST,                         FOWLER, CA  93625","PO BOX 178                              FOWLER, CA  93625","41-313491/ 41-645974","","","21","1004","133 S 6TH ST","FOWLER","10","93625","PO BOX 178","FOWLER","93625","CA"
"349137","REVPEN ACTIVE","41 | 0","05/20/1999","04/30/2024","DBA: JAY BHARAT LODGING LLC                        JAY BHARAT LODGING INC                         3236 MAIN ST,                         MAMMOTH LAKES, CA  93546","3228 MAIN ST, PO BOX 390                              MAMMOTH LAKES, CA  93546","","","","6","2601","3236 MAIN ST","MAMMOTH LAKES","26","93546","3228 MAIN ST, PO BOX 390","MAMMOTH LAKES","93546","CA"
"349137","REVPEN ACTIVE","41 | 0","05/20/1999","04/30/2024","DBA: JAY BHARAT LODGING LLC                        JAY BHARAT LODGING INC                         3236 MAIN ST,                         MAMMOTH LAKES, CA  93546","3228 MAIN ST, PO BOX 390                              MAMMOTH LAKES, CA  93546","","","","6","2601","3236 MAIN ST","MAMMOTH LAKES","26","93546","3228 MAIN ST, PO BOX 390","MAMMOTH LAKES","93546","CA"
"432448","SUREND CANCEL","21 | 0","12/13/2005","11/30/2023","DBA: GRAND CENTRAL LIQUOR                        KIM, SOO HWAN                         317 S BROADWAY STALLS, 1 & 1A,                         LOS ANGELES, CA  90013","1662 WELLINGTON RD                              LOS ANGELES, CA  90019","21-371126/ 21-646951","","","4","1933","317 S BROADWAY STALLS, 1 & 1A","LOS ANGELES","19","90013","1662 WELLINGTON RD","LOS ANGELES","90019","CA"
"455094","ACTIVE CANCEL","20 | 0","08/08/2007","07/31/2024","DBA: BOYETT PETROLEUM                        STAN BOYETT & SON INC                         4931 MCHENRY AVE,                         MODESTO, CA  95356","601 MCHENRY AVE                              MODESTO, CA  95350-5411","20-346090/ 20-648418","","","29","5000","4931 MCHENRY AVE","MODESTO","50","95356","601 MCHENRY AVE","MODESTO","95350","CA"
"455152","ACTIVE CANCEL","21 | 0","08/14/2007","07/31/2024","DBA: BOYETT PETROLEUM                        STAN BOYETT & SON INC                         1297 HIGHWAY 4,                         ARNOLD, CA  95223","601 MCHENRY AVE                              MODESTO, CA  95350-5411","21-210592/ 21-648416","","","29","0500","1297 HIGHWAY 4","ARNOLD","05","95223","601 MCHENRY AVE","MODESTO","95350","CA"
"465378","ACTIVE CANCEL","60 | 0","08/27/2008","12/31/2023","DBA: JONES STORE                        VERNON E BLACK FAMILY TRUST                         BEASORE RD W/S & BEASORE MEADOWS, 14 MILES N/E BASS LAKE,                         BASS LAKE, CA  93604","34681 ROAD 274                              NORTH FORK, CA  93643","60-248074/ 60-649146","","","21","2000","BEASORE RD W/S & BEASORE MEADOWS, 14 MILES N/E BASS LAKE","BASS LAKE","20","93604","34681 ROAD 274","NORTH FORK","93643","CA"
"472509","ACTIVE CANCEL","47 | 0","08/17/2009","07/31/2024","DBA: ROMANOS MACARONI GRILL                        MAC ACQUISITION LLC                         2655 VISTA WAY,                         OCEANSIDE, CA  92054-6342","1855 BLAKE ST, STE 200                              DENVER, CO  80202-1288","47-392654/ 47-638454","7","","9","3709","2655 VISTA WAY","OCEANSIDE","37","92054","1855 BLAKE ST, STE 200","DENVER","80202","CO"
"479828","ACTIVE CANCEL","17 | 1","09/03/2009","08/31/2024","DBA: CREST BEVERAGE                        CREST BEVERAGE LLC                         8870 LIQUID CT,                         SAN DIEGO, CA  92121-2234","5901 BOLSA AVE                              HUNTINGTON BEACH, CA  92647-2053","17-466623","","","9","3710","8870 LIQUID CT","SAN DIEGO","37","92121","5901 BOLSA AVE","HUNTINGTON BEACH","92647","CA"
"479828","ACTIVE CANCEL","18 | 1","06/01/2011","05/31/2024","DBA: CREST BEVERAGE                        CREST BEVERAGE LLC                         8870 LIQUID CT,                         SAN DIEGO, CA  92121-2234","5901 BOLSA AVE                              HUNTINGTON BEACH, CA  92647-2053","","","","9","3710","8870 LIQUID CT","SAN DIEGO","37","92121","5901 BOLSA AVE","HUNTINGTON BEACH","92647","CA"
"479828","ACTIVE CANCEL","09 | 1","09/03/2009","08/31/2024","DBA: CREST BEVERAGE                        CREST BEVERAGE LLC                         8870 LIQUID CT,                         SAN DIEGO, CA  92121-2234","5901 BOLSA AVE                              HUNTINGTON BEACH, CA  92647-2053","17-466623","","","9","3710","8870 LIQUID CT","SAN DIEGO","37","92121","5901 BOLSA AVE","HUNTINGTON BEACH","92647","CA"
"479828","ACTIVE CANCEL","12 | 1","06/01/2011","05/31/2024","DBA: CREST BEVERAGE                        CREST BEVERAGE LLC                         8870 LIQUID CT,                         SAN DIEGO, CA  92121-2234","5901 BOLSA AVE                              HUNTINGTON BEACH, CA  92647-2053","","","","9","3710","8870 LIQUID CT","SAN DIEGO","37","92121","5901 BOLSA AVE","HUNTINGTON BEACH","92647","CA"
"486181","SUREND CANCEL","47 | 0","05/05/2010","04/30/2024","DBA: BANKERS HILL BAR & RESTAURANT                        MARKET CAFE + BAR INC                         2202 4TH AVE,                         SAN DIEGO, CA  92101","","47-430558/ 47-640454","7","","10","3710","2202 4TH AVE","SAN DIEGO","37","92101","","","",""
"487213","ACTIVE CANCEL","21 | 0","12/30/2013","11/30/2023","DBA: MONSON MARKET                        SHUAIBI, MADREM MOHAMED                         38845 MONSON DR,                         DINUBA, CA  93618-8805","","","5","","21","5400","38845 MONSON DR","DINUBA","54","93618","","","",""
"508622","REVPEN ACTIVE","41 | 0","05/23/2011","04/30/2024","DBA: A PIZZA PLACE                        MAMMOTH SLICES, INC                         26 OLD MAMMOTH RD STE L1,                         MAMMOTH LAKES, CA  93546","PO BOX 4093                              MAMMOTH LAKES, CA  93546","","7","","6","2601","26 OLD MAMMOTH RD STE L1","MAMMOTH LAKES","26","93546","PO BOX 4093","MAMMOTH LAKES","93546","CA"
"508622","REVPEN ACTIVE","41 | 0","05/23/2011","04/30/2024","DBA: A PIZZA PLACE                        MAMMOTH SLICES, INC                         26 OLD MAMMOTH RD STE L1,                         MAMMOTH LAKES, CA  93546","PO BOX 4093                              MAMMOTH LAKES, CA  93546","","7","","6","2601","26 OLD MAMMOTH RD STE L1","MAMMOTH LAKES","26","93546","PO BOX 4093","MAMMOTH LAKES","93546","CA"
"509149","ACTIVE CANCEL","57 | 1","07/05/2011","06/30/2024","DBA: GENTLEMEN OF BAKERSFIELD LLC THE                        GENTLEMEN OF BAKERSFIELD, LLC THE                         1420 17TH PL,                         BAKERSFIELD, CA  93301-5208","3200 BUCK OWENS BLVD, STE 200                              BAKERSFIELD, CA  93308-6376","48-294632/ 57-627361","7","TICOR TITLE COMPANY 10000  STOCKDALE HWY STE 101 BAKERSFIELD, CA  93311","6","1501","1420 17TH PL","BAKERSFIELD","15","93301","3200 BUCK OWENS BLVD, STE 200","BAKERSFIELD","93308","CA"
"509149","ACTIVE CANCEL","77 | 1","07/05/2011","06/30/2024","DBA: GENTLEMEN OF BAKERSFIELD LLC THE                        GENTLEMEN OF BAKERSFIELD, LLC THE                         1420 17TH PL,                         BAKERSFIELD, CA  93301-5208","3200 BUCK OWENS BLVD, STE 200                              BAKERSFIELD, CA  93308-6376","48-294632/ 57-627361","7","TICOR TITLE COMPANY 10000  STOCKDALE HWY STE 101 BAKERSFIELD, CA  93311","6","1501","1420 17TH PL","BAKERSFIELD","15","93301","3200 BUCK OWENS BLVD, STE 200","BAKERSFIELD","93308","CA"
"512449","ACTIVE CANCEL","20 | 0","08/17/2011","07/31/2024","DBA: BOYETT PETROLEUM #34                        STAN BOYETT & SON INC                         2201 PATTERSON RD,                         RIVERBANK, CA  95367","601 MCHENRY AVE                              MODESTO, CA  95350-5411","20-349587/ 20-648396","","CALIFORNIA BUSINESS ESCROW INC 1748 MAIN ST ESCALON, CA  95320-1927","29","5006","2201 PATTERSON RD","RIVERBANK","50","95367","601 MCHENRY AVE","MODESTO","95350","CA"
"523089","SUREND CANCEL","58 | 1","11/07/2012","10/31/2023","DBA: CAFE CORNER BISTRO INC                        CAFE CORNER BISTRO INC                         6720 SAN FERNANDO RD,                         GLENDALE, CA  91201-1705","","","7","","5","1921","6720 SAN FERNANDO RD","GLENDALE","19","91201","","","",""
"523089","SUREND CANCEL","41 | 1","11/07/2012","10/31/2023","DBA: CAFE CORNER BISTRO INC                        CAFE CORNER BISTRO INC                         6720 SAN FERNANDO RD,                         GLENDALE, CA  91201-1705","","","7","","5","1921","6720 SAN FERNANDO RD","GLENDALE","19","91201","","","",""
"532311","ACTIVE CANCEL","48 | 0","10/17/2013","03/31/2024","DBA: WHISKEY BARREL SALOON                        FIDLER, RICHARD SCOTT                         2816 CALLOWAY DR , #101,                         BAKERSFIELD, CA  93311","","48-463218/ 48-645987","","FIDELITY NATIONAL TITLE COMPANY 8525 MADISON AVE # 110 FAIR OAKS, CA  95628-3854","6","1501","2816 CALLOWAY DR , #101","BAKERSFIELD","15","93311","","","",""
"533669","ACTIVE CANCEL","20 | 0","07/08/2013","08/31/2023","DBA: BOYETT PETROLEUM                        STAN BOYETT & SON INC                         2954 E WHITMORE AVE,                         CERES, CA  95307","601 MCHENRY AVE                              MODESTO, CA  95350-5411","20-437699/ 20-648409","","","29","5001","2954 E WHITMORE AVE","CERES","50","95307","601 MCHENRY AVE","MODESTO","95350","CA"
"533678","ACTIVE CANCEL","21 | 0","07/09/2013","04/30/2024","DBA: BOYETT PETROLEUM                        STAN BOYETT & SON INC                         4000 E BRIGGSMORE AVE,                         MODESTO, CA  95356","601 MCHENRY AVE                              MODESTO, CA  95350-5411","21-396789/ 21-648436","7","","29","5002","4000 E BRIGGSMORE AVE","MODESTO","50","95356","601 MCHENRY AVE","MODESTO","95350","CA"
"536348","ACTIVE CANCEL","41 | 0","10/16/2013","09/30/2024","DBA: LAS BRASAS MEXICAN RESTAURANT                        RAMOS, ROSA ELENA                         1529 COLUSA HWY, STE 1,                         YUBA CITY, CA  95993-9451","5809 GRIFFITH AVE                              MARYSVILLE, CA  95901","41-530033/ 41-645042","","NORTH STATE TITLE COMPANY 855 HARTER PKWY STE 150 YUBA CITY, CA  95993","23","5102","1529 COLUSA HWY, STE 1","YUBA CITY","51","95993","5809 GRIFFITH AVE","MARYSVILLE","95901","CA"
"546011","AUTREV ACTIVE","17 | 0","09/16/2014","08/31/2023","DBA: KIEU HOANG WINERY                        KIEU HOANG WINERY, LLC                         1285 DEALY LN,                         NAPA, CA  94559-9706","","","7","","27","2800","1285 DEALY LN","NAPA","28","94559","","","",""
"546011","AUTREV ACTIVE","17 | 0","09/16/2014","08/31/2023","DBA: KIEU HOANG WINERY                        KIEU HOANG WINERY, LLC                         1285 DEALY LN,                         NAPA, CA  94559-9706","","","7","","27","2800","1285 DEALY LN","NAPA","28","94559","","","",""
"546011","AUTREV ACTIVE","20 | 0","09/16/2014","08/31/2023","DBA: KIEU HOANG WINERY                        KIEU HOANG WINERY, LLC                         1285 DEALY LN,                         NAPA, CA  94559-9706","","","7,I","","27","2800","1285 DEALY LN","NAPA","28","94559","","","",""
"546011","AUTREV ACTIVE","20 | 0","09/16/2014","08/31/2023","DBA: KIEU HOANG WINERY                        KIEU HOANG WINERY, LLC                         1285 DEALY LN,                         NAPA, CA  94559-9706","","","7,I","","27","2800","1285 DEALY LN","NAPA","28","94559","","","",""
"549172","ACTIVE CANCEL","21 | 0","07/03/2015","06/30/2024","DBA: OAK KNOLL MARKET                        BUDHWANI, BARKAT ALI                         12455 POWAY RD, STES A & B,                         POWAY, CA  92064-4320","12455 POWAY RD, STE A                              POWAY, CA  92064","","5,7","","9","3716","12455 POWAY RD, STES A & B","POWAY","37","92064","12455 POWAY RD, STE A","POWAY","92064","CA"
"552712","SUREND CANCEL","20 | 0","04/22/2016","06/30/2024","DBA: 99¢ ONLY STORE #57                        99 CENTS ONLY STORES LLC                         3220 CENTURY BLVD, 100-101,                         INGLEWOOD, CA  90303","4000 E UNION PACIFIC AVE                              CITY OF COMMERCE, CA  90023-3202","20-326174/ 20-648831","7","","3","1927","3220 CENTURY BLVD, 100-101","INGLEWOOD","19","90303","4000 E UNION PACIFIC AVE","CITY OF COMMERCE","90023","CA"
"561325","ACTIVE CANCEL","47 | 2","11/05/2015","10/31/2023","DBA: BOOTLEGGERS                        RUIZ ENRIQUEZ, ARTURO                         955 OAK ST,                         BAKERSFIELD, CA  93304-1067","","","","","6","1501","955 OAK ST","BAKERSFIELD","15","93304","","","",""
"561325","ACTIVE CANCEL","58 | 2","11/05/2015","10/31/2023","DBA: BOOTLEGGERS                        RUIZ ENRIQUEZ, ARTURO                         955 OAK ST,                         BAKERSFIELD, CA  93304-1067","","","","","6","1501","955 OAK ST","BAKERSFIELD","15","93304","","","",""
"561325","ACTIVE CANCEL","77 | 2","11/05/2015","10/31/2023","DBA: BOOTLEGGERS                        RUIZ ENRIQUEZ, ARTURO                         955 OAK ST,                         BAKERSFIELD, CA  93304-1067","","","","","6","1501","955 OAK ST","BAKERSFIELD","15","93304","","","",""
"561866","SUREND CANCEL","70 | 1","03/23/2016","02/29/2024","DBA: LA JOLLA COVE SUITES                        PACIFICA FOOD AND BEVERAGE INC                         1155 COAST BLVD,                         LA JOLLA, CA  92037","39 ARGONAUT                              ALISO VIEJO, CA  92656-4152","","7","","10","3710","1155 COAST BLVD","LA JOLLA","37","92037","39 ARGONAUT","ALISO VIEJO","92656","CA"
"561866","SUREND CANCEL","68 | 1","03/23/2016","02/29/2024","DBA: LA JOLLA COVE SUITES                        PACIFICA FOOD AND BEVERAGE INC                         1155 COAST BLVD,                         LA JOLLA, CA  92037","39 ARGONAUT                              ALISO VIEJO, CA  92656-4152","","7","","10","3710","1155 COAST BLVD","LA JOLLA","37","92037","39 ARGONAUT","ALISO VIEJO","92656","CA"
"565603","ACTIVE CANCEL","41 | 0","02/08/2016","01/31/2024","DBA: CARNICERIA DON CHAVA                        MOJICA, BELEN MILDRE                         451 LAKEVILLE ST,                         PETALUMA, CA  94952-3132","","41-411961/ 41-645250","7","","27","4903","451 LAKEVILLE ST","PETALUMA","49","94952","","","",""
"570328","ACTIVE CANCEL","47 | 1","08/01/2016","07/31/2024","DBA: TS TAVERN & SPORTS GRILL                        GTR HOLDINGS LLC                         11882 DE PALMA RD, STE 2M,                         CORONA, CA  92883-4008","","47-537138/ 47-649576","7","ALL BROKERS ESCROW 2924 W MAGNOLIA BLVD BURBANK, CA  91505","7","3300","11882 DE PALMA RD, STE 2M","CORONA","33","92883","","","",""
"570328","ACTIVE CANCEL","77 | 1","08/01/2016","07/31/2024","DBA: TS TAVERN & SPORTS GRILL                        GTR HOLDINGS LLC                         11882 DE PALMA RD, STE 2M,                         CORONA, CA  92883-4008","","47-537138/ 47-649576","7","ALL BROKERS ESCROW 2924 W MAGNOLIA BLVD BURBANK, CA  91505","7","3300","11882 DE PALMA RD, STE 2M","CORONA","33","92883","","","",""
"571920","ACTIVE CANCEL","47 | 1","09/22/2016","08/31/2023","DBA: MILLER'S REST                        MILLER'S REST LLC                         1083-1085 SUTTER ST,                         SAN FRANCISCO, CA  94109","653 RAYMOND AVE                              SANTA MONICA, CA  90405","47-435420/ 47-648578","","FIDELITY NATIONAL TITLE COMPANY 1929 MARKET ST SAN FRANCISCO, CA  94114","24","3800","1083-1085 SUTTER ST","SAN FRANCISCO","38","94109","653 RAYMOND AVE","SANTA MONICA","90405","CA"
"571920","ACTIVE CANCEL","58 | 1","09/22/2016","08/31/2023","DBA: MILLER'S REST                        MILLER'S REST LLC                         1083-1085 SUTTER ST,                         SAN FRANCISCO, CA  94109","653 RAYMOND AVE                              SANTA MONICA, CA  90405","47-435420/ 47-648578","","FIDELITY NATIONAL TITLE COMPANY 1929 MARKET ST SAN FRANCISCO, CA  94114","24","3800","1083-1085 SUTTER ST","SAN FRANCISCO","38","94109","653 RAYMOND AVE","SANTA MONICA","90405","CA"
"574521","ACTIVE CANCEL","47 | 0","08/07/2018","12/31/2023","DBA: CLARA CARLSBAD                        MLA VENTURES, LLC                         300 CARLSBAD VILLAGE DR, STE 213,                         CARLSBAD, CA  92008-2991","","47-559945/ 47-648135","2,7","ABC ESCROW 2222 DAMON STREET  LOS ANGELES, CA  90021","9","3701","300 CARLSBAD VILLAGE DR, STE 213","CARLSBAD","37","92008","","","",""
"581508","ACTIVE SUREND","47 | 2","07/27/2017","06/30/2024","DBA: LOS PRIMOZ                        ITURBIDEROJAS, SAMUEL                         2425 NORTHGATE BLVD,                         SACRAMENTO, CA  95833-2502","","47-557749","7","","23","3405","2425 NORTHGATE BLVD","SACRAMENTO","34","95833","","","",""
"581508","ACTIVE SUREND","58 | 2","07/27/2017","06/30/2024","DBA: LOS PRIMOZ                        ITURBIDEROJAS, SAMUEL                         2425 NORTHGATE BLVD,                         SACRAMENTO, CA  95833-2502","","47-557749","7","","23","3405","2425 NORTHGATE BLVD","SACRAMENTO","34","95833","","","",""
"581508","ACTIVE SUREND","77 | 2","07/27/2017","06/30/2024","DBA: LOS PRIMOZ                        ITURBIDEROJAS, SAMUEL                         2425 NORTHGATE BLVD,                         SACRAMENTO, CA  95833-2502","","47-557749","7","","23","3405","2425 NORTHGATE BLVD","SACRAMENTO","34","95833","","","",""
"590617","ACTIVE CANCEL","21 | 0","05/04/2018","04/30/2024","DBA: TRINITY LAKE KOA                        KAMPING BEVERAGES CA, LLC                         60260 STATE HWY 3,                         TRINITY CENTER, CA  96091","1186 SAN ANDREAS RD                              WATSONVILLE, CA  95076","21-439212/ 21-649721","7","","31","5300","60260 STATE HWY 3","TRINITY CENTER","53","96091","1186 SAN ANDREAS RD","WATSONVILLE","95076","CA"
"595110","ACTIVE CANCEL","20 | 0","06/16/2021","05/31/2024","DBA: CRUISERS                        STAN BOYETT & SON INC                         950 OAKDALE RD,                         MODESTO, CA  95355","601 MCHENRY AVE                              MODESTO, CA  95350-5411","20-571752/ 20-648361","7","CALIFORNIA BUSINESS ESCROW INC 1748 MAIN ST ESCALON, CA  95320-1927","29","5002","950 OAKDALE RD","MODESTO","50","95355","601 MCHENRY AVE","MODESTO","95350","CA"
"599590","ACTIVE CANCEL","47 | 2","06/27/2019","05/31/2024","DBA: TABLETOP TAP HOUSE                        GWE SAN FRANCISCO LLC                         175 4TH ST, STE 1070,                         SAN FRANCISCO, CA  94103-3003","","47-515787/ 47-648763","7","EXWORKS CAPITAL 333 W WACKER DR 16TH FLR CHICAGO, IL  60606","24","3800","175 4TH ST, STE 1070","SAN FRANCISCO","38","94103","","","",""
"599590","ACTIVE CANCEL","58 | 2","06/27/2019","05/31/2024","DBA: TABLETOP TAP HOUSE                        GWE SAN FRANCISCO LLC                         175 4TH ST, STE 1070,                         SAN FRANCISCO, CA  94103-3003","","47-515787/ 47-648763","7","EXWORKS CAPITAL 333 W WACKER DR 16TH FLR CHICAGO, IL  60606","24","3800","175 4TH ST, STE 1070","SAN FRANCISCO","38","94103","","","",""
"599590","ACTIVE CANCEL","77 | 2","06/27/2019","05/31/2024","DBA: TABLETOP TAP HOUSE                        GWE SAN FRANCISCO LLC                         175 4TH ST, STE 1070,                         SAN FRANCISCO, CA  94103-3003","","47-515787/ 47-648763","7","EXWORKS CAPITAL 333 W WACKER DR 16TH FLR CHICAGO, IL  60606","24","3800","175 4TH ST, STE 1070","SAN FRANCISCO","38","94103","","","",""
"599590","ACTIVE CANCEL","47 | 2","06/27/2019","05/31/2024","DBA: TABLETOP TAP HOUSE                        GWE SAN FRANCISCO LLC                         175 4TH ST, STE 1070,                         SAN FRANCISCO, CA  94103-3003","","47-515787/ 47-648763","7","EXWORKS CAPITAL 333 W WACKER DR 16TH FLR CHICAGO, IL  60606","24","3800","175 4TH ST, STE 1070","SAN FRANCISCO","38","94103","","","",""
"601112","SUREND CANCEL","41 | 0","02/15/2019","01/31/2024","DBA: MARISCOS EL PICUDO                        AMADOR, ARMANDO                         1349 E TULARE AVE,                         TULARE, CA  93274-3066","1817 CABRILLO AVE                              TULARE, CA  93274-8546","","","","21","5405","1349 E TULARE AVE","TULARE","54","93274","1817 CABRILLO AVE","TULARE","93274","CA"
"601808","SUSPEN ACTIVE","58 | 1","03/07/2019","02/29/2024","DBA: SOLANOS BAR & GRILL                        AMYS APPLE  LLC                          37029 COOK ST, STE 101,                         PALM DESERT, CA  92211-2968","","47-500633","","LIBERTY ESCROW INC 200 N SUNRISE WAY STE A PALM SPRINGS, CA  92262","8","3318","37029 COOK ST, STE 101","PALM DESERT","33","92211","","","",""
"601808","SUSPEN ACTIVE","58 | 1","03/07/2019","02/29/2024","DBA: SOLANOS BAR & GRILL                        AMYS APPLE  LLC                          37029 COOK ST, STE 101,                         PALM DESERT, CA  92211-2968","","47-500633","","LIBERTY ESCROW INC 200 N SUNRISE WAY STE A PALM SPRINGS, CA  92262","8","3318","37029 COOK ST, STE 101","PALM DESERT","33","92211","","","",""
"601808","SUSPEN ACTIVE","47 | 1","03/07/2019","02/29/2024","DBA: SOLANOS BAR & GRILL                        AMYS APPLE  LLC                          37029 COOK ST, STE 101,                         PALM DESERT, CA  92211-2968","","47-500633","","LIBERTY ESCROW INC 200 N SUNRISE WAY STE A PALM SPRINGS, CA  92262","8","3318","37029 COOK ST, STE 101","PALM DESERT","33","92211","","","",""
"601808","SUSPEN ACTIVE","47 | 1","03/07/2019","02/29/2024","DBA: SOLANOS BAR & GRILL                        AMYS APPLE  LLC                          37029 COOK ST, STE 101,                         PALM DESERT, CA  92211-2968","","47-500633","","LIBERTY ESCROW INC 200 N SUNRISE WAY STE A PALM SPRINGS, CA  92262","8","3318","37029 COOK ST, STE 101","PALM DESERT","33","92211","","","",""
"614664","PEND ACTIVE","21 | 0","08/18/2023","07/31/2024","DBA: DEEP CREEK COUNTRY MARKET                         DEEP CREEK STATION, INC                         8986 DEEP CREEK RD ,                         APPLE VALLEY, CA  92307","13601 APPLE VALLEY RD                              APPLE VALLEY, CA  92308-6189","21-157747","7","ABC ESCROW COMPANY 2222 DAMON STREET LOS ANGELES, CA  90021","7","3600","8986 DEEP CREEK RD","APPLE VALLEY","36","92307","13601 APPLE VALLEY RD","APPLE VALLEY","92308","CA"
"621189","ACTIVE CANCEL","58 | 1","01/26/2021","12/31/2023","DBA: LAS PLAYAS                        VILLEGAS, JORGE ARMANDO                         1498 S K ST,                         TULARE, CA  93274-6429","","47-516008/ 47-649928","7","","21","5405","1498 S K ST","TULARE","54","93274","","","",""
"621189","ACTIVE CANCEL","47 | 1","01/26/2021","12/31/2023","DBA: LAS PLAYAS                        VILLEGAS, JORGE ARMANDO                         1498 S K ST,                         TULARE, CA  93274-6429","","47-516008/ 47-649928","7","","21","5405","1498 S K ST","TULARE","54","93274","","","",""
"622933","PEND ACTIVE","02 | 0","08/18/2023","06/30/2024","DBA: GHOST OF AUTUMN WINE                        GHOST OF AUTUMN WINE COMPANY LLC THE                         2260 FIRST ST,                         NAPA, CA  94559-2241","1732 JEFFERSON ST, STE 1                              NAPA, CA  94559-1737","","7","","27","2802","2260 FIRST ST","NAPA","28","94559","1732 JEFFERSON ST, STE 1","NAPA","94559","CA"
"623215","ACTIVE CANCEL","21 | 0","03/22/2021","02/29/2024","DBA: SKYWOOD TRADING POST                        MNAS ENTERPRISES LLC                         17287 SKYLINE BLVD,                         WOODSIDE, CA  94062","","21-62559/ 21-648259","","BAY AREA ESCROW 2817 CROW CANYON RD STE 102 SAN RAMON, CA  94583","25","4115","17287 SKYLINE BLVD","WOODSIDE","41","94062","","","",""
"624876","PEND ACTIVE","66 | 1","08/17/2023","07/31/2024","DBA: CAPRI HOTEL                        SHELTER OJAI LLC                          1180 E. OJAI AVE ,                         OJAI, CA  93023-3013","","","7","","12","5602","1180 E. OJAI AVE","OJAI","56","93023","","","",""
"624876","PEND ACTIVE","70 | 1","08/17/2023","07/31/2024","DBA: CAPRI HOTEL                        SHELTER OJAI LLC                          1180 E. OJAI AVE ,                         OJAI, CA  93023-3013","","","7","","12","5602","1180 E. OJAI AVE","OJAI","56","93023","","","",""
"625656","PEND DENIED","41 | 0","","","DBA: GREEN TRUCK                        GREEN TRUCK, INC                         9040 LINDBLADE ST,                         CULVER CITY, CA  90232-2513","","","7","","4","1914","9040 LINDBLADE ST","CULVER CITY","19","90232","","","",""
"627361","PEND ACTIVE","77 | 2","08/17/2023","06/30/2024","DBA: GENTLEMAN PRIVATE CLUB THE                        GENTLEMEN OF BAKERSFIELD, LLC THE                         1101 18TH ST,                         BAKERSFIELD, CA  93301-4614","PO BOX 343                              BAKERSFIELD, CA  93306","57-509149","","NONE","6","1501","1101 18TH ST","BAKERSFIELD","15","93301","PO BOX 343","BAKERSFIELD","93306","CA"
"627361","PEND ACTIVE","57 | 2","08/17/2023","06/30/2024","DBA: GENTLEMAN PRIVATE CLUB THE                        GENTLEMEN OF BAKERSFIELD, LLC THE                         1101 18TH ST,                         BAKERSFIELD, CA  93301-4614","PO BOX 343                              BAKERSFIELD, CA  93306","57-509149","","NONE","6","1501","1101 18TH ST","BAKERSFIELD","15","93301","PO BOX 343","BAKERSFIELD","93306","CA"
"627361","PEND ACTIVE","58 | 2","08/17/2023","06/30/2024","DBA: GENTLEMAN PRIVATE CLUB THE                        GENTLEMEN OF BAKERSFIELD, LLC THE                         1101 18TH ST,                         BAKERSFIELD, CA  93301-4614","PO BOX 343                              BAKERSFIELD, CA  93306","57-509149","","NONE","6","1501","1101 18TH ST","BAKERSFIELD","15","93301","PO BOX 343","BAKERSFIELD","93306","CA"
"632490","PEND WITHDRAWN","41 | 0","","","DBA: JODO SAKE BAR                        JODO SAKE BAR LLC                         2126 W. TEMPLE ST.,                         LOS ANGELES, CA  90026-4916","2122 W TEMPLE ST                              LOS ANGELES, CA  90026-4916","","","","4","1933","2126 W. TEMPLE ST.","LOS ANGELES","19","90026","2122 W TEMPLE ST","LOS ANGELES","90026","CA"
"634637","PEND ACTIVE","21 | 0","08/18/2023","07/31/2024","DBA: SOLANO MARKET                        SOLANO MARKET NAPA LLC                          2877 SOLANO AVE,                         NAPA, CA  94558-4633","206 SORRENTO LN                               AMERICAN CANYON, CA  94503-3173","21-63130","","OLD REPUBLIC TITLE 1000 BURNETT AVE STE 400 CONCORD, CA  94520-2088","27","2802","2877 SOLANO AVE","NAPA","28","94558","206 SORRENTO LN","AMERICAN CANYON","94503","CA"
"635045","ACTIVE SUREND","47 | 0","08/22/2022","07/31/2024","DBA: RED LANTERN, THE                        SN MAMMOTH CONCESSIONS, L.L.C.                          248 OLD MAMMOTH RD,                         MAMMOTH LAKES, CA  93546","16000 VENTURA BLVD, STE 1010                              ENCINO, CA  91436","47-504129","7","CALIFORNIA BUSINESS ESCROW 1748 MAIN ST ESCALON, CA  95320-1927","6","2601","248 OLD MAMMOTH RD","MAMMOTH LAKES","26","93546","16000 VENTURA BLVD, STE 1010","ENCINO","91436","CA"
"635045","ACTIVE SUREND","47 | 0","08/22/2022","07/31/2024","DBA: RED LANTERN, THE                        SN MAMMOTH CONCESSIONS, L.L.C.                          248 OLD MAMMOTH RD,                         MAMMOTH LAKES, CA  93546","16000 VENTURA BLVD, STE 1010                              ENCINO, CA  91436","47-504129","7","CALIFORNIA BUSINESS ESCROW 1748 MAIN ST ESCALON, CA  95320-1927","6","2601","248 OLD MAMMOTH RD","MAMMOTH LAKES","26","93546","16000 VENTURA BLVD, STE 1010","ENCINO","91436","CA"
"635946","PEND WITHDRAWN","41 | 0","","","DBA: THE SIREN'S SONG TAVERN                        BALLAMBANGJANG LLC                         325 2ND ST, STE 101,                         EUREKA, CA  95501-0499","","618666","7","BUSINESS & ESCROW SERVICE CENTER INC 3031 TISCH WAY STE 310 SAN JOSE, CA  95128","28","1203","325 2ND ST, STE 101","EUREKA","12","95501","","","",""
"636037","PEND WITHDRAWN","41 | 0","","","DBA: URBAN KITCHEN                        KENSINGTON GRILL INC                         1122 MORENA BLVD,                         SAN DIEGO, CA  92110-3834","421 GRAPE ST                              SAN DIEGO, CA  92101","","7","","10","3710","1122 MORENA BLVD","SAN DIEGO","37","92110","421 GRAPE ST","SAN DIEGO","92101","CA"
"636926","PEND ACTIVE","54 | 0","08/17/2023","07/31/2024","DBA: CHANNEL CAT                        CHANNEL CAT CHARTERS, INC.                         SANTA BARBARA BREAKWATER MARINA 4A ENDTIE,                         SANTA BARBARA, CA  93101","133 HARBOR WAY                              SANTA BARBARA, CA  93109","54-327288","7","","12","4203","SANTA BARBARA BREAKWATER MARINA 4A ENDTIE","SANTA BARBARA","42","93101","133 HARBOR WAY","SANTA BARBARA","93109","CA"
"637019","ACTIVE CANCEL","21 | 0","07/08/2022","06/30/2024","DBA: DEEPS LIQUOR                        SUBEDI, ANIL                         6326 LINCOLN AVE, STE K,                         CYPRESS, CA  90630-5811","","21-614476/ 21-648946","7","DETAIL ESCROW, NC. 13737 ARTESIA BLVD  #105 CERRITOS, CA  90703","11","3005","6326 LINCOLN AVE, STE K","CYPRESS","30","90630","","","",""
"638309","PEND ACTIVE","21 | 0","08/18/2023","11/30/2023","DBA: KING'S LIQUOR                        CALIFORNIA PARK MARKET, INC.                         3010 FLORAL AVE , STE 155,                         CHICO, CA  95928","820 BRUCE RD                              CHICO, CA  95928","21-611605","7","NONE","31","0402","3010 FLORAL AVE , STE 155","CHICO","04","95928","820 BRUCE RD","CHICO","95928","CA"
"638454","PEND ACTIVE","47 | 0","08/17/2023","07/31/2024","DBA: CORNER OFFICE                        CORNER OFFICE SAN DIEGO LLC                         9450 SCRANTON RD, STE 114 D & 116,                         SAN DIEGO, CA  92121-4741","","47-472509","7","ABC ESCROW 2222 DAMON STREET  LOS ANGELES, CA  90021","9","3710","9450 SCRANTON RD, STE 114 D & 116","SAN DIEGO","37","92121","","","",""
"638493","PEND WITHDRAWN","42 | 0","","","DBA: HONEST BOTTLE SHOP, THE                        HONEST BOTTLE SHOP, THE                         4511 EAGLE ROCK BLVD,                         LOS ANGELES, CA  90041-3214","","","","","4","1933","4511 EAGLE ROCK BLVD","LOS ANGELES","19","90041","","","",""
"638771","PEND WITHDRAWN","21 | 0","","","DBA: HAPPY'S LIQUOR                         UPTOWN LIQUOR INC.                          12810 PHILADELPHIA ST,                         WHITTIER, CA  90601-4117","","617457","","UNITY ESCROW 3600 WILSHIRE BLVD  #900 LOS ANGELES, CA  90010","2","1961","12810 PHILADELPHIA ST","WHITTIER","19","90601","","","",""
"639212","PEND ACTIVE","41 | 0","08/18/2023","07/31/2024","DBA: LA FROMAGERIE                        DYNAMO CHEESE INC                         2260 CHESTNUT ST,                         SAN FRANCISCO, CA  94123-2638","2425 3RD ST                              SAN FRANCISCO, CA  94107-3110","","7","","24","3800","2260 CHESTNUT ST","SAN FRANCISCO","38","94123","2425 3RD ST","SAN FRANCISCO","94107","CA"
"640424","PEND ACTIVE","41 | 0","08/17/2023","07/31/2024","DBA: CARMEN'S LA HACIENDA                        CARMENS LA HACIENDA 2 LLC                         5025 REDWOOD DR,                         ROHNERT PARK, CA  94928","5025 REDWOOD DR                              ROHNERT PARK, CA  94928","","7","","27","4907","5025 REDWOOD DR","ROHNERT PARK","49","94928","5025 REDWOOD DR","ROHNERT PARK","94928","CA"
"640454","R64B ACTIVE","47 | 0","08/17/2023","07/31/2024","DBA: GALPAO GAUCHO BRAZILIAN STEAKHOUSE                        GALPAO GAUCHO EIGHT LLC                         789 W HARBOR DR, STE C-1B,                         SAN DIEGO, CA  92101","1330 N BROADWAY, #212                              WALNUT CREEK, CA  94596","47-486181","7","ABC ESCROW 2222 DAMON STREET  LOS ANGELES, CA  90021","10","3710","789 W HARBOR DR, STE C-1B","SAN DIEGO","37","92101","1330 N BROADWAY, #212","WALNUT CREEK","94596","CA"
"640454","R64B ACTIVE","47 | 0","08/17/2023","07/31/2024","DBA: GALPAO GAUCHO BRAZILIAN STEAKHOUSE                        GALPAO GAUCHO EIGHT LLC                         789 W HARBOR DR, STE C-1B,                         SAN DIEGO, CA  92101","1330 N BROADWAY, #212                              WALNUT CREEK, CA  94596","47-486181","7","ABC ESCROW 2222 DAMON STREET  LOS ANGELES, CA  90021","10","3710","789 W HARBOR DR, STE C-1B","SAN DIEGO","37","92101","1330 N BROADWAY, #212","WALNUT CREEK","94596","CA"
"640562","PEND WITHDRAWN","42 | 0","","","DBA: HEADY BOYS LLC, THE                        HEADY BOYS LLC, THE                         228 RIVERSIDE AVE,                         ROSEVILLE, CA  95678-3146","409 13TH ST, STE B                              SACRAMENTO, CA  95614","","","","23","3105","228 RIVERSIDE AVE","ROSEVILLE","31","95678","409 13TH ST, STE B","SACRAMENTO","95614","CA"
"640610","PEND ACTIVE","47 | 0","08/17/2023","07/31/2024","DBA: DARK HORSE                        MISSION YOGURT INC                         3665 N HARBOR DR, STE 224,                         SAN DIEGO, CA  92101-1095","1333 W 120TH AVE , STE 207                              WESTMINSTER , CO  80234","","7,A","","10","3710","3665 N HARBOR DR, STE 224","SAN DIEGO","37","92101","1333 W 120TH AVE , STE 207","WESTMINSTER","80234","CO"
"640785","PEND ACTIVE","41 | 0","08/18/2023","07/31/2024","DBA: BAJA BAY SURF N TACO                        RICARDO AND CHRISTINA MAGANA LLC                         1567 SPINNAKER DR, STE 104,                         VENTURA, CA  93001-4373","","","7","","12","5606","1567 SPINNAKER DR, STE 104","VENTURA","56","93001","","","",""
"641476","PEND ACTIVE","21 | 0","08/18/2023","07/31/2024","DBA: NIHAAL FOOD CORPORATION                        NIHAAL FOOD CORPORATION                         2531 J ST,                         SACRAMENTO, CA  95816-4814","2531 J ST                              SACRAMENTO, CA  95816-4814","","5","","23","3405","2531 J ST","SACRAMENTO","34","95816","2531 J ST","SACRAMENTO","95816","CA"
"641483","PEND ACTIVE","21 | 0","08/18/2023","06/30/2024","DBA: 7 ELEVEN #32787                        7 ELEVEN INC                         2437 MAIN ST,                         OAKLEY, CA  94561-1864","PO BOX 139044, ATTN: LICENSING DEPARTMENT                              DALLAS, TX  75313-9044","","5","","22","0719","2437 MAIN ST","OAKLEY","07","94561","PO BOX 139044, ATTN: LICENSING DEPARTMENT","DALLAS","75313","TX"
"642583","PEND ACTIVE","21 | 0","08/18/2023","06/30/2024","DBA: GROCERY OUTLET                         GROCERY OUTLET INC                         72675 HIGHWAY 111, STE 101,                         PALM DESERT, CA  92260-3308","5650 HOLLIS ST                              EMERYVILLE, CA  94608-2597","21-230188","2","CALIFORNIA BUSINESS ESCROW 1748 MAIN STREET ESCALON, CA  95320","8","3318","72675 HIGHWAY 111, STE 101","PALM DESERT","33","92260","5650 HOLLIS ST","EMERYVILLE","94608","CA"
"642776","PEND WITHDRAWN","47 | 0","","","LOUD BURGER, LLC                          ,","176 ROSA CT                              COLTON, CA  92324","","","","7","","","","","","176 ROSA CT","COLTON","92324","CA"
"644433","PEND ACTIVE","41 | 0","08/18/2023","07/31/2024","DBA: EL ZARANDEADO SEA FOOD                        AVILA, MARIA C                         31952 CAMINO CAPISTRANO, STE B3,                         SAN JUAN CAPISTRANO, CA  92675-3229","31952 CAMINO CAPISTRANO, STE B3                              SAN JUAN CAPISTRANO, CA  92675-3229","41-562607","","ESCROW SPECTRUM INC THE 15615 ALTON PKWY STE 450 IRVINE, CA  92618-3308","11","3023","31952 CAMINO CAPISTRANO, STE B3","SAN JUAN CAPISTRANO","30","92675","31952 CAMINO CAPISTRANO, STE B3","SAN JUAN CAPISTRANO","92675","CA"
"644485","PEND ACTIVE","47 | 0","08/18/2023","07/31/2024","DBA: FIELD STATION JOSHUA TREE                        PHM BEV CO LLC                         7500 CAMINO DEL CIELO TRL,                         YUCCA VALLEY, CA  92284-2420","121 E MASON ST, STE B                              SANTA BARBARA, CA  93101-1852","47-467914","","CALIFORNIA BUSINESS ESCROW INC 1748 MAIN ST ESCALON, CA  95320-1927","8","3624","7500 CAMINO DEL CIELO TRL","YUCCA VALLEY","36","92284","121 E MASON ST, STE B","SANTA BARBARA","93101","CA"
"644871","PEND ACTIVE","41 | 0","08/18/2023","07/31/2024","DBA: MARISCOS EL RANCHITO                        JARAMILLO, ALEXANDER QUINTERO                         512 S STATE COLLEGE BLVD,                         ANAHEIM, CA  92806-4221","","41-619045","7","ABC ESCROW 222 DAMON ST LOS ANGELES, CA  90021","11","3001","512 S STATE COLLEGE BLVD","ANAHEIM","30","92806","","","",""
"645042","PEND ACTIVE","41 | 0","08/17/2023","09/30/2024","DBA: LAS BRASAS MEXICAN RESTAURANT                        VES 3, INC                         1529 COLUSA HWY, STE 1,                         YUBA CITY, CA  95993-9451","5809 GRIFFITH AVE                              MARYSVILLE, CA  95901","41-536348","8","","23","5102","1529 COLUSA HWY, STE 1","YUBA CITY","51","95993","5809 GRIFFITH AVE","MARYSVILLE","95901","CA"
"645231","PEND ACTIVE","51 | 0","08/18/2023","07/31/2024","SANTA BARBARA MUSEUM OF NATURAL HISTORY                         2559 PUESTA DEL SOL,                         SANTA BARBARA, CA  93105-2936","","","","","12","4203","2559 PUESTA DEL SOL","SANTA BARBARA","42","93105","","","",""
"645250","PEND ACTIVE","41 | 0","08/17/2023","07/31/2024","DBA: EL SABROSO MARKET                        EL SABROSO MARKET, INC.                         451 LAKEVILLE ST,                         PETALUMA, CA  94952-3132","71 MARIA DR                               PETALUMA, CA  94954","41-565603","7","","27","4903","451 LAKEVILLE ST","PETALUMA","49","94952","71 MARIA DR","PETALUMA","94954","CA"
"645299","PEND ACTIVE","41 | 0","08/17/2023","07/31/2024","DBA: NIKKI'S KITCHEN                        NIKKI'S KITCHEN, LLC                         5091 RICHFIELD RD, STE B,                         YORBA LINDA, CA  92886-3902","","","","","11","3025","5091 RICHFIELD RD, STE B","YORBA LINDA","30","92886","","","",""
"645368","PEND ACTIVE","41 | 0","08/17/2023","07/31/2024","DBA: MAMA ROSCOES PIZZERIA                        MAMA ROSCOE'S PIZZERIA, LLC                         444 N LAKEVIEW AVE,                         ANAHEIM, CA  92807-3029","","","","","11","3001","444 N LAKEVIEW AVE","ANAHEIM","30","92807","","","",""
"645479","PEND ACTIVE","41 | 0","08/17/2023","07/31/2024","DBA: TAHOE FULLER'S                        OPPOSITE TWINS LLC                          950 N LAKE BLVD, STE 102,                         TAHOE CITY, CA  96145","P O BOX 1813                              TAHOE CITY, CA  96145","","","","23","3100","950 N LAKE BLVD, STE 102","TAHOE CITY","31","96145","P O BOX 1813","TAHOE CITY","96145","CA"
"645613","PEND ACTIVE","02 | 0","08/17/2023","06/30/2024","DBA: NO LOVE LOST                        NO LOVE LOST INC.                         1300 MAIN ST, STE 960,                         NAPA, CA  94559-1905","34 RAMON ST                              SONOMA, CA  95476","","7","","27","2802","1300 MAIN ST, STE 960","NAPA","28","94559","34 RAMON ST","SONOMA","95476","CA"
"645806","ACTIVE CANCEL","20 | 0","04/11/2023","09/30/2024","DBA: JACK'S GAS #7                        MOHAMED, YAKOOB NAGIB S                         137 S VALENCIA BLVD,                         WOODLAKE, CA  93286-1711","1154 LECONTE AVE                              DINUBA, CA  93618-2578","20-584126/ 20-648216","","","21","5407","137 S VALENCIA BLVD","WOODLAKE","54","93286","1154 LECONTE AVE","DINUBA","93618","CA"
"645974","PEND ACTIVE","41 | 0","08/17/2023","07/31/2024","DBA: FOWLER PIZZA FACTORY                        HAMBLET, ASHLEY RAE                         133 S 6TH ST,                         FOWLER, CA  93625","","41-348577","","CAPITAL CITY ESCROW INC 3838 WATT AVE #F610 SACRAMENTO, CA  95821","21","1004","133 S 6TH ST","FOWLER","10","93625","","","",""
"645975","PEND ACTIVE","41 | 0","08/17/2023","07/31/2024","DBA: KOMAAJ                        KOMAAJ FOOD GROUP, LLC                         10 29TH ST,                         SAN FRANCISCO, CA  94110-4911","","","7","","24","3800","10 29TH ST","SAN FRANCISCO","38","94110","","","",""
"645987","PEND ACTIVE","48 | 0","08/17/2023","03/31/2024","FIDLER, RICHARD SCOTT                         9600 RETAIL DR #100-101,                         BAKERSFIELD, CA  93312-2653","","48-532311","7","","6","1501","9600 RETAIL DR #100-101","BAKERSFIELD","15","93312","","","",""
"646272","PEND ACTIVE","02 | 0","08/17/2023","06/30/2024","DBA: SAINT CHALANCE INC                        SAINT CHALANCE INC                         4132 LORRAINE RD,                         RANCHO PALOS VERDES, CA  90275-6523","","","","","3","1978","4132 LORRAINE RD","RANCHO PALOS VERDES","19","90275","","","",""
"646521","PEND WITHDRAWN","47 | 0","","","DBA: MRKT SPACE                        MRKT SPACE 104 LLC                         2765 FIFTH AVE, STE 10,                         SAN DIEGO, CA  92103-6318","782 N COAST HWY 101                              ENCINITAS, CA  92024-2045","600951","7","CALIFORNIA BUSINESS ESCROW INC 1748 MAIN STREET ESCALON, CA  95320","10","3710","2765 FIFTH AVE, STE 10","SAN DIEGO","37","92103","782 N COAST HWY 101","ENCINITAS","92024","CA"
"646777","PEND WITHDRAWN","20 | 0","","","DBA: KINGS MARKET                        SINGH, GULZAR                         4330 14TH AVE,                         SACRAMENTO, CA  95820","","612777","7","ABC ESCROW 2222 DAMON STREET  LOS ANGELES, CA  90021","23","3400","4330 14TH AVE","SACRAMENTO","34","95820","","","",""
"646951","ACTIVE R64B","21 | 0","08/17/2023","07/31/2024","DBA: VALLARTA SUPERMARKETS                        VALLARTA FOOD ENTERPRISES INC                         110 E CARSON ST,                         CARSON, CA  90745","","21-432448","","ABC ESCROW 2222 DAMON ST  LOS ANGELES, CA  90021","3","1977","110 E CARSON ST","CARSON","19","90745","","","",""
"646951","ACTIVE R64B","21 | 0","08/17/2023","07/31/2024","DBA: VALLARTA SUPERMARKETS                        VALLARTA FOOD ENTERPRISES INC                         110 E CARSON ST,                         CARSON, CA  90745","","21-432448","","ABC ESCROW 2222 DAMON ST  LOS ANGELES, CA  90021","3","1977","110 E CARSON ST","CARSON","19","90745","","","",""
"647039","PEND ACTIVE","17 | 0","08/18/2023","08/31/2024","DBA: PUNCH VINEYARDS                        PUNCH VINEYARDS, LLC                         1031 MCKENZIE DR,                         NAPA, CA  94559-1419","","17-469976","7","","27","2802","1031 MCKENZIE DR","NAPA","28","94559","","","",""
"647039","PEND ACTIVE","20 | 0","08/18/2023","08/31/2024","DBA: PUNCH VINEYARDS                        PUNCH VINEYARDS, LLC                         1031 MCKENZIE DR,                         NAPA, CA  94559-1419","","20-469976","7,I","","27","2802","1031 MCKENZIE DR","NAPA","28","94559","","","",""
"647192","PEND ACTIVE","20 | 0","08/17/2023","07/31/2024","DBA: SCORPION LOLLIPOP                        SCORPION LOLLIPOP LLC                         73552 29 PALMS HWY, STE 1,                         29 PALMS, CA  92277-3138","","","","","8","3619","73552 29 PALMS HWY, STE 1","29 PALMS","36","92277","","","",""
"647209","PEND WITHDRAWN","41 | 0","","","DBA: CONCHITAS BAKERY RESTAURANT AND MARKET                        G & G GROCERS INC                         649 W MISSION AVE., STE 10,                         ESCONDIDO, CA  92025-1677","","","","","9","3705","649 W MISSION AVE., STE 10","ESCONDIDO","37","92025","","","",""
"647495","PEND ACTIVE","77 | 2","08/17/2023","07/31/2024","DBA: MONOPOLY CANTINA                        MONOPOLY CHEST LLC                         955 OAK ST,                         BAKERSFIELD, CA  93304-1067","10103 HILLGATE AVE                              BAKERSFIELD, CA  93311","47-561325","","TICOR TITLE 10000 STOCKDALE HWY STE 101 BAKERSFIELD, CA  93311","6","1501","955 OAK ST","BAKERSFIELD","15","93304","10103 HILLGATE AVE","BAKERSFIELD","93311","CA"
"647495","PEND ACTIVE","58 | 2","08/17/2023","07/31/2024","DBA: MONOPOLY CANTINA                        MONOPOLY CHEST LLC                         955 OAK ST,                         BAKERSFIELD, CA  93304-1067","10103 HILLGATE AVE                              BAKERSFIELD, CA  93311","47-561325","","TICOR TITLE 10000 STOCKDALE HWY STE 101 BAKERSFIELD, CA  93311","6","1501","955 OAK ST","BAKERSFIELD","15","93304","10103 HILLGATE AVE","BAKERSFIELD","93311","CA"
"647495","PEND ACTIVE","47 | 2","08/17/2023","07/31/2024","DBA: MONOPOLY CANTINA                        MONOPOLY CHEST LLC                         955 OAK ST,                         BAKERSFIELD, CA  93304-1067","10103 HILLGATE AVE                              BAKERSFIELD, CA  93311","47-561325","","TICOR TITLE 10000 STOCKDALE HWY STE 101 BAKERSFIELD, CA  93311","6","1501","955 OAK ST","BAKERSFIELD","15","93304","10103 HILLGATE AVE","BAKERSFIELD","93311","CA"
"647531","PEND ACTIVE","23 | 0","08/18/2023","02/29/2024","DBA: PAPERBACK BREWING                        PAPERBACK BREWING LLC                         123 N ARTSAKH AVE,                         GLENDALE, CA  91206-4093","422 MAGNOLIA AVE                              GLENDALE, CA  91204-2406","","","","5","1921","123 N ARTSAKH AVE","GLENDALE","19","91206","422 MAGNOLIA AVE","GLENDALE","91204","CA"
"647536","PEND ACTIVE","02 | 0","08/18/2023","06/30/2024","DBA: WEST OF ONE                        KERESEY FAMILY VINEYARDS LLC                         1200 AMERICAN WAY,                         WINDSOR, CA  95492-7861","548 MARKET ST, #939943                              SAN FRANCISCO, CA  94104","","","","27","4909","1200 AMERICAN WAY","WINDSOR","49","95492","548 MARKET ST, #939943","SAN FRANCISCO","94104","CA"
"647659","PEND WITHDRAWN","41 | 0","","","DBA: BOIL DADDY THE                        GULPUP, INC.                          10928-30 W PICO BLVD,                         LOS ANGELES, CA  90064-2112","","","7","","4","1933","10928-30 W PICO BLVD","LOS ANGELES","19","90064","","","",""
"647726","PEND ACTIVE","47 | 0","08/18/2023","07/31/2024","DBA: SURFING CRAB HOUSE                        SURFING CRAB HOUSE                         202 E VIA RANCHO PKWY,                         ESCONDIDO, CA  92025-8005","9830 SYDNEY LN APT 38310                              SAN DIEGO, CA  92126","47-573968","7","CALIFORNIA BUSINESS ESCROW INC 1748 MAIN STREET ESCALON, CA  95320","9","3705","202 E VIA RANCHO PKWY","ESCONDIDO","37","92025","9830 SYDNEY LN APT 38310","SAN DIEGO","92126","CA"
"647760","PEND ACTIVE","14 | 0","08/18/2023","07/31/2024","SOONER EXPRESS, INC                         5152 N COMMERCE AVENUE,                         MOORPARK, CA  93021-1761","","","","","12","5610","5152 N COMMERCE AVENUE","MOORPARK","56","93021","","","",""
"647770","PEND WITHDRAWN","41 | 0","","","DBA: MT TOP COFFEE SHOP                        YUBA FEATHER COMMUNITIES SERVICES, INC.                         16911 WILLOW GLEN RD,                         BROWNSVILLE, CA  95919","PO BOX 35                              BROWNSVILLE, CA  95919","","","","23","5800","16911 WILLOW GLEN RD","BROWNSVILLE","58","95919","PO BOX 35","BROWNSVILLE","95919","CA"
"647774","PEND ACTIVE","17 | 0","08/18/2023","07/31/2024","DBA: FUENTES WINE COMPANY                        FUENTES BOGARIN, LUIS ANTONIO                         2059 LOCUST ST,                         NAPA, CA  94559-4459","","","7","","27","2802","2059 LOCUST ST","NAPA","28","94559","","","",""
"647774","PEND ACTIVE","20 | 0","08/18/2023","07/31/2024","DBA: FUENTES WINE COMPANY                        FUENTES BOGARIN, LUIS ANTONIO                         2059 LOCUST ST,                         NAPA, CA  94559-4459","","","7,I","","27","2802","2059 LOCUST ST","NAPA","28","94559","","","",""
"647939","PEND ACTIVE","41 | 0","08/18/2023","07/31/2024","DBA: SIAM ELEPHANT                        SNP GROUP LLC                         509 LINDEN AVE,                         CARPINTERIA, CA  93013-2037","","41-530115","","CONTACT ESCROW 2301 S VICTORIA AVE #B VENTURA, CA  93003","12","4205","509 LINDEN AVE","CARPINTERIA","42","93013","","","",""
"648053","PEND ACTIVE","41 | 0","08/17/2023","07/31/2024","DBA: THERE AND BACK CAFE                        THERE AND BACK AGAIN LLC                         1020 11TH ST,                         SACRAMENTO, CA  95814-3818","","","","","23","3405","1020 11TH ST","SACRAMENTO","34","95814","","","",""
"648083","PEND ACTIVE","41 | 0","08/17/2023","07/31/2024","DBA: CHEF ZHU                        CHEF ZHU INC                         7845 HIGHLAND VILLAGE PL, STE C101-102,                         SAN DIEGO, CA  92129-5186","13492 PEACH TREE WAY                              SAN DIEGO, CA  92130-2487","","7","","9","3710","7845 HIGHLAND VILLAGE PL, STE C101-102","SAN DIEGO","37","92129","13492 PEACH TREE WAY","SAN DIEGO","92130","CA"
"648094","PEND ACTIVE","41 | 0","08/17/2023","07/31/2024","DBA: MOUNTAIN MIKES PIZZA                        TIGER FOOD & HOSPITALITY LLC                         411 & 441 FIVE CITIES DR,                         PISMO BEACH, CA  93449","","","","","13","4003","411 & 441 FIVE CITIES DR","PISMO BEACH","40","93449","","","",""
"648129","PEND ACTIVE","21 | 0","08/17/2023","07/31/2024","DBA: OAK KNOLL MARKET                        OAK KNOLL MARKET FAMILY INC                         12455 POWAY RD, STES A & B,                         POWAY, CA  92064-4320","10450 N MAGNOLIA AVE, APT L6                              SANTEE, CA  92071","21-549172","7","ALISON MCLOSKEY ESCROW 4820 EL CAJON BLVD SAN DIEGO, CA  92115-4695","9","3716","12455 POWAY RD, STES A & B","POWAY","37","92064","10450 N MAGNOLIA AVE, APT L6","SANTEE","92071","CA"
"648135","PEND ACTIVE","47 | 0","08/17/2023","07/31/2024","DBA: SAME SAME                        MSCRG LLC                         300 CARLSBAD VILLAGE DR, STE 213,                         CARLSBAD, CA  92008-2991","518 S PACIFIC ST #3                              OCEANSIDE, CA  92054","47-574521","7","THE HERITAGE ESCROW COMPANY 2550 FIFTH AVENUE SUITE 800 SAN DIEGO, CA  92103","9","3701","300 CARLSBAD VILLAGE DR, STE 213","CARLSBAD","37","92008","518 S PACIFIC ST #3","OCEANSIDE","92054","CA"
"648212","PEND ACTIVE","41 | 0","08/18/2023","07/31/2024","DBA: LAS BRISAS DE APATZINGAN RESTAURANT                         MEDLOP INC                         1524 S FLOWER ST,                         SANTA ANA, CA  92707-1502","","41-454127","7","WFG NATIONAL TITLE COMPANY 17011 BEACH BLVD  STE 560 HUNTINGTON BEACH, CA  92647","11","3017","1524 S FLOWER ST","SANTA ANA","30","92707","","","",""
"648216","PEND ACTIVE","20 | 0","08/17/2023","07/31/2024","DBA: MONSON MARKET                        SHUAIBI, MADREM MOHAMED                         38845 MONSON DR,                         DINUBA, CA  93618-8805","","20-645806","","ABC ESCROW 2222 DAMON STREET  LOS ANGELES, CA  90021","21","5400","38845 MONSON DR","DINUBA","54","93618","","","",""
"648254","PEND ACTIVE","41 | 0","08/17/2023","07/31/2024","DBA: ORCHARD HILL COUNTRY INN                        ORCHARD LODGE HOSPITALITY LLC                         2502 WASHINGTON ST,                         JULIAN, CA  92036","1442 CAMINO DEL MAR , #209                              DEL MAR, CA  92014","41-313627","7","CALIFORNIA BUSINESS ESCROW INC 1748 MAIN ST ESCALON, CA  95320-1927","9","3700","2502 WASHINGTON ST","JULIAN","37","92036","1442 CAMINO DEL MAR , #209","DEL MAR","92014","CA"
"648259","PEND ACTIVE","21 | 0","08/17/2023","07/31/2024","DBA: SKYWOOD TRADING POST                        SKYWOOD T.P. LLC                         17287 SKYLINE BLVD,                         WOODSIDE, CA  94062","","21-623215","","","25","4115","17287 SKYLINE BLVD","WOODSIDE","41","94062","","","",""
"648313","PEND ACTIVE","21 | 0","08/18/2023","07/31/2024","GNEAA CORP                          4323 W SUNSET BLVD,                         LOS ANGELES, CA  90029-2111","","21-541449","","SUPREME ESCROW INC 3701 WILSHIRE BLVD STE 535 LOS ANGELES, CA  90010","4","1933","4323 W SUNSET BLVD","LOS ANGELES","19","90029","","","",""
"648357","PEND ACTIVE","21 | 0","08/17/2023","07/31/2024","DBA: JACKS GAS #7                        MOHAMED, YAKOOB NAGIB S                         137 S VALENCIA BLVD,                         WOODLAKE, CA  93286-1711","","21-487213","5","ABC ESCROW 2222 DAMON ST  LOS ANGELES, CA  90021","21","5407","137 S VALENCIA BLVD","WOODLAKE","54","93286","","","",""
"648358","PEND ACTIVE","47 | 0","08/18/2023","07/31/2024","DBA: CENTURY THEATRE #1134                        CENTURY THEATRES, INC.                         8840 APOLLO WAY,                         DOWNEY, CA  90242","3900 DALLAS PKWY                               PLANO, TX  75093","47-583248","7","CALIFORNIA BUSINESS ESCROW INC 1748 MAIN STREET ESCALON, CA  95320","2","1916","8840 APOLLO WAY","DOWNEY","19","90242","3900 DALLAS PKWY","PLANO","75093","TX"
"648361","PEND ACTIVE","20 | 0","08/17/2023","07/31/2024","DBA: ROCKET 5269                        APRO LLC                         950 OAKDALE RD,                         MODESTO, CA  95355","","20-595110","7","CALIFORNIA BUSINESS ESCROW INC 1748 MAIN ST ESCALON, CA  95320-1927","29","5002","950 OAKDALE RD","MODESTO","50","95355","","","",""
"648366","PEND ACTIVE","20 | 0","08/17/2023","07/31/2024","DBA: ROCKET 5260                        APRO LLC                         4537 BROADWAY,                         SALIDA, CA  95368","4130 COVER ST                              LONG BEACH, CA  90808-1885","20-175330","","CALIFORNIA BUSINESS ESCROW 1748 MAIN ST ESCALON, CA  95320-1927","29","5000","4537 BROADWAY","SALIDA","50","95368","4130 COVER ST","LONG BEACH","90808","CA"
"648377","PEND ACTIVE","21 | 0","08/18/2023","07/31/2024","DBA: DUKE LITE SMOKESHOP                        X FOREHAND INC                         1120 N PACIFIC AVE STE 5,                         GLENDALE, CA  91202-4348","","21-363318","","INNOVATIVE ESCROW, INC. 28212 KELLY JOHNSON PKWY STE 110 VALENCIA, CA  91355","5","1921","1120 N PACIFIC AVE STE 5","GLENDALE","19","91202","","","",""
"648396","PEND ACTIVE","20 | 0","08/17/2023","07/31/2024","DBA: ROCKET 5268                        APRO LLC                         2201 PATTERSON RD,                         RIVERBANK, CA  95367","4130 COVER ST                              LONG BEACH, CA  90808-1885","20-512449","","CALIFORNIA BUSINESS ESCROW 1748 MAIN ST ESCALON, CA  95320-1927","29","5006","2201 PATTERSON RD","RIVERBANK","50","95367","4130 COVER ST","LONG BEACH","90808","CA"
"648409","PEND ACTIVE","20 | 0","08/17/2023","07/31/2024","DBA: ROCKET 5263                        APRO LLC                         2954 E WHITMORE AVE,                         CERES, CA  95307","4130 COVER ST                              LONG BEACH, CA  90808-1885","20-533669","","CALIFORNIA BUSINESS ESCROW 1748 MAIN ST ESCALON, CA  95320-1927","29","5001","2954 E WHITMORE AVE","CERES","50","95307","4130 COVER ST","LONG BEACH","90808","CA"
"648416","PEND ACTIVE","21 | 0","08/17/2023","07/31/2024","DBA: ROCKET 5264                        APRO LLC                         1297 HIGHWAY 4,                         ARNOLD, CA  95223","4130 COVER ST                              LONG BEACH, CA  90808-1885","21-455152","","CALIFORNIA BUSINESS ESCROW 1748 MAIN ST ESCALON, CA  95320-1927","29","0500","1297 HIGHWAY 4","ARNOLD","05","95223","4130 COVER ST","LONG BEACH","90808","CA"
"648418","PEND ACTIVE","20 | 0","08/17/2023","07/31/2024","DBA: ROCKET 5261                        APRO LLC                         4931 MCHENRY AVE,                         MODESTO, CA  95356","4130 COVER ST                              LONG BEACH, CA  90808-1885","20-455094","","CALIFORNIA BUSINESS ESCROW 1748 MAIN ST ESCALON, CA  95320-1927","29","5000","4931 MCHENRY AVE","MODESTO","50","95356","4130 COVER ST","LONG BEACH","90808","CA"
"648436","PEND ACTIVE","21 | 0","08/17/2023","07/31/2024","DBA: ROCKET 5262                        APRO LLC                         4000 E BRIGGSMORE AVE,                         MODESTO, CA  95356","4130 COVER ST                              LONG BEACH, CA  90808-1885","21-533678","7","CALIFORNIA BUSINESS ESCROW INC 1748 MAIN ST ESCALON, CA  95320-1927","29","5002","4000 E BRIGGSMORE AVE","MODESTO","50","95356","4130 COVER ST","LONG BEACH","90808","CA"
"648439","PEND ACTIVE","06 | 0","08/17/2023","07/31/2024","DBA: BIG BAOBAB                        LAT RESTAURANT, INC.                         2243 & 2247 MISSION ST,                         SAN FRANCISCO, CA  94110-1811","2319 MISSION ST                              SAN FRANCISCO, CA  94110-1813","","7","","24","3800","2243 & 2247 MISSION ST","SAN FRANCISCO","38","94110","2319 MISSION ST","SAN FRANCISCO","94110","CA"
"648439","PEND ACTIVE","74 | 0","08/17/2023","07/31/2024","DBA: BIG BAOBAB                        LAT RESTAURANT, INC.                         2243 & 2247 MISSION ST,                         SAN FRANCISCO, CA  94110-1811","2319 MISSION ST                              SAN FRANCISCO, CA  94110-1813","","7","","24","3800","2243 & 2247 MISSION ST","SAN FRANCISCO","38","94110","2319 MISSION ST","SAN FRANCISCO","94110","CA"
"648455","PEND ACTIVE","20 | 0","08/18/2023","07/31/2024","DBA: BR'S FOOD MART                        BR'S FOOD MART, INC.                         284 W OLIVE AVE,                         PORTERVILLE, CA  93257-3447","","20-511712","7","","21","5404","284 W OLIVE AVE","PORTERVILLE","54","93257","","","",""
"648476","PEND WITHDRAWN","21 | 0","","","SADDLEBACK WINE & SPIRITS INC                         1659 E 1ST ST,                         SANTA ANA, CA  92701-6316","","604005","","","11","3017","1659 E 1ST ST","SANTA ANA","30","92701","","","",""
"648574","PEND ACTIVE","17 | 0","08/18/2023","07/31/2024","GRAN VINO, LLC                         7 4TH ST, STE 59,                         PETALUMA, CA  94952-7410","36535 GROESBECK HWY, STE 104                              CLINTON TOWNSHIP, MI  48035-1554","","","","27","4903","7 4TH ST, STE 59","PETALUMA","49","94952","36535 GROESBECK HWY, STE 104","CLINTON TOWNSHIP","48035","MI"
"648578","PEND ACTIVE","58 | 1","08/17/2023","07/31/2024","DBA: DACHA                        SKYE PROJECTS LLC                         1083-1085 SUTTER ST,                         SAN FRANCISCO, CA  94109","1300 MAR WEST ST, APT 7                              TIBURON, CA  94920","47-571920","","CRESCENT LAND TITLE COMPANY 890 3RD ST CRESCENT CITY, CA  95531","24","3800","1083-1085 SUTTER ST","SAN FRANCISCO","38","94109","1300 MAR WEST ST, APT 7","TIBURON","94920","CA"
"648578","PEND ACTIVE","47 | 1","08/17/2023","07/31/2024","DBA: DACHA                        SKYE PROJECTS LLC                         1083-1085 SUTTER ST,                         SAN FRANCISCO, CA  94109","1300 MAR WEST ST, APT 7                              TIBURON, CA  94920","47-571920","","CRESCENT LAND TITLE COMPANY 890 3RD ST CRESCENT CITY, CA  95531","24","3800","1083-1085 SUTTER ST","SAN FRANCISCO","38","94109","1300 MAR WEST ST, APT 7","TIBURON","94920","CA"
"648629","PEND ACTIVE","21 | 0","08/18/2023","07/31/2024","DBA: AMIGO LIQUOR                        KIM, HAN SANG                          2601 W 7TH ST,                         LOS ANGELES, CA  90057-3803","","21-565235","7","ESCROW WORLD INC 416 S SPRING ST STE 408 LOS ANGELES, CA  90013","4","1933","2601 W 7TH ST","LOS ANGELES","19","90057","","","",""
"648657","PEND ACTIVE","41 | 0","08/17/2023","07/31/2024","DBA: 575 MIISHIEN                        L & Y PARTNERS INC                         840 EL PASEO DE SARATOGA,                         SAN JOSE, CA  95130-1628","4819 MANITOBA DR                              SAN JOSE, CA  95130","","","","25","4313","840 EL PASEO DE SARATOGA","SAN JOSE","43","95130","4819 MANITOBA DR","SAN JOSE","95130","CA"
"648661","PEND ACTIVE","41 | 0","08/18/2023","07/31/2024","DBA: CURRY HYUGA                        BC CHICKEN CUPERTINO LLC                         19650 STEVENS CREEK BLVD,                         CUPERTINO, CA  95014-2465","773 E EL CAMINO REAL, PMB 177                              SUNNYVALE, CA  94087","","","","25","4303","19650 STEVENS CREEK BLVD","CUPERTINO","43","95014","773 E EL CAMINO REAL, PMB 177","SUNNYVALE","94087","CA"
"648731","PEND ACTIVE","41 | 0","08/18/2023","07/31/2024","BUDONOKI LLC                         654 N VIRGIL AVE ,                         LOS ANGELES, CA  90029-3592","","41-613353","7","","4","1933","654 N VIRGIL AVE","LOS ANGELES","19","90029","","","",""
"648763","PEND ACTIVE","47 | 0","08/17/2023","07/31/2024","DBA: RT ROTISSERIE                        ESJ RICH LLC                         101 OAK ST,                         SAN FRANCISCO, CA  94102-5911","199 GOUGH ST                              SAN FRANCISCO, CA  94102-5919","47-599590","7","ABC ESCROW 2222 DAMON ST  LOS ANGELES, CA  90021","24","3800","101 OAK ST","SAN FRANCISCO","38","94102","199 GOUGH ST","SAN FRANCISCO","94102","CA"
"648831","PEND ACTIVE","20 | 0","08/17/2023","06/30/2024","DBA: 99 CENTS STORE #155                        99 CENTS ONLY STORES LLC                         2701 S MOONEY BLVD,                         VISALIA, CA  93277","4000 E UNION PACIFIC AVE                              CITY OF COMMERCE, CA  90023-3202","20-552712","","","21","5406","2701 S MOONEY BLVD","VISALIA","54","93277","4000 E UNION PACIFIC AVE","CITY OF COMMERCE","90023","CA"
"648896","PEND ACTIVE","41 | 0","08/18/2023","07/31/2024","DBA: 7 ADAMS                        1963 SUTTER, LLC                         1963 SUTTER ST,                         SAN FRANCISCO, CA  94115-3113","1770 POST ST, # 188                              SAN FRANCISCO, CA  94115-3606","41-564744","7","MCGOVERN ESCROW SERVICES 436 14TH ST STE 1015 OAKLAND, CA  94612","24","3800","1963 SUTTER ST","SAN FRANCISCO","38","94115","1770 POST ST, # 188","SAN FRANCISCO","94115","CA"
"648944","PEND WITHDRAWN","41 | 0","","","DBA: TACOS LOS BANDIDOS                        GOOD TACOS INC.                         3414 W BALL RD, STE A & B,                         ANAHEIM, CA  92804-3726","","","","","11","3001","3414 W BALL RD, STE A & B","ANAHEIM","30","92804","","","",""
"648946","PEND ACTIVE","21 | 0","08/17/2023","07/31/2024","DBA: DEEPS LIQUOR                        BJP LIQUOR INC                         6326 LINCOLN AVE, STE K,                         CYPRESS, CA  90630-5811","","21-637019","7","DETAIL ESCROW INC 13737 ARTESIA BLVD  STE 105 CERRITOS, CA  90703","11","3005","6326 LINCOLN AVE, STE K","CYPRESS","30","90630","","","",""
"649053","PEND ACTIVE","41 | 0","08/17/2023","07/31/2024","DBA: BLUE SEAFOOD & GRILL LLC                        BLUE SEAFOOD & GRILL LLC                         1351 E GRAND AVE,                         ARROYO GRANDE, CA  93420-2421","1445 W GRAND AVE                              GROVER BEACH, CA  93433","","","","13","4001","1351 E GRAND AVE","ARROYO GRANDE","40","93420","1445 W GRAND AVE","GROVER BEACH","93433","CA"
"649090","PEND ACTIVE","14 | 0","08/17/2023","08/31/2023","DBA: WEBER LOGISTICS                        WEBER DISTRIBUTION LLC                         11296 HARREL ST,                         JURUPA VALLEY, CA  91752","13530 ROSECRANS AVE                              SANTA FE SPRINGS, CA  90670-5023","","","","7","3329","11296 HARREL ST","JURUPA VALLEY","33","91752","13530 ROSECRANS AVE","SANTA FE SPRINGS","90670","CA"
"649146","PEND ACTIVE","60 | 0","08/17/2023","12/31/2023","DBA: JONES STORE                        ORTMANN, DIANE J                         BEASORE RD W/S & BEASORE MEADOWS, 14 MILES N/E BASS LAKE,                         BASS LAKE, CA  93604","34681 ROAD 274                              NORTH FORK, CA  93643","60-465378","","","21","2000","BEASORE RD W/S & BEASORE MEADOWS, 14 MILES N/E BASS LAKE","BASS LAKE","20","93604","34681 ROAD 274","NORTH FORK","93643","CA"
"649247","PEND ACTIVE","21 | 0","08/18/2023","07/31/2024","DBA: BREAD & BUTTER MARKET                        BREAD & BUTTER MKT INC                         888 OFARRELL ST, STE 105,                         SAN FRANCISCO, CA  94109-7089","888 OFARRELL ST, STE 105                              SAN FRANCISCO, CA  94109-7089","21-647756","7,8","","24","3800","888 OFARRELL ST, STE 105","SAN FRANCISCO","38","94109","888 OFARRELL ST, STE 105","SAN FRANCISCO","94109","CA"
"649250","PEND ACTIVE","20 | 0","08/18/2023","07/31/2024","DBA: LA POMONA MARKET                        POMONA HILL CORPORATION                         1076 W PHILLIPS BLVD,                         POMONA, CA  91766-4331","","20-324660","","UNITED ESCROW CO 3440 WILSHIRE BLVD STE 600 LOS ANGELES, CA  90010","2","1945","1076 W PHILLIPS BLVD","POMONA","19","91766","","","",""
"649293","CANCEL ACTIVE","47 | 1","08/18/2023","07/31/2024","DBA: VILLA LUCIAS PIZZERIA                        F & B ASSOCIATES INC                         1725 WOODSIDE RD,                         REDWOOD CITY, CA  94061-3483","1725 WOODSIDE RD                              REDWOOD CITY, CA  94061-3483","47-542720","","","25","4100","1725 WOODSIDE RD","REDWOOD CITY","41","94061","1725 WOODSIDE RD","REDWOOD CITY","94061","CA"
"649293","CANCEL ACTIVE","58 | 1","08/18/2023","07/31/2024","DBA: VILLA LUCIAS PIZZERIA                        F & B ASSOCIATES INC                         1725 WOODSIDE RD,                         REDWOOD CITY, CA  94061-3483","1725 WOODSIDE RD                              REDWOOD CITY, CA  94061-3483","47-542720","","","25","4100","1725 WOODSIDE RD","REDWOOD CITY","41","94061","1725 WOODSIDE RD","REDWOOD CITY","94061","CA"
"649304","PEND ACTIVE","48 | 0","08/18/2023","07/31/2024","GRAFTON STREET BOTTLE SHOP, LLC                          3123 BEVERLY BLVD,                         LOS ANGELES, CA  90057","4628 HOLLYWOOD BLVD                              LOS ANGELES, CA  90027-5408","47-41755","7","INNOVATIVE ESCROW, INC. 28212 KELLY JOHNSON PKWY STE 110 VALENCIA, CA  91355","4","1933","3123 BEVERLY BLVD","LOS ANGELES","19","90057","4628 HOLLYWOOD BLVD","LOS ANGELES","90027","CA"
"649372","PEND ACTIVE","41 | 0","08/18/2023","07/31/2024","DBA: BRUXIE                        TCGM HOLDING COMPANY LLC                         2181 ROSECRANS AVE STE B,                         EL SEGUNDO, CA  90245-4847","","","7","","3","1919","2181 ROSECRANS AVE STE B","EL SEGUNDO","19","90245","","","",""
"649421","PEND WITHDRAWN","41 | 0","","","DBA: ZERO DEGREES                        PBX 11 CORPORATION                         534 W LAMBERT RD,                         LA HABRA, CA  90631-6754","","611861","7","R ESCROW 1205 E CHAPMAN AVE ORANGE, CA  92866","11","3012","534 W LAMBERT RD","LA HABRA","30","90631","","","",""
"649466","PEND ACTIVE","47 | 1","08/18/2023","07/31/2024","DBA: ROSY'S #7 THE BEACH                        CABANA BEACH INC                         17320 MONTEREY ST,                         MORGAN HILL, CA  95037","","47-337830","","BUSINESS & ESCROW SERVICE CENTER 3031 TISCH WAY #301 SAN JOSE, CA  95218","25","4310","17320 MONTEREY ST","MORGAN HILL","43","95037","","","",""
"649466","PEND ACTIVE","58 | 1","08/18/2023","07/31/2024","DBA: ROSY'S #7 THE BEACH                        CABANA BEACH INC                         17320 MONTEREY ST,                         MORGAN HILL, CA  95037","","47-337830","","BUSINESS & ESCROW SERVICE CENTER 3031 TISCH WAY #301 SAN JOSE, CA  95218","25","4310","17320 MONTEREY ST","MORGAN HILL","43","95037","","","",""
"649523","PEND ACTIVE","17 | 0","08/17/2023","07/31/2024","DBA: AINSLEY FAMILY VINEYARD                        HICKS, ALAN AINSLEY                         2805 PLEASANT VALLEY RD,                         APTOS, CA  95003-9785","","","7","","26","4400","2805 PLEASANT VALLEY RD","APTOS","44","95003","","","",""
"649523","PEND ACTIVE","20 | 0","08/17/2023","07/31/2024","DBA: AINSLEY FAMILY VINEYARD                        HICKS, ALAN AINSLEY                         2805 PLEASANT VALLEY RD,                         APTOS, CA  95003-9785","","","7,I","","26","4400","2805 PLEASANT VALLEY RD","APTOS","44","95003","","","",""
"649556","PEND ACTIVE","02 | 0","08/17/2023","06/30/2024","DBA: FELIZ NOCHE                        FELIZ NOCHE CELLARS, LLC                         473 ATTERDAG RD, STE 101,                         SOLVANG, CA  93463","PO BOX 60                              LOS OLIVOS, CA  93441-0060","","","","13","4206","473 ATTERDAG RD, STE 101","SOLVANG","42","93463","PO BOX 60","LOS OLIVOS","93441","CA"
"649576","PEND ACTIVE","77 | 1","08/17/2023","07/31/2024","DBA: XPADAS BAR & GRILL                         GIS ELITE INC.                         11882 DE PALMA RD, STE 2M,                         CORONA, CA  92883-4008","","47-570328","7","CALIFORNIA BUSINESS ESCROW INC 1748 MAIN ST ESCALON, CA  95320-1927","7","3300","11882 DE PALMA RD, STE 2M","CORONA","33","92883","","","",""
"649576","PEND ACTIVE","47 | 1","08/17/2023","07/31/2024","DBA: XPADAS BAR & GRILL                         GIS ELITE INC.                         11882 DE PALMA RD, STE 2M,                         CORONA, CA  92883-4008","","47-570328","7","CALIFORNIA BUSINESS ESCROW INC 1748 MAIN ST ESCALON, CA  95320-1927","7","3300","11882 DE PALMA RD, STE 2M","CORONA","33","92883","","","",""
"649584","PEND ACTIVE","47 | 0","08/18/2023","07/31/2024","DBA: PARMIZZA                        PARMIZZA 001 LLC                          3833 MAIN ST,                         CULVER CITY, CA  90232-2619","4918 LLANO DR                               WOODLAND HILLS, CA  90232","47-571231","","UNITED ESCROW CO 3440 WILSHIRE BLVD # 600 LOS ANGELES, CA  90036","4","1914","3833 MAIN ST","CULVER CITY","19","90232","4918 LLANO DR","WOODLAND HILLS","90232","CA"
"649721","PEND ACTIVE","21 | 0","08/17/2023","07/31/2024","DBA: TRINITY LAKES KOA HOLIDAY                        CAMPINGVENTURE LLC                         60260 STATE HWY 3,                         TRINITY CENTER, CA  96091","2610 ORCHARD DR                              BILLINGS, MT  59102","21-590617","7","ABC ESCROW 2222 DAMON STREET  LOS ANGELES, CA  90021","31","5300","60260 STATE HWY 3","TRINITY CENTER","53","96091","2610 ORCHARD DR","BILLINGS","59102","MT"
"649729","PEND ACTIVE","41 | 0","08/18/2023","07/31/2024","DBA: YOUR TOWN'S CAFE                        CEJA ENTERPRISES LLC                         1720 N TEXAS ST,                         FAIRFIELD, CA  94533","","","7","","22","4803","1720 N TEXAS ST","FAIRFIELD","48","94533","","","",""
"649757","PEND WITHDRAWN","41 | 0","","","DBA: BUSAN GUKBAP                        GAYA FOOD INC                         5300 BEACH BLVD, STE 115,                         BUENA PARK, CA  90621-1297","","608030","","TEAM ESCROW BP, INC 6025 BEACH BLVD BUENA PARK, CA  90621-2304","11","3003","5300 BEACH BLVD, STE 115","BUENA PARK","30","90621","","","",""
"649819","PEND ACTIVE","02 | 0","08/18/2023","06/30/2024","DBA: EIFRIG CELLARS LLC                        EIFRIG CELLARS, LLC                         602 LIMERICK LN,                         HEALDSBURG, CA  95448-9585","150 CHERRY CREEK RD                              CLOVERDALE, CA  95425-3808","02-558247","","","27","4900","602 LIMERICK LN","HEALDSBURG","49","95448","150 CHERRY CREEK RD","CLOVERDALE","95425","CA"
"649821","PEND ACTIVE","20 | 0","08/18/2023","06/30/2024","DBA: 7-ELEVEN STORE 25509C                        7 ELEVEN INC                         2790 E LINCOLN AVE,                         ANAHEIM, CA  92806-3909","PO BOX 139044, ATTN: LICENSING DEPARTMENT                              DALLAS, TX  75313-9044","20-527972","","7-ELEVEN INC 330 E LAMBERT RD STE 150 BREA, CA  92821-4128","11","3001","2790 E LINCOLN AVE","ANAHEIM","30","92806","PO BOX 139044, ATTN: LICENSING DEPARTMENT","DALLAS","75313","TX"
"649928","PEND ACTIVE","47 | 1","08/17/2023","12/31/2023","DBA: LAS PLAYAS                        LAS PLAYAS TULARE                         1498 S K ST,                         TULARE, CA  93274-6429","","47-621189","7,8","","21","5405","1498 S K ST","TULARE","54","93274","","","",""
"649928","PEND ACTIVE","58 | 1","08/17/2023","12/31/2023","DBA: LAS PLAYAS                        LAS PLAYAS TULARE                         1498 S K ST,                         TULARE, CA  93274-6429","","47-621189","7,8","","21","5405","1498 S K ST","TULARE","54","93274","","","",""
"649963","PEND ACTIVE","47 | 0","08/21/2023","07/31/2024","DBA: GOLDEN SQUIRREL                        GOLDEN SQUIRREL BAR AND GRILL LLC THE                         5940 COLLEGE AVE,                         OAKLAND, CA  94618","5940 COLLEGE AVE                              OAKLAND, CA  94618","47-569944","7","BUSINESS & ESCROW SERVICE CENTER 3031 TISCH WAY 310 SAN JOSE, CA  95128","22","0109","5940 COLLEGE AVE","OAKLAND","01","94618","5940 COLLEGE AVE","OAKLAND","94618","CA"
"649964","PEND ACTIVE","41 | 0","08/17/2023","07/31/2024","DBA: KAM LUN CHINESE RESTAURANT                         GOLDEN BOWL FOODS                          66610 8TH ST,                         DESERT HOT SPRINGS, CA  92240-3264","","","","","8","3314","66610 8TH ST","DESERT HOT SPRINGS","33","92240","","","",""
"650073","PEND ACTIVE","02 | 0","08/18/2023","06/30/2024","DBA: KALE DAVID LLC                        KALE DAVID LLC                         708 1ST ST,                         NAPA, CA  94559-2625","78 SPRING ST                              NAPA, CA  94559-1514","","7","","27","2802","708 1ST ST","NAPA","28","94559","78 SPRING ST","NAPA","94559","CA"
"650973","PEND ACTIVE","28 | 0","08/17/2023","06/30/2024","JK DISTILLING LLC                         17330 SNOHOMISH AVE,                         SNOHOMISH, WA  98296","","","","","75","9999","17330 SNOHOMISH AVE","SNOHOMISH","","98296","","","",""
"650979","PEND ACTIVE","28 | 0","08/17/2023","06/30/2024","BULL YOUNG BOURBON INC                         46 E 26TH ST,                         CHICAGO, IL  60616","","","","","75","9999","46 E 26TH ST","CHICAGO","","60616","","","",""
"651020","PEND ACTIVE","28 | 0","08/18/2023","06/30/2024","GREEN FLAME TEQUILA LLC                         36535 GROESBECK,                         CLINTON TOWNSHIP, MI  48035","","","","","75","9999","36535 GROESBECK","CLINTON TOWNSHIP","","48035","","","",""