"License Number","Status Changed From/To","Type| Dup","Original Issue Date","Expir. Date","Primary Owner and Premises Addr.","Mailing Addr.","Transfer-From/To","Conditions","Escrow","District Code","Geo Code","Prem Street","City","County","Zip Code","Mailing Street","Mailing City","Mailing Zip Code","Mailing State"
"57895","PEND ACTIVE","01 | 1","08/09/2023","07/31/2024","E & J GALLO WINERY                         5610 E OLIVE AVE,                         FRESNO, CA  93727-2707","600 YOSEMITE BLVD, REGULATORY AFFAIRS AND COMPLIANCE DEPT.                              MODESTO, CA  95354-2760","","","","21","1005","5610 E OLIVE AVE","FRESNO","10","93727","600 YOSEMITE BLVD, REGULATORY AFFAIRS AND COMPLIANCE DEPT.","MODESTO","95354","CA"
"57895","PEND ACTIVE","09 | 1","08/09/2023","07/31/2024","E & J GALLO WINERY                         5610 E OLIVE AVE,                         FRESNO, CA  93727-2707","600 YOSEMITE BLVD, REGULATORY AFFAIRS AND COMPLIANCE DEPT.                              MODESTO, CA  95354-2760","","","","21","1005","5610 E OLIVE AVE","FRESNO","10","93727","600 YOSEMITE BLVD, REGULATORY AFFAIRS AND COMPLIANCE DEPT.","MODESTO","95354","CA"
"109488","PEND ACTIVE","47 | 0","08/10/2023","12/31/2023","DBA: GRAEAGLE MEADOWS CLUBHOUSE                        GRAEAGLE LAND & WATER CO INC                         6934 HIGHWAY 89,                         GRAEAGLE, CA  96103","PO BOX 310                              GRAEAGLE, CA  96103","49-109488","1C,7","","31","3200","6934 HIGHWAY 89","GRAEAGLE","32","96103","PO BOX 310","GRAEAGLE","96103","CA"
"270774","REVPEN ACTIVE","41 | 0","09/02/1992","04/30/2024","DBA: ROSCOES HOUSE OF CHICKEN & WAFFLES                        EAST COAST FOODS INC                         5006 W PICO BLVD,                         LOS ANGELES, CA  90019","1514 N GOWER ST                              LOS ANGELES, CA  90028","","7","","4","1933","5006 W PICO BLVD","LOS ANGELES","19","90019","1514 N GOWER ST","LOS ANGELES","90028","CA"
"270774","REVPEN ACTIVE","41 | 0","09/02/1992","04/30/2024","DBA: ROSCOES HOUSE OF CHICKEN & WAFFLES                        EAST COAST FOODS INC                         5006 W PICO BLVD,                         LOS ANGELES, CA  90019","1514 N GOWER ST                              LOS ANGELES, CA  90028","","7","","4","1933","5006 W PICO BLVD","LOS ANGELES","19","90019","1514 N GOWER ST","LOS ANGELES","90028","CA"
"291678","ACTIVE SUREND","41 | 0","03/07/1994","02/29/2024","CHANG, JAMES                         570 N STATE ST,                         UKIAH, CA  95482-4025","900 LIVE OAK AVE                              UKIAH, CA  95482-3733","","7","","27","2303","570 N STATE ST","UKIAH","23","95482","900 LIVE OAK AVE","UKIAH","95482","CA"
"448695","ACTIVE CANCEL","41 | 0","04/10/2007","03/31/2024","DBA: SENZA HOTEL                        HALL NAPA HOTEL MANAGER LLC                         4066 ST HELENA HWY,                         NAPA, CA  94558","2323 ROSS AVE, STE 200                              DALLAS, TX  75201","","","","27","2802","4066 ST HELENA HWY","NAPA","28","94558","2323 ROSS AVE, STE 200","DALLAS","75201","TX"
"449252","ACTIVE SUREND","41 | 0","05/17/2007","04/30/2024","DBA: ZAMORA RESTAURANT MEXICAN                        GOMEZ, ADRIANA GABRIELA                         850 N FRESNO ST,                         FRESNO, CA  93701-1139","36804 BLANCA AVE                              MADERA, CA  93636","41-424592","7","","21","1005","850 N FRESNO ST","FRESNO","10","93701","36804 BLANCA AVE","MADERA","93636","CA"
"458127","ACTIVE CANCEL","21 | 0","10/11/2007","09/30/2023","DBA: 7 10 LIQUOR & MARKET                        7 10 MARKET INC                         3500 MARTIN LUTHER KING JR BLVD,                         LYNWOOD, CA  90262-2010","","21-395707/ 21-648482","7,8","","3","1934","3500 MARTIN LUTHER KING JR BLVD","LYNWOOD","19","90262","","","",""
"464057","SUSPEN ACTIVE","21 | 0","04/29/2010","05/31/2024","DBA: SPIKES BOTTLE SHOP                        JARADAH, MARWAN                         1270 E 1ST AVE,                         CHICO, CA  95926","","21-342506","","","31","0402","1270 E 1ST AVE","CHICO","04","95926","","","",""
"466146","SUREND CANCEL","47 | 0","08/11/2008","07/31/2024","DBA: DESCANSO                        PIEDMONT AVENUE BAR & GRILL INC                         4184 PIEDMONT AVE,                         OAKLAND, CA  94611-5174","423 MORRISON LN                              ALAMEDA, CA  94501","47-464735/ 47-646221","7","","22","0109","4184 PIEDMONT AVE","OAKLAND","01","94611","423 MORRISON LN","ALAMEDA","94501","CA"
"476177","ACTIVE CANCEL","41 | 0","04/20/2009","03/31/2024","DBA: WINGSTOP                        SAGAR HOLDING CORPORATION                         1238 N HACIENDA BLVD,                         LA PUENTE, CA  91744-1630","1468 GLEN PINES CT                              CHINO HILLS, CA  91709","","","","2","1930","1238 N HACIENDA BLVD","LA PUENTE","19","91744","1468 GLEN PINES CT","CHINO HILLS","91709","CA"
"478787","PEND ACTIVE","23 | 0","08/09/2023","07/31/2024","DBA: ROCHE                        ROCHE WINERY LLC                         122 W SPAIN ST,                         SONOMA, CA  95476-5616","122 W SPAIN ST                              SONOMA, CA  95476-5616","","","","27","4906","122 W SPAIN ST","SONOMA","49","95476","122 W SPAIN ST","SONOMA","95476","CA"
"500660","ACTIVE CANCEL","41 | 0","11/08/2010","10/31/2023","DBA: WINGSTOP                        SAGAR HOLDING CORPORATION                         17501 COLIMA RD, #G1,                         CITY OF INDUSTRY, CA  91748-1862","1468 GLEN PINES CT                              CHINO HILLS, CA  91709","","","","2","1926","17501 COLIMA RD, #G1","CITY OF INDUSTRY","19","91748","1468 GLEN PINES CT","CHINO HILLS","91709","CA"
"503566","ACTIVE CANCEL","41 | 0","12/24/2010","11/30/2023","DBA: BURMA CAFE                        MAH, AH  SOON                         63 SAINT FRANCIS SQ,                         DALY CITY, CA  94015","32 ZITA MANOR                              DALY CITY, CA  94015","","7","","25","4105","63 SAINT FRANCIS SQ","DALY CITY","41","94015","32 ZITA MANOR","DALY CITY","94015","CA"
"515244","SUREND DEPREV","41 | 0","01/18/2012","12/31/2023","DBA: KHUN DOM THAI CHINESE CUISINE                        KHUN DOM RESTAURANT INC                         1990 PACIFIC AVE,                         LONG BEACH, CA  90806-5322","4681 MELROSE AVE                              LOS ANGELES, CA  90029","41-445280","7","CARDINAL PACIFIC ESCROW 6615 E PACIFIC COAST HWY STE 240 LONG BEACH, CA  90803-4224","3","1932","1990 PACIFIC AVE","LONG BEACH","19","90806","4681 MELROSE AVE","LOS ANGELES","90029","CA"
"517801","AUTREV ACTIVE","47 | 0","02/14/2013","01/31/2024","DBA: BARNEYS                        BARNEY'S INC WHICH WILL DO BUSINESS IN CALIFORNIA                          9570/9584 WILSHIRE BLVD,                         BEVERLY HILLS, CA  90212-2420","660 MADISON AVE, 14TH FL                              NEW YORK, NY  10065","47-290586","7","","4","1908","9570/9584 WILSHIRE BLVD","BEVERLY HILLS","19","90212","660 MADISON AVE, 14TH FL","NEW YORK","10065","NY"
"517801","AUTREV ACTIVE","47 | 0","02/14/2013","01/31/2024","DBA: BARNEYS                        BARNEY'S INC WHICH WILL DO BUSINESS IN CALIFORNIA                          9570/9584 WILSHIRE BLVD,                         BEVERLY HILLS, CA  90212-2420","660 MADISON AVE, 14TH FL                              NEW YORK, NY  10065","47-290586","7","","4","1908","9570/9584 WILSHIRE BLVD","BEVERLY HILLS","19","90212","660 MADISON AVE, 14TH FL","NEW YORK","10065","NY"
"521908","ACTIVE WITHDRAWN","17 | 0","","","DBA: AV BEVERAGE GROUP                        ESSER WINES LLC                         5570 SKYLANE BLVD, STE C,                         SANTA ROSA, CA  95403-1030","PO BOX 1124                              WINDSOR, CA  95492-1124","","7","","27","4900","5570 SKYLANE BLVD, STE C","SANTA ROSA","49","95403","PO BOX 1124","WINDSOR","95492","CA"
"521908","ACTIVE WITHDRAWN","20 | 0","","","DBA: AV BEVERAGE GROUP                        ESSER WINES LLC                         5570 SKYLANE BLVD, STE C,                         SANTA ROSA, CA  95403-1030","PO BOX 1124                              WINDSOR, CA  95492-1124","","I, 7","","27","4900","5570 SKYLANE BLVD, STE C","SANTA ROSA","49","95403","PO BOX 1124","WINDSOR","95492","CA"
"521908","ACTIVE WITHDRAWN","18 | 0","","","DBA: AV BEVERAGE GROUP                        ESSER WINES LLC                         5570 SKYLANE BLVD, STE C,                         SANTA ROSA, CA  95403-1030","PO BOX 1124                              WINDSOR, CA  95492-1124","","","","27","4900","5570 SKYLANE BLVD, STE C","SANTA ROSA","49","95403","PO BOX 1124","WINDSOR","95492","CA"
"521919","ACTIVE CANCEL","02 | 0","09/05/2012","06/30/2024","DBA: TRE VITI WINE                        STOLO FAMILY WINERY INC                         3776 SANTA ROSA CREEK RD,                         CAMBRIA, CA  93428","860 CHALLENGER ST                              BREA, CA  92821","","","","13","4000","3776 SANTA ROSA CREEK RD","CAMBRIA","40","93428","860 CHALLENGER ST","BREA","92821","CA"
"537082","SUSPEN ACTIVE","47 | 0","04/22/2014","03/31/2024","DBA: YOLO SUSHI BAR & KARAOKE                        PHIMMACHACK, BOUNPHONE PON                         4907-11 E KINGS CANYON RD,                         FRESNO, CA  93727-3812","3804 BANYAN TREE DR                              MODESTO, CA  95355","","5,7","","21","1005","4907-11 E KINGS CANYON RD","FRESNO","10","93727","3804 BANYAN TREE DR","MODESTO","95355","CA"
"547553","ACTIVE CANCEL","41 | 0","01/21/2015","12/31/2023","DBA: WINGSTOP # 775                        SAGAR HOLDING CORPORATION                         11335 THIENES AVE, UNIT 1-A,                         SOUTH EL MONTE, CA  91733-4163","1468 GLEN PINES CT                              CHINO HILLS, CA  91709","","","","2","1962","11335 THIENES AVE, UNIT 1-A","SOUTH EL MONTE","19","91733","1468 GLEN PINES CT","CHINO HILLS","91709","CA"
"552211","ACTIVE CANCEL","20 | 0","01/22/2015","12/31/2023","REICHWAGE WINERY, INC                         1689 PLEASANT HILL RD,                         SEBASTOPOL, CA  95472-4916","","","7,I","","27","4900","1689 PLEASANT HILL RD","SEBASTOPOL","49","95472","","","",""
"552211","ACTIVE CANCEL","17 | 0","01/22/2015","12/31/2023","REICHWAGE WINERY, INC                         1689 PLEASANT HILL RD,                         SEBASTOPOL, CA  95472-4916","","","7","","27","4900","1689 PLEASANT HILL RD","SEBASTOPOL","49","95472","","","",""
"552877","ACTIVE CANCEL","41 | 0","07/22/2015","06/30/2024","DBA: CAFE GRATITUDE                        CAFÉ GRATITUDE SAN DIEGO LLC                         1980 KETTNER BLVD, #A-B,                         SAN DIEGO, CA  92101-2252","8733 SUNSET BLVD, STE 205                              WEST HOLLYWOOD, CA  90069-2244","","7","","10","3710","1980 KETTNER BLVD, #A-B","SAN DIEGO","37","92101","8733 SUNSET BLVD, STE 205","WEST HOLLYWOOD","90069","CA"
"553824","SLMSHD ACTIVE","48 | 0","04/08/2015","03/31/2024","DBA: WHY NOT LOUNGE                        AKRAMI, AHMAD AZIZ                         469 W A ST,                         HAYWARD, CA  94541-4840","","48-466694/ 48-611970","7","BAY AREA ESCROW COMPANY 2817 CROW CANYON RD STE 102 SAN RAMON, CA  94583","22","0100","469 W A ST","HAYWARD","01","94541","","","",""
"555608","REVPEN ACTIVE","41 | 0","05/12/2015","04/30/2024","DBA: SIRI THAI CUISINE                        SIRI THAI CUISINE LLC                         2730 W BURBANK BLVD,                         BURBANK, CA  91505-2305","","41-413338","","SEPULVEDA ESCROW CORPORATION 10550 SEPULVEDA BLVD STE 105 MISSION HILLS, CA  91345-1957","5","1910","2730 W BURBANK BLVD","BURBANK","19","91505","","","",""
"555608","REVPEN ACTIVE","41 | 0","05/12/2015","04/30/2024","DBA: SIRI THAI CUISINE                        SIRI THAI CUISINE LLC                         2730 W BURBANK BLVD,                         BURBANK, CA  91505-2305","","41-413338","","SEPULVEDA ESCROW CORPORATION 10550 SEPULVEDA BLVD STE 105 MISSION HILLS, CA  91345-1957","5","1910","2730 W BURBANK BLVD","BURBANK","19","91505","","","",""
"564764","AUTREV SUREND","17 | 1","03/22/2016","02/29/2024","DBA: WINE GROUP INTERNATIONAL THE                        GLOBAL GROUP INTERNATIONAL LLC                         2992 SPRING ST, STE D,                         REDWOOD CITY, CA  94063-3955","415 SHERWOOD DR, #301                              SAUSALITO, CA  94965","","","","25","4100","2992 SPRING ST, STE D","REDWOOD CITY","41","94063","415 SHERWOOD DR, #301","SAUSALITO","94965","CA"
"564764","AUTREV SUREND","17 | 1","03/22/2016","02/29/2024","DBA: WINE GROUP INTERNATIONAL THE                        GLOBAL GROUP INTERNATIONAL LLC                         2992 SPRING ST, STE D,                         REDWOOD CITY, CA  94063-3955","415 SHERWOOD DR, #301                              SAUSALITO, CA  94965","","","","25","4100","2992 SPRING ST, STE D","REDWOOD CITY","41","94063","415 SHERWOOD DR, #301","SAUSALITO","94965","CA"
"564764","AUTREV SUREND","09 | 1","03/22/2016","02/29/2024","DBA: WINE GROUP INTERNATIONAL THE                        GLOBAL GROUP INTERNATIONAL LLC                         2992 SPRING ST, STE D,                         REDWOOD CITY, CA  94063-3955","415 SHERWOOD DR, #301                              SAUSALITO, CA  94965","","","","25","4100","2992 SPRING ST, STE D","REDWOOD CITY","41","94063","415 SHERWOOD DR, #301","SAUSALITO","94965","CA"
"564764","AUTREV SUREND","09 | 1","03/22/2016","02/29/2024","DBA: WINE GROUP INTERNATIONAL THE                        GLOBAL GROUP INTERNATIONAL LLC                         2992 SPRING ST, STE D,                         REDWOOD CITY, CA  94063-3955","415 SHERWOOD DR, #301                              SAUSALITO, CA  94965","","","","25","4100","2992 SPRING ST, STE D","REDWOOD CITY","41","94063","415 SHERWOOD DR, #301","SAUSALITO","94965","CA"
"566464","ACTIVE CANCEL","41 | 0","06/01/2016","05/31/2024","DBA: CAFE ZOE                        KZ MARKETING GROUP, LLC                         1929 MENALTO AVE,                         MENLO PARK, CA  94025-2863","700 7TH AVE                              REDWOOD CITY, CA  94063","","7","","25","4107","1929 MENALTO AVE","MENLO PARK","41","94025","700 7TH AVE","REDWOOD CITY","94063","CA"
"567768","ACTIVE CANCEL","47 | 0","08/02/2016","07/31/2024","DBA: BARRILES RESTOBAR                        DOWNEY & 2ND, LLC                         11040 DOWNEY AVE,                         DOWNEY, CA  90241-3711","","47-559219/ 47-622389","7","CAPITAL TRUST ESCROW 280 S BEVERLY DR STE 300 BEVERLY HILLS, CA  90212","2","1916","11040 DOWNEY AVE","DOWNEY","19","90241","","","",""
"567768","ACTIVE CANCEL","47 | 0","08/02/2016","07/31/2024","DBA: BARRILES RESTOBAR                        DOWNEY & 2ND, LLC                         11040 DOWNEY AVE,                         DOWNEY, CA  90241-3711","","47-559219/ 47-622389","7","CAPITAL TRUST ESCROW 280 S BEVERLY DR STE 300 BEVERLY HILLS, CA  90212","2","1916","11040 DOWNEY AVE","DOWNEY","19","90241","","","",""
"568002","REVPEN ACTIVE","17 | 0","05/12/2016","04/30/2024","DBA: PROLIFIC VINES                        PROLIFIC VINES VINEYARD LLC                         165 HAPPY ACRES RD,                         LOS GATOS, CA  95032-5704","","","7","","25","4307","165 HAPPY ACRES RD","LOS GATOS","43","95032","","","",""
"568002","REVPEN ACTIVE","17 | 0","05/12/2016","04/30/2024","DBA: PROLIFIC VINES                        PROLIFIC VINES VINEYARD LLC                         165 HAPPY ACRES RD,                         LOS GATOS, CA  95032-5704","","","7","","25","4307","165 HAPPY ACRES RD","LOS GATOS","43","95032","","","",""
"576674","ACTIVE CANCEL","41 | 0","06/14/2017","05/31/2024","DBA: WINGSTOP 1232                        SAGAR HOLDING CORPORATION                         9635 MILLIKEN AVE, STE 105,                         RANCHO CUCAMONGA, CA  91730-9004","1468 GLEN PINES CT                              CHINO HILLS, CA  91709","","","","7","3615","9635 MILLIKEN AVE, STE 105","RANCHO CUCAMONGA","36","91730","1468 GLEN PINES CT","CHINO HILLS","91709","CA"
"583535","ACTIVE CANCEL","41 | 0","09/07/2017","08/31/2024","DBA: AMAZING WOK                        LONGSOURCE, INC                         1653-1655 LAUREL ST,                         SAN CARLOS, CA  94070","","41-379068/ 41-649635","","FIDELITY NATIONAL TITLE COMPANY 2099 GATEWAY PL STE 500 SAN JOSE, CA  95110","25","4112","1653-1655 LAUREL ST","SAN CARLOS","41","94070","","","",""
"588168","ACTIVE CANCEL","41 | 1","07/03/2018","06/30/2024","DBA: LINKEDIN                        BON APPETIT MANAGEMENT CO                         580 N MARY AVE,                         SUNNYVALE, CA  94085-2904","2400 YORKMONT RD, ATTN:  TAMMY CIPRIANO, MANAGER LIC & COMPLIANCE                              CHARLOTTE, NC  28217","","","","25","4316","580 N MARY AVE","SUNNYVALE","43","94085","2400 YORKMONT RD, ATTN:  TAMMY CIPRIANO, MANAGER LIC & COMPLIANCE","CHARLOTTE","28217","NC"
"588168","ACTIVE CANCEL","58 | 1","07/03/2018","06/30/2024","DBA: LINKEDIN                        BON APPETIT MANAGEMENT CO                         580 N MARY AVE,                         SUNNYVALE, CA  94085-2904","2400 YORKMONT RD, ATTN:  TAMMY CIPRIANO, MANAGER LIC & COMPLIANCE                              CHARLOTTE, NC  28217","","","","25","4316","580 N MARY AVE","SUNNYVALE","43","94085","2400 YORKMONT RD, ATTN:  TAMMY CIPRIANO, MANAGER LIC & COMPLIANCE","CHARLOTTE","28217","NC"
"588427","AUTREV ACTIVE","47 | 0","03/26/2019","02/29/2024","DBA: JUNZ TERIYAKI                        JUNO EXPRESS INC                         3002-3010 UNIVERSITY AVE,                         SAN DIEGO, CA  92104","3010 UNIVERSITY AVE                              SAN DIEGO, CA  92104-3002","48-375242","7","HERITAGE ESCROW 2550 5TH AVE STE 800 SAN DIEGO, CA  92103","10","3710","3002-3010 UNIVERSITY AVE","SAN DIEGO","37","92104","3010 UNIVERSITY AVE","SAN DIEGO","92104","CA"
"588427","AUTREV ACTIVE","47 | 0","03/26/2019","02/29/2024","DBA: JUNZ TERIYAKI                        JUNO EXPRESS INC                         3002-3010 UNIVERSITY AVE,                         SAN DIEGO, CA  92104","3010 UNIVERSITY AVE                              SAN DIEGO, CA  92104-3002","48-375242","7","HERITAGE ESCROW 2550 5TH AVE STE 800 SAN DIEGO, CA  92103","10","3710","3002-3010 UNIVERSITY AVE","SAN DIEGO","37","92104","3010 UNIVERSITY AVE","SAN DIEGO","92104","CA"
"590066","ACTIVE CANCEL","41 | 0","07/31/2018","06/30/2023","DBA: LAS PALMITAS FISH TACO                        TEE BOY INC                          1802 N IMPERIAL AVE, STE C ,                         EL CENTRO, CA  92243-1325","PO BOX 2423                              EL CENTRO, CA  92244-2423","","","","8","1304","1802 N IMPERIAL AVE, STE C","EL CENTRO","13","92243","PO BOX 2423","EL CENTRO","92244","CA"
"590714","REVPEN ACTIVE","41 | 1","05/03/2018","04/30/2024","DBA: JACK DOUGLASS SALOON, THE                         FAVELA, DENISE                          22718 MAIN ST,                         COLUMBIA, CA  95310","","41-553729","","CAPITOL CITY ESCROW INC 3838 WATT AVE #F610 SACRAMENTO, CA  95821","29","5500","22718 MAIN ST","COLUMBIA","55","95310","","","",""
"590714","REVPEN ACTIVE","41 | 1","05/03/2018","04/30/2024","DBA: JACK DOUGLASS SALOON, THE                         FAVELA, DENISE                          22718 MAIN ST,                         COLUMBIA, CA  95310","","41-553729","","CAPITOL CITY ESCROW INC 3838 WATT AVE #F610 SACRAMENTO, CA  95821","29","5500","22718 MAIN ST","COLUMBIA","55","95310","","","",""
"590714","REVPEN ACTIVE","58 | 1","05/03/2018","04/30/2024","DBA: JACK DOUGLASS SALOON, THE                         FAVELA, DENISE                          22718 MAIN ST,                         COLUMBIA, CA  95310","","41-553729","","CAPITOL CITY ESCROW INC 3838 WATT AVE #F610 SACRAMENTO, CA  95821","29","5500","22718 MAIN ST","COLUMBIA","55","95310","","","",""
"590714","REVPEN ACTIVE","58 | 1","05/03/2018","04/30/2024","DBA: JACK DOUGLASS SALOON, THE                         FAVELA, DENISE                          22718 MAIN ST,                         COLUMBIA, CA  95310","","41-553729","","CAPITOL CITY ESCROW INC 3838 WATT AVE #F610 SACRAMENTO, CA  95821","29","5500","22718 MAIN ST","COLUMBIA","55","95310","","","",""
"594669","ACTIVE CANCEL","20 | 0","07/22/2019","06/30/2024","DBA: CIRCLE 1 MARKET                        HAMED, FAWZI HAMED                         2144 PALM AVE,                         HIGHLAND, CA  92346-4504","","20-536100/ 20-648618","7","CORINTHIAN TITLE COMPANY INC 19340 JESSE LN STE 180 RIVERSIDE, CA  92508","7","3618","2144 PALM AVE","HIGHLAND","36","92346","","","",""
"600729","ACTIVE CANCEL","47 | 1","12/11/2018","11/30/2023","DBA: CREEK THE                        KIANTI ENTERPRISES INC.                         5623 SILVER CREEK VALLEY RD,                         SAN JOSE, CA  95138-2473","","47-590253/ 47-649612","","BUSINESS ESCROW SERVICE CENTER 3031 TISCH WY STE 310 SAN JOSE, CA  95128","25","4313","5623 SILVER CREEK VALLEY RD","SAN JOSE","43","95138","","","",""
"600729","ACTIVE CANCEL","58 | 1","12/11/2018","11/30/2023","DBA: CREEK THE                        KIANTI ENTERPRISES INC.                         5623 SILVER CREEK VALLEY RD,                         SAN JOSE, CA  95138-2473","","47-590253/ 47-649612","","BUSINESS ESCROW SERVICE CENTER 3031 TISCH WY STE 310 SAN JOSE, CA  95128","25","4313","5623 SILVER CREEK VALLEY RD","SAN JOSE","43","95138","","","",""
"604134","SUSPEN ACTIVE","41 | 0","04/12/2019","03/31/2024","DBA: MARISCOS EL LEVANTON                        AGUILERA, CRISTAL                          7651 CALIFORNIA AVE,                         HUNTINGTON PARK, CA  90255-6271","","","7","","2","1925","7651 CALIFORNIA AVE","HUNTINGTON PARK","19","90255","","","",""
"604141","ACTIVE SUREND","41 | 0","05/15/2019","04/30/2024","DBA: INDO THAI FINE CUISINE                        SINGH, BHAN                         700 N COURT ST,                         VISALIA, CA  93291-3612","","41-475828","","CHICAGO TITLE COMPANY 1750 WEST WALNUT AVE VISALIA, CA  93277","21","5406","700 N COURT ST","VISALIA","54","93291","","","",""
"608917","PEND ACTIVE","47 | 0","08/10/2023","07/31/2024","DBA: LA NACIONAL                        TREJO ARANA, EDUARDO IGNACIO                         279 3RD AVE,                         CHULA VISTA, CA  91910-2721","","","5,7","","10","3702","279 3RD AVE","CHULA VISTA","37","91910","","","",""
"608917","PEND ACTIVE","47 | 0","08/10/2023","07/31/2024","DBA: LA NACIONAL                        TREJO ARANA, EDUARDO IGNACIO                         279 3RD AVE,                         CHULA VISTA, CA  91910-2721","","","5,7","","10","3702","279 3RD AVE","CHULA VISTA","37","91910","","","",""
"609324","ACTIVE CANCEL","20 | 0","12/17/2019","11/30/2023","DBA: CORNER STORE, THE                        SHAAN BHANGU INC                         13191 LA BARR MEADOWS RD,                         GRASS VALLEY, CA  95949-6308","1841 SWAN FALLS LN                              ROSEVILLE, CA  95661","20-439861/ 20-641993","","CAPITOL CITY","23","2900","13191 LA BARR MEADOWS RD","GRASS VALLEY","29","95949","1841 SWAN FALLS LN","ROSEVILLE","95661","CA"
"612495","ACTIVE CANCEL","17 | 1","02/18/2020","01/31/2024","RM2 CONSULTING INC                         414 CHINN ST,                         SANTA ROSA, CA  95404-4340","6 HILLOCK AVE                              HAWTHORNE, NJ  07506-3440","","7","","27","4904","414 CHINN ST","SANTA ROSA","49","95404","6 HILLOCK AVE","HAWTHORNE","07506","NJ"
"612495","ACTIVE CANCEL","20 | 0","02/18/2020","01/31/2024","RM2 CONSULTING INC                         414 CHINN ST,                         SANTA ROSA, CA  95404-4340","6 HILLOCK AVE                              HAWTHORNE, NJ  07506-3440","","7,I","","27","4904","414 CHINN ST","SANTA ROSA","49","95404","6 HILLOCK AVE","HAWTHORNE","07506","NJ"
"612495","ACTIVE CANCEL","09 | 1","02/18/2020","01/31/2024","RM2 CONSULTING INC                         414 CHINN ST,                         SANTA ROSA, CA  95404-4340","6 HILLOCK AVE                              HAWTHORNE, NJ  07506-3440","","7","","27","4904","414 CHINN ST","SANTA ROSA","49","95404","6 HILLOCK AVE","HAWTHORNE","07506","NJ"
"614435","ACTIVE CANCEL","20 | 0","06/30/2021","05/31/2024","ANTHONY'S SHELL INC.                          9355 SOMERSET BLVD,                         BELLFLOWER, CA  90706-3447","2460 NEWPORT BLVD, #E                              COSTA MESA, CA  92627","20-602064/ 20-649384","7","SAPPHIRE ESCROW 17100 PIONEER BLVD STE 110 ARTESIA, CA  90701","3","1907","9355 SOMERSET BLVD","BELLFLOWER","19","90706","2460 NEWPORT BLVD, #E","COSTA MESA","92627","CA"
"619429","REVPEN ACTIVE","47 | 0","05/11/2021","04/30/2024","DBA: EL CAMARON LOCO BY METRO BALDERAS                        SC CORTEZ INC                         301 E SANTA CLARA ST, STE B,                         SAN JOSE, CA  95113-1939","","","5,7","","25","4313","301 E SANTA CLARA ST, STE B","SAN JOSE","43","95113","","","",""
"619429","REVPEN ACTIVE","47 | 0","05/11/2021","04/30/2024","DBA: EL CAMARON LOCO BY METRO BALDERAS                        SC CORTEZ INC                         301 E SANTA CLARA ST, STE B,                         SAN JOSE, CA  95113-1939","","","5,7","","25","4313","301 E SANTA CLARA ST, STE B","SAN JOSE","43","95113","","","",""
"622389","PEND ACTIVE","47 | 0","08/09/2023","07/31/2024","DBA: OLA RESTOBAR                        AZALEA PARK INC.                          11040 DOWNEY AVE,                         DOWNEY, CA  90241-3711","","47-567768","7","CALIFORNIA BUSINESS ESCROW INC 1748 MAIN ST ESCALON, CA  95320-1927","2","1916","11040 DOWNEY AVE","DOWNEY","19","90241","","","",""
"624199","PEND ACTIVE","41 | 0","08/09/2023","07/31/2024","DBA: MONTROSE BOWL                        RATNER BOWL LLC                         2334 HONOLULU AVE,                         MONTROSE, CA  91020-1822","4181 SUNSWEPT DR 1ST FLR                              STUDIO CITY, CA  91604-2376","","","","5","1900","2334 HONOLULU AVE","MONTROSE","19","91020","4181 SUNSWEPT DR 1ST FLR","STUDIO CITY","91604","CA"
"624314","REVPEN ACTIVE","18 | 0","05/27/2021","04/30/2024","DBA: MORALES FAMILY DISTRIBUTING                        MORALES, MONICA YVETTE                         321 N D ST BAY B,                         LOMPOC, CA  93436-6118","321 N D ST BAY B                              LOMPOC, CA  93436-6118","","","","13","4202","321 N D ST BAY B","LOMPOC","42","93436","321 N D ST BAY B","LOMPOC","93436","CA"
"624314","REVPEN ACTIVE","18 | 0","05/27/2021","04/30/2024","DBA: MORALES FAMILY DISTRIBUTING                        MORALES, MONICA YVETTE                         321 N D ST BAY B,                         LOMPOC, CA  93436-6118","321 N D ST BAY B                              LOMPOC, CA  93436-6118","","","","13","4202","321 N D ST BAY B","LOMPOC","42","93436","321 N D ST BAY B","LOMPOC","93436","CA"
"625813","PEND ACTIVE","06 | 0","08/10/2023","07/31/2024","DBA: LINCOLN SPEAKEASY TAPROOM                        BOLD HIJINKS CORPORATION                         436 LINCOLN BLVD, STE 202,                         LINCOLN, CA  95648-1869","3742 BANKHEAD RD                              LOOMIS, CA  95650-9008","","","","23","3103","436 LINCOLN BLVD, STE 202","LINCOLN","31","95648","3742 BANKHEAD RD","LOOMIS","95650","CA"
"625813","PEND ACTIVE","74 | 0","08/10/2023","07/31/2024","DBA: LINCOLN SPEAKEASY TAPROOM                        BOLD HIJINKS CORPORATION                         436 LINCOLN BLVD, STE 202,                         LINCOLN, CA  95648-1869","3742 BANKHEAD RD                              LOOMIS, CA  95650-9008","","","","23","3103","436 LINCOLN BLVD, STE 202","LINCOLN","31","95648","3742 BANKHEAD RD","LOOMIS","95650","CA"
"627469","SUSPEN ACTIVE","26 | 0","07/01/2021","06/30/2024","DBA: BAA BAA BREWHOUSE                        BAA BAA BREWHOUSE                         539 FM 359 RD S , UNIT 7,                         BROOKSHIRE, TX  77423","6110 GRAND GLEN CT                              KATY, TX  77494","","","","75","9999","539 FM 359 RD S , UNIT 7","BROOKSHIRE","","77423","6110 GRAND GLEN CT","KATY","77494","TX"
"633985","REVPEN ACTIVE","18 | 1","05/02/2022","04/30/2024","DBA: CREPUSCULE DEVELOPMENT LLC                        CREPUSCULE DEVELOPMENT LLC                         1820 E FIRST ST, UNIT 100,                         SANTA ANA, CA  92705-4009","","","","","11","3017","1820 E FIRST ST, UNIT 100","SANTA ANA","30","92705","","","",""
"633985","REVPEN ACTIVE","18 | 1","05/02/2022","04/30/2024","DBA: CREPUSCULE DEVELOPMENT LLC                        CREPUSCULE DEVELOPMENT LLC                         1820 E FIRST ST, UNIT 100,                         SANTA ANA, CA  92705-4009","","","","","11","3017","1820 E FIRST ST, UNIT 100","SANTA ANA","30","92705","","","",""
"633985","REVPEN ACTIVE","12 | 1","05/02/2022","04/30/2024","DBA: CREPUSCULE DEVELOPMENT LLC                        CREPUSCULE DEVELOPMENT LLC                         1820 E FIRST ST, UNIT 100,                         SANTA ANA, CA  92705-4009","","","","","11","3017","1820 E FIRST ST, UNIT 100","SANTA ANA","30","92705","","","",""
"633985","REVPEN ACTIVE","12 | 1","05/02/2022","04/30/2024","DBA: CREPUSCULE DEVELOPMENT LLC                        CREPUSCULE DEVELOPMENT LLC                         1820 E FIRST ST, UNIT 100,                         SANTA ANA, CA  92705-4009","","","","","11","3017","1820 E FIRST ST, UNIT 100","SANTA ANA","30","92705","","","",""
"634110","PEND ACTIVE","47 | 0","08/10/2023","07/31/2024","DBA: LA CONNESSA                        BACCHUS MANAGEMENT PARTNERS LLC                         1695 MARIPOSA ST,                         SAN FRANCISCO, CA  94107-2361","PO BOX 620442                              WOODSIDE, CA  94062-0442","47-568258","7","CALIFORNIA BUSINESS ESCROW INC 1748 MAIN STREET ESCALON, CA  95320","24","3800","1695 MARIPOSA ST","SAN FRANCISCO","38","94107","PO BOX 620442","WOODSIDE","94062","CA"
"634511","PEND ACTIVE","41 | 0","08/10/2023","07/31/2024","DBA: LOUIE'S ORIGINAL                        BACCHUS MANAGEMENT PARTNERS LLC                         1685 MARIPOSA ST,                         SAN FRANCISCO, CA  94107-2361","PO BOX 620442                              WOODSIDE, CA  94062-0442","","7","","24","3800","1685 MARIPOSA ST","SAN FRANCISCO","38","94107","PO BOX 620442","WOODSIDE","94062","CA"
"635526","REVPEN ACTIVE","41 | 0","05/03/2022","04/30/2024","DBA: BROKEN YOLK CAFE                        LA COSTA BYC LLC                         7670 EL CAMINO REAL, STE 104,                         CARLSBAD, CA  92009-7933","355 6TH AVE                              SAN DIEGO, CA  92101-7005","41-468700","","THE HERITAGE ESCROW COMPANY 2550 FIFTH AVENUE SUITE 800 SAN DIEGO, CA  92103","9","3701","7670 EL CAMINO REAL, STE 104","CARLSBAD","37","92009","355 6TH AVE","SAN DIEGO","92101","CA"
"635526","REVPEN ACTIVE","41 | 0","05/03/2022","04/30/2024","DBA: BROKEN YOLK CAFE                        LA COSTA BYC LLC                         7670 EL CAMINO REAL, STE 104,                         CARLSBAD, CA  92009-7933","355 6TH AVE                              SAN DIEGO, CA  92101-7005","41-468700","","THE HERITAGE ESCROW COMPANY 2550 FIFTH AVENUE SUITE 800 SAN DIEGO, CA  92103","9","3701","7670 EL CAMINO REAL, STE 104","CARLSBAD","37","92009","355 6TH AVE","SAN DIEGO","92101","CA"
"636240","PEND ACTIVE","41 | 0","08/10/2023","07/31/2024","DBA: CORAZON DE PIRU                        CBNHCAFE LLC                         3941 & 3945 CENTER ST,                         PIRU, CA  93040","837 PARK ST, PO 313                              PIRU, CA  93040","","7","","12","5600","3941 & 3945 CENTER ST","PIRU","56","93040","837 PARK ST, PO 313","PIRU","93040","CA"
"637956","PEND ACTIVE","41 | 0","08/10/2023","07/31/2024","DBA: SUNNYSIDE BREAKFAST & ASIAN FUSION                        MEEISARA, SAKRAPEE                         1221 19TH ST,                         SACRAMENTO, CA  95811-4103","1714 21ST APT 345                              SACRAMENTO, CA  95811","","7","","23","3405","1221 19TH ST","SACRAMENTO","34","95811","1714 21ST APT 345","SACRAMENTO","95811","CA"
"638616","PEND ACTIVE","41 | 0","08/10/2023","07/31/2024","DBA: URBAN PLATES                        URBAN PLATES LLC                         3055 OLIN AVE, STE 1020,                         SAN JOSE, CA  95128-2068","420 STEVENS AVE, STE 150                              SOLANA BEACH, CA  92075","","","","25","4313","3055 OLIN AVE, STE 1020","SAN JOSE","43","95128","420 STEVENS AVE, STE 150","SOLANA BEACH","92075","CA"
"638667","PEND ACTIVE","41 | 0","08/10/2023","07/31/2024","DBA: BUSHFIRE GRILL                        BUSHFIRE BEACHSIDE LLC                         2602 DEL MAR HEIGHTS RD, STE 102,                         SAN DIEGO, CA  92014-3110","","41-568158","7","","9","3710","2602 DEL MAR HEIGHTS RD, STE 102","SAN DIEGO","37","92014","","","",""
"638669","PEND ACTIVE","41 | 0","08/10/2023","07/31/2024","DBA: BUSHFIRE GRILL                        BUSHFIRE GRILL LLC                         3433 VIA MONTEBELLO, STE 166,                         CARLSBAD, CA  92009-8494","","41-551102","","","9","3701","3433 VIA MONTEBELLO, STE 166","CARLSBAD","37","92009","","","",""
"638800","PEND ACTIVE","74 | 0","08/09/2023","07/31/2024","DBA: BORDEN DISTILLERY                        BORDEN DISTILLERY LLC                         9904 CANOGA AVE,                         CHATSWORTH, CA  91311-3001","1600 N SAN FERNANDO BLVD #320                              BURBANK, CA  91504","","","","5","1933","9904 CANOGA AVE","CHATSWORTH","19","91311","1600 N SAN FERNANDO BLVD #320","BURBANK","91504","CA"
"638800","PEND ACTIVE","06 | 0","08/09/2023","07/31/2024","DBA: BORDEN DISTILLERY                        BORDEN DISTILLERY LLC                         9904 CANOGA AVE,                         CHATSWORTH, CA  91311-3001","1600 N SAN FERNANDO BLVD #320                              BURBANK, CA  91504","","","","5","1933","9904 CANOGA AVE","CHATSWORTH","19","91311","1600 N SAN FERNANDO BLVD #320","BURBANK","91504","CA"
"640033","PEND ACTIVE","12 | 1","08/10/2023","07/31/2024","DBA: ARALEZ BRANDY USA                        ARALEZ BRANDY USA INC                         1443 IDLEWOOD RD,                         GLENDALE, CA  91202-1418","244 5TH AVE S251, C/O REZZONATOR SERVICES                              NEW YORK, NY  10001-7604","","7","","5","1921","1443 IDLEWOOD RD","GLENDALE","19","91202","244 5TH AVE S251, C/O REZZONATOR SERVICES","NEW YORK","10001","NY"
"640033","PEND ACTIVE","18 | 1","08/10/2023","07/31/2024","DBA: ARALEZ BRANDY USA                        ARALEZ BRANDY USA INC                         1443 IDLEWOOD RD,                         GLENDALE, CA  91202-1418","244 5TH AVE S251, C/O REZZONATOR SERVICES                              NEW YORK, NY  10001-7604","","7","","5","1921","1443 IDLEWOOD RD","GLENDALE","19","91202","244 5TH AVE S251, C/O REZZONATOR SERVICES","NEW YORK","10001","NY"
"641262","PEND ACTIVE","41 | 0","08/09/2023","07/31/2024","DBA: TENDER GREENS                        TENDER GREENS OPCO, LLC                         325 N SAN FERNANDO RD,                         BURBANK, CA  91501-1126","1201 W 5TH ST, T-400                              LOS ANGELES, CA  90017-2090","41-565273","","BREWER CONSULTING, INC 26023 JEFFERSON AVE # D MURRIETA, CA  92562-6984","5","1910","325 N SAN FERNANDO RD","BURBANK","19","91501","1201 W 5TH ST, T-400","LOS ANGELES","90017","CA"
"641325","PEND ACTIVE","21 | 0","08/10/2023","07/31/2024","DBA: AK MARKET                        AKTA INVESTMENTS INC                         1178 SUNFLOWER AVE, STE E,                         COSTA MESA, CA  92626-1630","1178 SUNFLOWER AVE, STE E                              COSTA MESA, CA  92626-1630","","5","","11","3004","1178 SUNFLOWER AVE, STE E","COSTA MESA","30","92626","1178 SUNFLOWER AVE, STE E","COSTA MESA","92626","CA"
"641993","PEND ACTIVE","20 | 0","08/09/2023","07/31/2024","DBA: CORNER STORE, THE                        SINGH, SATNAM                         13191 LA BARR MEADOWS RD,                         GRASS VALLEY, CA  95949-6308","","20-609324","","CAPITOL CITY ESCROW, INC. 3838 WATT AVE STE F610 SACRAMENTO, CA  95821","23","2900","13191 LA BARR MEADOWS RD","GRASS VALLEY","29","95949","","","",""
"642329","ACTIVE CANCEL","21 | 0","05/03/2023","06/30/2024","DBA: 7 ELEVEN #19673                        7 ELEVEN INC                         7288 THORNTON AVE,                         NEWARK, CA  94560","PO BOX 139044, ATTN: LICENSING DEPARTMENT                              DALLAS, TX  75313-9044","","5","","22","0108","7288 THORNTON AVE","NEWARK","01","94560","PO BOX 139044, ATTN: LICENSING DEPARTMENT","DALLAS","75313","TX"
"643410","PEND ACTIVE","41 | 0","08/10/2023","07/31/2024","DBA: TENDER GREENS                        TENDER GREENS OPCO, LLC                         13455 MAXELLA AVE, STE 210,                         MARINA DEL REY, CA  90292-5682","","41-565292","","","3","1933","13455 MAXELLA AVE, STE 210","MARINA DEL REY","19","90292","","","",""
"643417","PEND ACTIVE","41 | 0","08/10/2023","07/31/2024","DBA: TENDER GREENS                        TENDER GREENS OPCO, LLC                         201 ARIZONA AVE,                         SANTA MONICA, CA  90401-1203","","41-565297","7","","3","1953","201 ARIZONA AVE","SANTA MONICA","19","90401","","","",""
"643421","PEND ACTIVE","41 | 0","08/10/2023","07/31/2024","DBA: TENDER GREENS                        TENDER GREENS OPCO, LLC                         21247 HAWTHORNE BLVD,                         TORRANCE, CA  90503-5501","","41-565299","","","3","1958","21247 HAWTHORNE BLVD","TORRANCE","19","90503","","","",""
"643422","PEND ACTIVE","41 | 0","08/10/2023","07/31/2024","DBA: TENDER GREENS                        TENDER GREENS OPCO, LLC                         2181 ROSECRANS AVE , SUITE A,                         EL SEGUNDO, CA  90245","","41-583978","","","3","1919","2181 ROSECRANS AVE , SUITE A","EL SEGUNDO","19","90245","","","",""
"644099","PEND ACTIVE","77 | 2","08/10/2023","07/31/2024","DBA: EPOCH CASINO INC                        EPOCH CASINO, INC.                           11275 FOLSOM BLVD,                         RANCHO CORDOVA, CA  95742-6253","1037 N SCREENLAND DR                              BURBANK, CA  91505","47-588487","","CALIFORNIA BUSINESS ESCROW, INC 1748 MAIN STREET ESCALON, CA  95320","23","3408","11275 FOLSOM BLVD","RANCHO CORDOVA","34","95742","1037 N SCREENLAND DR","BURBANK","91505","CA"
"644099","PEND ACTIVE","58 | 2","08/10/2023","07/31/2024","DBA: EPOCH CASINO INC                        EPOCH CASINO, INC.                           11275 FOLSOM BLVD,                         RANCHO CORDOVA, CA  95742-6253","1037 N SCREENLAND DR                              BURBANK, CA  91505","47-588487","","CALIFORNIA BUSINESS ESCROW, INC 1748 MAIN STREET ESCALON, CA  95320","23","3408","11275 FOLSOM BLVD","RANCHO CORDOVA","34","95742","1037 N SCREENLAND DR","BURBANK","91505","CA"
"644099","PEND ACTIVE","47 | 2","08/10/2023","07/31/2024","DBA: EPOCH CASINO INC                        EPOCH CASINO, INC.                           11275 FOLSOM BLVD,                         RANCHO CORDOVA, CA  95742-6253","1037 N SCREENLAND DR                              BURBANK, CA  91505","47-588487","","CALIFORNIA BUSINESS ESCROW, INC 1748 MAIN STREET ESCALON, CA  95320","23","3408","11275 FOLSOM BLVD","RANCHO CORDOVA","34","95742","1037 N SCREENLAND DR","BURBANK","91505","CA"
"644282","PEND ACTIVE","77 | 1","08/10/2023","07/31/2024","DBA: BANKSHOTS                        BLAKE, DAVID CLAYTON                         1129 OLIVE DR, STE A & B,                         BAKERSFIELD, CA  93308-4172","","41-588713","7","","6","1500","1129 OLIVE DR, STE A & B","BAKERSFIELD","15","93308","","","",""
"644282","PEND ACTIVE","41 | 1","08/10/2023","07/31/2024","DBA: BANKSHOTS                        BLAKE, DAVID CLAYTON                         1129 OLIVE DR, STE A & B,                         BAKERSFIELD, CA  93308-4172","","41-588713","7","","6","1500","1129 OLIVE DR, STE A & B","BAKERSFIELD","15","93308","","","",""
"644631","ACTIVE CANCEL","41 | 0","01/23/2023","12/31/2023","DBA: ROYAL CAFE                        HAV INVESTMENT GROUPS INC                         2847 S WHITE RD, STE 110,                         SAN JOSE, CA  95148-2942","","41-593520/ 41-647895","","","25","4313","2847 S WHITE RD, STE 110","SAN JOSE","43","95148","","","",""
"644712","PEND ACTIVE","42 | 0","08/10/2023","07/31/2024","DBA: OCEANCIDERS                        OCEANCIDERS LLC                         2 PILLAR POINT HARBOR BLVD,                         HALF MOON BAY, CA  94019","2315 CARLOS ST                              MOSS BEACH, CA  94038","","7","","25","4116","2 PILLAR POINT HARBOR BLVD","HALF MOON BAY","41","94019","2315 CARLOS ST","MOSS BEACH","94038","CA"
"644875","PEND ACTIVE","17 | 1","08/09/2023","07/31/2024","DBA: COUP CHAMPAGNE                        COUP BRANDS LLC                         3909 PARK RD,                         BENICIA, CA  94510-1183","3909 PARK RD                              BENICIA, CA  94510-1183","","7","","22","4801","3909 PARK RD","BENICIA","48","94510","3909 PARK RD","BENICIA","94510","CA"
"644875","PEND ACTIVE","20 | 0","08/09/2023","07/31/2024","DBA: COUP CHAMPAGNE                        COUP BRANDS LLC                         3909 PARK RD,                         BENICIA, CA  94510-1183","3909 PARK RD                              BENICIA, CA  94510-1183","","7,I","","22","4801","3909 PARK RD","BENICIA","48","94510","3909 PARK RD","BENICIA","94510","CA"
"644875","PEND ACTIVE","09 | 1","08/09/2023","07/31/2024","DBA: COUP CHAMPAGNE                        COUP BRANDS LLC                         3909 PARK RD,                         BENICIA, CA  94510-1183","3909 PARK RD                              BENICIA, CA  94510-1183","","7","","22","4801","3909 PARK RD","BENICIA","48","94510","3909 PARK RD","BENICIA","94510","CA"
"644919","PEND ACTIVE","41 | 0","08/09/2023","07/31/2024","DBA: MENDOCINO FARMS                        MENDOCINO FARMS LLC                         165 PLACERVILLE RD, STE E-101,                         FOLSOM, CA  95630-6320","","","","","23","3401","165 PLACERVILLE RD, STE E-101","FOLSOM","34","95630","","","",""
"645269","PEND ACTIVE","20 | 0","08/10/2023","07/31/2024","DBA: CARNICERIA LOS NAVARRETE                        CARNICERIA LOS NAVARRETE                         45 E 16TH ST,                         MERCED, CA  95340","","20-613012","7","CAPITAL CITY ESCROW INC 3838 WATT AVE #F610 SACRAMENTO, CA  95821","29","2406","45 E 16TH ST","MERCED","24","95340","","","",""
"645324","PEND ACTIVE","41 | 0","08/10/2023","07/31/2024","DBA: SR OZZY'S TACOS Y MARISCOS                        MARISCOS ARYBELLA LLC                         239 W LOS ANGELES AVE,                         MOORPARK, CA  93021-1867","13182 WESTCOTT CT                              MOORPARK, CA  93021-1886","","","","12","5610","239 W LOS ANGELES AVE","MOORPARK","56","93021","13182 WESTCOTT CT","MOORPARK","93021","CA"
"645647","PEND WITHDRAWN","17 | 0","","","DBA: ROBERT GREEN VINEYARDS                        ROBERT GREEN VINEYARDS                         343 4TH AVE,                         SAN DIEGO, CA  92101-6901","","","","","10","3710","343 4TH AVE","SAN DIEGO","37","92101","","","",""
"645647","PEND WITHDRAWN","20 | 0","","","DBA: ROBERT GREEN VINEYARDS                        ROBERT GREEN VINEYARDS                         343 4TH AVE,                         SAN DIEGO, CA  92101-6901","","","","","10","3710","343 4TH AVE","SAN DIEGO","37","92101","","","",""
"645659","PEND ACTIVE","77 | 1","08/10/2023","07/31/2024","DBA: MARIN BEVERAGE OUTLET                        AMANDEEP AND MONTY INC                         855 3RD ST,                         SAN RAFAEL, CA  94901-3312","","42-409494","7","OLD REPUBLIC TITLE COMPANY 1000 BURNETT AVE 400 CONCORD, CA  94520","27","2108","855 3RD ST","SAN RAFAEL","21","94901","","","",""
"645659","PEND ACTIVE","42 | 1","08/10/2023","07/31/2024","DBA: MARIN BEVERAGE OUTLET                        AMANDEEP AND MONTY INC                         855 3RD ST,                         SAN RAFAEL, CA  94901-3312","","42-409494","7","OLD REPUBLIC TITLE COMPANY 1000 BURNETT AVE 400 CONCORD, CA  94520","27","2108","855 3RD ST","SAN RAFAEL","21","94901","","","",""
"645659","PEND ACTIVE","21 | 0","08/10/2023","07/31/2024","DBA: MARIN BEVERAGE OUTLET                        AMANDEEP AND MONTY INC                         855 3RD ST,                         SAN RAFAEL, CA  94901-3312","","21-409494","7","OLD REPUBLIC TITLE COMPANY 1000 BURNETT AVE 400 CONCORD, CA  94520","27","2108","855 3RD ST","SAN RAFAEL","21","94901","","","",""
"645659","PEND ACTIVE","86 | 0","08/10/2023","07/31/2024","DBA: MARIN BEVERAGE OUTLET                        AMANDEEP AND MONTY INC                         855 3RD ST,                         SAN RAFAEL, CA  94901-3312","","86-409494","7","OLD REPUBLIC TITLE COMPANY 1000 BURNETT AVE 400 CONCORD, CA  94520","27","2108","855 3RD ST","SAN RAFAEL","21","94901","","","",""
"645974","PEND ACTIVE","41 | 0","08/17/2023","07/31/2024","DBA: FOWLER PIZZA FACTORY                        HAMBLET, ASHLEY RAE                         133 S 6TH ST,                         FOWLER, CA  93625","","41-348577","","CAPITAL CITY ESCROW INC 3838 WATT AVE #F610 SACRAMENTO, CA  95821","21","1004","133 S 6TH ST","FOWLER","10","93625","","","",""
"646029","PEND ACTIVE","20 | 0","08/10/2023","07/31/2024","DBA: SAKE SECRET                        SAKE SECRET LLC                         460 PINE AVE,                         LONG BEACH, CA  90802-2348","","","7","","3","1932","460 PINE AVE","LONG BEACH","19","90802","","","",""
"646029","PEND ACTIVE","42 | 0","08/10/2023","07/31/2024","DBA: SAKE SECRET                        SAKE SECRET LLC                         460 PINE AVE,                         LONG BEACH, CA  90802-2348","","","7","","3","1932","460 PINE AVE","LONG BEACH","19","90802","","","",""
"646083","PEND ACTIVE","20 | 0","08/10/2023","07/31/2024","DBA: PRIMO MARKET                        SALEH, WADDAH SALAHALI                         3145 E OLNEY AVE,                         FRESNO, CA  93725-2525","3145 E OLNEY AVE                              FRESNO, CA  93725-2525","20-569672","","TICOR TITLE COMPANY 10000  STOCKDALE HWY STE 101 BAKERSFIELD, CA  93311","21","1000","3145 E OLNEY AVE","FRESNO","10","93725","3145 E OLNEY AVE","FRESNO","93725","CA"
"646221","PEND ACTIVE","47 | 0","08/09/2023","07/31/2024","DBA: CAFE VARY                        STORMY VENTURES LLC                          434 25TH ST,                         OAKLAND, CA  94612-2409","3293 BRIGGS AVE                              ALAMEDA, CA  94501","47-466146","7","CALIFORNIA BUSINESS ESCROW","22","0109","434 25TH ST","OAKLAND","01","94612","3293 BRIGGS AVE","ALAMEDA","94501","CA"
"646418","PEND ACTIVE","21 | 0","08/10/2023","07/31/2024","DBA: BEVERAGE HOUSE LIQUOR #11                        NISQUALLI STATION INC.                         547 W I ST,                         LOS BANOS, CA  93635","","21-620988","","ABC ESCROW 2222 DAMON STREET  LOS ANGELES, CA  90021","29","2405","547 W I ST","LOS BANOS","24","93635","","","",""
"646488","PEND ACTIVE","47 | 0","08/10/2023","07/31/2024","DBA: WALNUT TAVERN THE                        NAMO  BUDDHA LLC                         1508 WALNUT ST, STE B,                         BERKELEY, CA  94709-1564","3375 CARLSON BLVD, APT 13                              EL CERRITO, CA  94530","47-452081","7","ABC ESCROW 2222 DAMON ST  LOS ANGELES, CA  90021","22","0103","1508 WALNUT ST, STE B","BERKELEY","01","94709","3375 CARLSON BLVD, APT 13","EL CERRITO","94530","CA"
"646617","PEND ACTIVE","20 | 0","08/10/2023","07/31/2024","DBA: LA PERLA MARKET                        MEJIA AVILA, SOCORRO                         6650 COMMERCE BLVD, STE 1,                         ROHNERT PARK, CA  94928-2472","","20-394152","","OLD REPUBLIC TITLE 1000 BURNETT AVE STE 400 CONCORD, CA  94520-2088","27","4907","6650 COMMERCE BLVD, STE 1","ROHNERT PARK","49","94928","","","",""
"646741","PEND ACTIVE","41 | 0","08/10/2023","07/31/2024","DBA: DISTRICT 4 PIZZA                        MOSTON RESTAURANT GROUP 2.0 LLC                         2123 N BELLFLOWER BLVD,                         LONG BEACH, CA  90815","","","7","","3","1932","2123 N BELLFLOWER BLVD","LONG BEACH","19","90815","","","",""
"646756","PEND ACTIVE","41 | 0","08/09/2023","07/31/2024","DBA: SOFRA GRILL                        SOFRA GRILL, INC.                         120 HAZELWOOD DR,                         SOUTH SAN FRANCISCO, CA  94080-5720","","","","","25","4114","120 HAZELWOOD DR","SOUTH SAN FRANCISCO","41","94080","","","",""
"646780","PEND ACTIVE","41 | 0","08/10/2023","07/31/2024","DBA: SUBAN SUSHI                        SUBAN SUSHI INC                         20911 SHERMAN WAY,                         CANOGA PARK, CA  91305-1743","9003 RESEDA BLVD STE 200                              NORTHRIDGE, CA  91303-3946","","","","5","1933","20911 SHERMAN WAY","CANOGA PARK","19","91305","9003 RESEDA BLVD STE 200","NORTHRIDGE","91303","CA"
"646914","PEND ACTIVE","41 | 1","08/09/2023","06/30/2024","DBA: LINKEDIN                        BON APPETIT MANAGEMENT CO                         845 W MAUDE AVE,                         SUNNYVALE, CA  94085","","41-588168","","","25","4316","845 W MAUDE AVE","SUNNYVALE","43","94085","","","",""
"646914","PEND ACTIVE","58 | 1","08/09/2023","06/30/2024","DBA: LINKEDIN                        BON APPETIT MANAGEMENT CO                         845 W MAUDE AVE,                         SUNNYVALE, CA  94085","","41-588168","","","25","4316","845 W MAUDE AVE","SUNNYVALE","43","94085","","","",""
"646934","PEND ACTIVE","41 | 0","08/10/2023","07/31/2024","DBA: TUBBYS RESTAURANT                        TUBBY'S RESTAURANT LLC                         199 SOUTHWEST BLVD,                         ROHNERT PARK, CA  94928-3780","","41-582920","","","27","4907","199 SOUTHWEST BLVD","ROHNERT PARK","49","94928","","","",""
"647010","PEND ACTIVE","41 | 0","08/10/2023","07/31/2024","DBA: CAFE COLONIAL                        CAFE COLONIAL ENTERTAINMENT, LLC                         3520 STOCKTON BLVD,                         SACRAMENTO, CA  95820-1442","","41-601624","7","","23","3405","3520 STOCKTON BLVD","SACRAMENTO","34","95820","","","",""
"647116","PEND ACTIVE","02 | 0","08/10/2023","06/30/2024","DBA: ATOST                        PRESSMAN WINES LLC.                         5142 N COMMERCE AVE , STE A,                         MOORPARK, CA  93021-7140","","","","","12","5610","5142 N COMMERCE AVE , STE A","MOORPARK","56","93021","","","",""
"647339","PEND ACTIVE","41 | 0","08/10/2023","07/31/2024","DBA: TAQUERO MUCHO                        VALDEZ TAQUERO MUCHO, INC.                         8260 FIRESTONE BLVD,                         DOWNEY, CA  90241-4810","","41-625096","","","2","1916","8260 FIRESTONE BLVD","DOWNEY","19","90241","","","",""
"647355","PEND ACTIVE","41 | 0","08/10/2023","07/31/2024","DBA: GOI EXPRESS                        THAI2GO LLC                         25060 HANCOCK AVE, STE 107,                         MURRIETA, CA  92562-5959","","","","","7","3323","25060 HANCOCK AVE, STE 107","MURRIETA","33","92562","","","",""
"647383","PEND ACTIVE","17 | 1","08/09/2023","07/31/2024","ALASKA CRAFT DISTRIBUTING LLC                         120 30TH ST RM 21,                         BAKERSFIELD, CA  93304-2533","12851 GOLDEN EAGLE DR                              EAGLE RIVER, AK  99577-6062","","","","6","1501","120 30TH ST RM 21","BAKERSFIELD","15","93304","12851 GOLDEN EAGLE DR","EAGLE RIVER","99577","AK"
"647383","PEND ACTIVE","18 | 1","08/09/2023","07/31/2024","ALASKA CRAFT DISTRIBUTING LLC                         120 30TH ST RM 21,                         BAKERSFIELD, CA  93304-2533","12851 GOLDEN EAGLE DR                              EAGLE RIVER, AK  99577-6062","","","","6","1501","120 30TH ST RM 21","BAKERSFIELD","15","93304","12851 GOLDEN EAGLE DR","EAGLE RIVER","99577","AK"
"647383","PEND ACTIVE","09 | 1","08/09/2023","07/31/2024","ALASKA CRAFT DISTRIBUTING LLC                         120 30TH ST RM 21,                         BAKERSFIELD, CA  93304-2533","12851 GOLDEN EAGLE DR                              EAGLE RIVER, AK  99577-6062","","","","6","1501","120 30TH ST RM 21","BAKERSFIELD","15","93304","12851 GOLDEN EAGLE DR","EAGLE RIVER","99577","AK"
"647383","PEND ACTIVE","12 | 1","08/09/2023","07/31/2024","ALASKA CRAFT DISTRIBUTING LLC                         120 30TH ST RM 21,                         BAKERSFIELD, CA  93304-2533","12851 GOLDEN EAGLE DR                              EAGLE RIVER, AK  99577-6062","","","","6","1501","120 30TH ST RM 21","BAKERSFIELD","15","93304","12851 GOLDEN EAGLE DR","EAGLE RIVER","99577","AK"
"647410","PEND ACTIVE","02 | 0","08/10/2023","06/30/2024","DBA: FENNACY WINE                        FENNACY WINE COMPANY, LLC                         38060 PARAISO SPRINGS RD, STE B,                         SOLEDAD, CA  93960","177 WEBSTER ST, PMB 424                              MONTEREY, CA  93940","","","","26","2710","38060 PARAISO SPRINGS RD, STE B","SOLEDAD","27","93960","177 WEBSTER ST, PMB 424","MONTEREY","93940","CA"
"647485","PEND ACTIVE","41 | 0","08/10/2023","07/31/2024","DBA: KURO SUSHI                        HGY GROUP INC                         5943 EL CAJON BLVD,                         SAN DIEGO, CA  92115","8142 GILMAN CT                              LA JOLLA, CA  92115","41-636616","7","PACIFIC HOMELAND ESCROW INC 8799 BALBOA AVENUE STE 100 SAN DIEGO, CA  92123","10","3710","5943 EL CAJON BLVD","SAN DIEGO","37","92115","8142 GILMAN CT","LA JOLLA","92115","CA"
"647566","PEND ACTIVE","21 | 0","08/10/2023","07/31/2024","DBA: MODERN LIQUOR & MARKET 1                        MODERN LIQUOR & MARKET 1                         1534 W FLORENCE AVE,                         LOS ANGELES, CA  90047-2212","","21-516096","","UNITED ESCFOW COMPANY 3440 WILSHIRE BLVD STE 600 LOS ANGELES, CA  90010","4","1933","1534 W FLORENCE AVE","LOS ANGELES","19","90047","","","",""
"647642","PEND ACTIVE","41 | 0","08/10/2023","07/31/2024","DBA: TACOMASA                        TACOMASA 1 LLC                         4740 E 7TH ST 130,                         LONG BEACH, CA  90804-4335","7245 GARDEN GROVE BLVD, STE E                              GARDEN GROVE, CA  92841-4216","","7","","3","1932","4740 E 7TH ST 130","LONG BEACH","19","90804","7245 GARDEN GROVE BLVD, STE E","GARDEN GROVE","92841","CA"
"647870","PEND ACTIVE","41 | 0","08/10/2023","07/31/2024","DBA: ITALIA'S PIZZA KITCHEN                        ITALIA'S PIZZA KITCHEN, LTD                         2278 NEWPORT BLVD,                         COSTA MESA, CA  92627-7180","316 OLIVE AVE, UNIT 774                              HUNTINGTON BEACH, CA  92648-7734","41-500513","7","THE ESCROW SPECTRUM, INC. 15615 ALTON PKWY STE 450 IRVINE, CA  92618-3308","11","3004","2278 NEWPORT BLVD","COSTA MESA","30","92627","316 OLIVE AVE, UNIT 774","HUNTINGTON BEACH","92648","CA"
"647895","PEND ACTIVE","41 | 0","08/09/2023","07/31/2024","DBA: AOTA HOUSE                        AOTA HOUSE                         2847 S WHITE RD, STE 110,                         SAN JOSE, CA  95148-2942","","41-644631","","BUSINESS & ESCROW SERVICE CENTER 3031 TISCH WAY 310 SAN JOSE, CA  95128","25","4313","2847 S WHITE RD, STE 110","SAN JOSE","43","95148","","","",""
"647896","PEND ACTIVE","41 | 0","08/09/2023","07/31/2024","DBA: LOTUS ASIAN CUISINE                        1410 PCH INC.                         1410 S PACIFIC COAST HWY,                         REDONDO BEACH, CA  90277-5001","573 MONTEREY PASS RD                              MONTEREY PARK, CA  91754-2435","","7","","3","1946","1410 S PACIFIC COAST HWY","REDONDO BEACH","19","90277","573 MONTEREY PASS RD","MONTEREY PARK","91754","CA"
"648095","PEND ACTIVE","02 | 0","08/10/2023","06/30/2024","REBROOK CELLARS, LLC                         15 CHATEAU LN,                         NAPA, CA  94558-3847","26207B OAK RIDGE DR                              SPRING, TX  77380-1960","","","","27","2800","15 CHATEAU LN","NAPA","28","94558","26207B OAK RIDGE DR","SPRING","77380","TX"
"648109","PEND ACTIVE","47 | 0","08/09/2023","07/31/2024","DBA: WHISKEY CREEK RESTAURANT                         SHOT OF WHISKEY INC                         524 N MAIN ST,                         BISHOP, CA  93514-2745","","","","INYO MONO TITLE COMPANY 873 N MAIN ST BISHOP, CA  93514","6","1401","524 N MAIN ST","BISHOP","14","93514","","","",""
"648166","PEND ACTIVE","82 | 0","08/10/2023","07/31/2024","HOCKING HILLS WINERY LLC                         30402 FREEMAN RD.,                         LOGAN, OH  43138","","","","","75","9999","30402 FREEMAN RD.","LOGAN","","43138","","","",""
"648235","PEND ACTIVE","23 | 0","08/09/2023","07/31/2024","DBA: ROCHE WINERY LLC                        ROCHE WINERY LLC                         1016 RAILROAD AVE,                         NOVATO, CA  94945-2510","122 W SPAIN ST                              SONOMA, CA  95476-5616","","","","27","2110","1016 RAILROAD AVE","NOVATO","21","94945","122 W SPAIN ST","SONOMA","95476","CA"
"648290","PEND ACTIVE","41 | 0","08/09/2023","07/31/2024","DBA: SOON HEE NE TWO ZONE                         WELKIN LLC                          14230 CHINO HILLS PKWY , STE 8,                         CHINO HILLS, CA  91709-4881","2317 MADRUGADA DR                               CHINO HILLS, CA  91709","","","","7","3623","14230 CHINO HILLS PKWY , STE 8","CHINO HILLS","36","91709","2317 MADRUGADA DR","CHINO HILLS","91709","CA"
"648292","PEND ACTIVE","21 | 0","08/10/2023","07/31/2024","DBA: MRS LIQUOR                         MRS LIQUOR                         13534 NAVAJO RD, STE F,                         APPLE VALLEY, CA  92308","6117 DASHWOOD WAY                               PALMDALE, CA  93553","21-644526","7","STEWART TITLE OF CALIFORNIA INC 12550 HESPERIA RD STE 200 VICTORVILLE, CA  92395","7","3621","13534 NAVAJO RD, STE F","APPLE VALLEY","36","92308","6117 DASHWOOD WAY","PALMDALE","93553","CA"
"648327","PEND ACTIVE","02 | 0","08/10/2023","06/30/2024","DBA: THE VICE                        VICE WINES LLC, THE                         512 MEADOWOOD LN,                         SAINT HELENA, CA  94574-9643","512 MEADOWOOD LN                              SAINT HELENA, CA  94574-9643","","","","27","2800","512 MEADOWOOD LN","SAINT HELENA","28","94574","512 MEADOWOOD LN","SAINT HELENA","94574","CA"
"648334","PEND ACTIVE","41 | 0","08/09/2023","07/31/2024","DBA: HEIGHTS, THE                        ANIMAMIA LLC                         1980 KETTNER BLVD, #A-B,                         SAN DIEGO, CA  92101-2252","4850 PACIFIC HWY, #10                              SAN DIEGO, CA  92110","41-552877","7","HERITAGE ESCROW 2550 5TH AVE STE 800 SAN DIEGO, CA  92103","10","3710","1980 KETTNER BLVD, #A-B","SAN DIEGO","37","92101","4850 PACIFIC HWY, #10","SAN DIEGO","92110","CA"
"648472","PEND ACTIVE","41 | 0","08/09/2023","07/31/2024","DBA: SENZA HOTEL                        BLH CONCESSIONS, LLC                         4066 ST HELENA HWY,                         NAPA, CA  94558","7150 PRESTON RD, SUITE 300                              PLANO , TX  75024","41-448695","","CALIFORNIA BUSINESS ESCROW 1748 MAIN STREET ESCALON, CA  95320","27","2802","4066 ST HELENA HWY","NAPA","28","94558","7150 PRESTON RD, SUITE 300","PLANO","75024","TX"
"648481","PEND ACTIVE","02 | 0","08/10/2023","06/30/2024","DBA: KINGSMARK WINE                        KINGSMARK WINES, LLC                         1077 DUNAWEAL LN,                         CALISTOGA, CA  94515-9799","5841 PARK LN                              DALLAS, TX  75225","","","","27","2800","1077 DUNAWEAL LN","CALISTOGA","28","94515","5841 PARK LN","DALLAS","75225","TX"
"648482","PEND ACTIVE","21 | 0","08/09/2023","07/31/2024","DBA: 7-10 LIQUOR MARKET INC.                        7-10 LIQUOR MARKET INC                         3500 MARTIN LUTHER KING JR BLVD,                         LYNWOOD, CA  90262-2010","","21-458127","7","TEAM ESCROW INC 6025 BEACH BLVD BUENA PARK, CA  90621-2304","3","1934","3500 MARTIN LUTHER KING JR BLVD","LYNWOOD","19","90262","","","",""
"648567","PEND ACTIVE","21 | 0","08/09/2023","06/30/2024","DBA: 7 ELEVEN #19673                        7 ELEVEN INC                         7288 THORNTON AVE,                         NEWARK, CA  94560","PO BOX 139044, ATTN: LICENSING DEPARTMENT                              DALLAS, TX  75313-9044","21-642329","5","","22","0108","7288 THORNTON AVE","NEWARK","01","94560","PO BOX 139044, ATTN: LICENSING DEPARTMENT","DALLAS","75313","TX"
"648618","PEND ACTIVE","20 | 0","08/09/2023","07/31/2024","DBA: CIRCLE 1 MART                         SEDER BROTHERS INC                         2144 PALM AVE,                         HIGHLAND, CA  92346-4504","8780 19TH ST #517, C/O ABL CONSULTING                              ALTA LOMA, CA  91701","20-594669","7","BENNETT ESCROW 332 N RIVERSIDE AVENUE RIALTO, CA  92376-5926","7","3618","2144 PALM AVE","HIGHLAND","36","92346","8780 19TH ST #517, C/O ABL CONSULTING","ALTA LOMA","91701","CA"
"648776","PEND ACTIVE","64 | 0","08/10/2023","07/31/2024","DBA: REVOLUTION STAGE COMPANY                         REVOLUTION STAGE COMPANY                         611 S PALM CANYON DR , STE 15 ,                         PALM SPRINGS, CA  92264-7457","611 S PALM CANYON DR , STE 7-231                              PALM SPRINGS, CA  92264-7231","","7","","8","3310","611 S PALM CANYON DR , STE 15","PALM SPRINGS","33","92264","611 S PALM CANYON DR , STE 7-231","PALM SPRINGS","92264","CA"
"648837","PEND ACTIVE","21 | 0","08/10/2023","07/31/2024","DBA: F & M LIQUOR                        SRI, INC.                         8725-27 WHITTIER BLVD,                         PICO RIVERA, CA  90660-2670","","21-601855","","FIRST HAVEN ESCROW INC 6301 BEACH BLVD STE 204 BUENA PARK, CA  90621","2","1944","8725-27 WHITTIER BLVD","PICO RIVERA","19","90660","","","",""
"648846","PEND ACTIVE","21 | 0","08/10/2023","07/31/2024","DBA: N & V LIQUOR & GROCERY                        GHALEB, DHEKRA SALEH AHMED                         2702 24TH ST,                         SAN FRANCISCO, CA  94110-4212","","21-556874","7","","24","3800","2702 24TH ST","SAN FRANCISCO","38","94110","","","",""
"648860","PEND ACTIVE","20 | 0","08/10/2023","07/31/2024","DBA: KABAYAN FILIPINO MARKET                        KABAYAN FILIPINO MARKET LLC                         6590 COMMERCE BLVD, STE A,                         ROHNERT PARK, CA  94928-7809","","","","","27","4907","6590 COMMERCE BLVD, STE A","ROHNERT PARK","49","94928","","","",""
"648959","PEND ACTIVE","41 | 0","08/10/2023","07/31/2024","DBA: MOTHER RESTAURANT                        VENTURO INC                         2319 K ST, STE B,                         SACRAMENTO, CA  95816-5031","2656 9TH AVE                              SACRAMENTO, CA  95818","","7","","23","3405","2319 K ST, STE B","SACRAMENTO","34","95816","2656 9TH AVE","SACRAMENTO","95818","CA"
"649016","PEND ACTIVE","41 | 0","08/09/2023","07/31/2024","DBA: CAL CITY DELI                        CAL CITY DELI MARKET                         8209 CALIFORNIA CITY BLVD, STE 113,                         CALIFORNIA CITY, CA  93505-2641","","","","","6","1511","8209 CALIFORNIA CITY BLVD, STE 113","CALIFORNIA CITY","15","93505","","","",""
"649029","PEND ACTIVE","41 | 0","08/10/2023","07/31/2024","DBA: BLAZE PIZZA                        EKTA OUTLETS LLC                         5620 PASEO DEL NORTE, STE 126C,                         CARLSBAD, CA  92008-4446","11873 VALLEY VIEW ST #188                              GARDEN GROVE, CA  92845","41-538920","","CITY WIDE ESCROW SERVICES INC 12501 SEAL BEACH BLVD STE 130 SEAL BEACH, CA  90740-2755","9","3701","5620 PASEO DEL NORTE, STE 126C","CARLSBAD","37","92008","11873 VALLEY VIEW ST #188","GARDEN GROVE","92845","CA"
"649035","PEND ACTIVE","41 | 0","08/10/2023","07/31/2024","DBA: YIANNIS GRILL                        IOANNIDES, JOHN PERICLES                         275 S WASHINGTON ST,                         SONORA, CA  95370","","","7","","29","5501","275 S WASHINGTON ST","SONORA","55","95370","","","",""
"649098","ACTIVE PEND","02 | 0","","","DBA: CROMA VERA WINES                        CROMA VERA WINES, INC.                          3183 DUNCAN RD, STE D,                         SAN LUIS OBISPO, CA  93401-6781","3940 BROAD ST , #7394                              SAN LUIS OBISPO, CA  93401-7017","","7","","13","4004","3183 DUNCAN RD, STE D","SAN LUIS OBISPO","40","93401","3940 BROAD ST , #7394","SAN LUIS OBISPO","93401","CA"
"649098","ISSUED PENDING","02 | 0","","","DBA: CROMA VERA WINES                        CROMA VERA WINES, INC.                          3183 DUNCAN RD, STE D,                         SAN LUIS OBISPO, CA  93401-6781","3940 BROAD ST , #7394                              SAN LUIS OBISPO, CA  93401-7017","","7","","13","4004","3183 DUNCAN RD, STE D","SAN LUIS OBISPO","40","93401","3940 BROAD ST , #7394","SAN LUIS OBISPO","93401","CA"
"649182","PEND ACTIVE","47 | 0","08/10/2023","07/31/2024","DBA: CASA JIMENEZ                         BANUELOS , ROGELIO  JR                          26862 CHERRY HILLS BLVD,                         MENIFEE, CA  92586-2567","","47-563366","","SECURITY LAND ESCROW 10805 PARAMOUNT BLVD STE A DOWNEY, CA  90241-3308","7","3327","26862 CHERRY HILLS BLVD","MENIFEE","33","92586","","","",""
"649266","PEND ACTIVE","47 | 1","08/10/2023","07/31/2024","DBA: MAGIC LAMP INN                        MAGIC LAMP MANAGEMENT INC.                         8189 FOOTHILL BLVD,                         RANCHO CUCAMONGA, CA  91730-3133","813 N EUCLID AVE                              ONTARIO, CA  91762-2713","47-527215","","COAST TO COAST ESCROW SERVICES, INC. 19772 MACARTHUR BLVD  STE 120 IRVINE, CA  92612","7","3615","8189 FOOTHILL BLVD","RANCHO CUCAMONGA","36","91730","813 N EUCLID AVE","ONTARIO","91762","CA"
"649266","PEND ACTIVE","58 | 1","08/10/2023","07/31/2024","DBA: MAGIC LAMP INN                        MAGIC LAMP MANAGEMENT INC.                         8189 FOOTHILL BLVD,                         RANCHO CUCAMONGA, CA  91730-3133","813 N EUCLID AVE                              ONTARIO, CA  91762-2713","47-527215","","COAST TO COAST ESCROW SERVICES, INC. 19772 MACARTHUR BLVD  STE 120 IRVINE, CA  92612","7","3615","8189 FOOTHILL BLVD","RANCHO CUCAMONGA","36","91730","813 N EUCLID AVE","ONTARIO","91762","CA"
"649266","PEND ACTIVE","47 | 1","08/10/2023","07/31/2024","DBA: MAGIC LAMP INN                        MAGIC LAMP MANAGEMENT INC.                         8189 FOOTHILL BLVD,                         RANCHO CUCAMONGA, CA  91730-3133","813 N EUCLID AVE                              ONTARIO, CA  91762-2713","47-527215","","COAST TO COAST ESCROW SERVICES, INC. 19772 MACARTHUR BLVD  STE 120 IRVINE, CA  92612","7","3615","8189 FOOTHILL BLVD","RANCHO CUCAMONGA","36","91730","813 N EUCLID AVE","ONTARIO","91762","CA"
"649292","PEND ACTIVE","41 | 0","08/09/2023","07/31/2024","DBA: BUSHFIRE KITCHEN                        BUSHFIRE RC LLC                         10990 FOOTHILL BLVD, STE 100,                         RANCHO CUCAMONGA, CA  91730-7634","3433 VIA MONTEBELLO, STE 166                              CARLSBAD, CA  92009-8494","","","","7","3615","10990 FOOTHILL BLVD, STE 100","RANCHO CUCAMONGA","36","91730","3433 VIA MONTEBELLO, STE 166","CARLSBAD","92009","CA"
"649297","PEND ACTIVE","41 | 0","08/09/2023","07/31/2024","DBA: NEIGHBORHOOD PIZZA GUY AT CAFE ZOE                        NEIGHBORHOOD PIZZA LLC                         1929 MENALTO AVE,                         MENLO PARK, CA  94025-2863","","41-566464","7","BUSINESS & ESCROW SERVICE CENTER 3031 TISCH WAY #301 SAN JOSE, CA  95218","25","4107","1929 MENALTO AVE","MENLO PARK","41","94025","","","",""
"649306","PEND ACTIVE","41 | 0","08/09/2023","07/31/2024","DBA: SHWE YANKIN                        SHWE YANKIN LLC                          63 SAINT FRANCIS SQ,                         DALY CITY, CA  94015","","41-503566","7","BUSINESS & ESCROW SERVICE CENTER 3031 TISCH WAY #301 SAN JOSE, CA  95218","25","4105","63 SAINT FRANCIS SQ","DALY CITY","41","94015","","","",""
"649317","PEND ACTIVE","41 | 0","08/10/2023","07/31/2024","DBA: LOS LAGOS MEXICAN RESTAURANT                        VELAZQUEZ TORRES, JORGE LUIS                         4080 MONTEREY HWY,                         SAN JOSE, CA  95111-3633","","41-469510","7","BUSINESS & ESCROW SERVICE CENTER 3031 TISCH WAY #310 SAN JOSE, CA  95113","25","4313","4080 MONTEREY HWY","SAN JOSE","43","95111","","","",""
"649382","PEND ACTIVE","41 | 0","08/09/2023","07/31/2024","DBA: SANTA ROSA PIZZERIA                        SANTA ROSA PIZZERIA LLC                         500 MISSION BLVD, STE B,                         SANTA ROSA, CA  95409-5373","","","","","27","4904","500 MISSION BLVD, STE B","SANTA ROSA","49","95409","","","",""
"649384","PEND ACTIVE","20 | 0","08/09/2023","07/31/2024","DBA: IMPERIAL STATIONS INC. #12                        IMPERIAL STATIONS INC                         9355 SOMERSET BLVD,                         BELLFLOWER, CA  90706-3447","","20-614435","7","SECURED TRUST ESCROW INC 21111 VICTOR ST TORRANCE, CA  90503","3","1907","9355 SOMERSET BLVD","BELLFLOWER","19","90706","","","",""
"649387","PEND ACTIVE","41 | 0","08/09/2023","07/31/2024","DBA: KILN                        KILN RESTAURANT LLC                         149 FELL ST,                         SAN FRANCISCO, CA  94102-5106","708 BUSH ST                              SAN FRANCISCO, CA  94108-3403","","","","24","3800","149 FELL ST","SAN FRANCISCO","38","94102","708 BUSH ST","SAN FRANCISCO","94108","CA"
"649494","PEND ACTIVE","41 | 0","08/09/2023","07/31/2024","DBA: J & M'S MIDTOWN CAFE                        BLUE DELHEZI SHOPS LLC                         1422 4TH ST,                         SANTA ROSA, CA  95404-4059","","","","","27","4904","1422 4TH ST","SANTA ROSA","49","95404","","","",""
"649536","PEND ACTIVE","54 | 0","08/09/2023","07/31/2024","DBA: MAJORCA YACHTS                        MAJORCA YACHTS                         555 PICO AVE, BERTH 55,                         LONG BEACH, CA  90802","3605 GREENWOOD AVE                              LOS ANGELES, CA  90066","","7","","3","1932","555 PICO AVE, BERTH 55","LONG BEACH","19","90802","3605 GREENWOOD AVE","LOS ANGELES","90066","CA"
"649588","PEND ACTIVE","20 | 0","08/10/2023","07/31/2024","DBA: 180 MARKET                        SAIBAN, MUNIR HAMOOD                         9931 E KINGS CANYON RD,                         SANGER, CA  93657-8608","2035 PLACER DR                              SAN LEANDRO, CA  94578","20-547381","","","21","1000","9931 E KINGS CANYON RD","SANGER","10","93657","2035 PLACER DR","SAN LEANDRO","94578","CA"
"649612","PEND ACTIVE","47 | 1","08/09/2023","07/31/2024","DBA: CREEK EATERY THE                        OEM RESTAURANTS INC                         5623 SILVER CREEK VALLEY RD,                         SAN JOSE, CA  95138-2473","3637 SNELL AVE, SPC 207                              SAN JOSE, CA  95136","47-600729","","BUSINESS AND ESCROW SERVICE CENTER 3031 TISCH WAY 310 SAN JOSE, CA  95128","25","4313","5623 SILVER CREEK VALLEY RD","SAN JOSE","43","95138","3637 SNELL AVE, SPC 207","SAN JOSE","95136","CA"
"649612","PEND ACTIVE","58 | 1","08/09/2023","07/31/2024","DBA: CREEK EATERY THE                        OEM RESTAURANTS INC                         5623 SILVER CREEK VALLEY RD,                         SAN JOSE, CA  95138-2473","3637 SNELL AVE, SPC 207                              SAN JOSE, CA  95136","47-600729","","BUSINESS AND ESCROW SERVICE CENTER 3031 TISCH WAY 310 SAN JOSE, CA  95128","25","4313","5623 SILVER CREEK VALLEY RD","SAN JOSE","43","95138","3637 SNELL AVE, SPC 207","SAN JOSE","95136","CA"
"649635","PEND ACTIVE","41 | 0","08/09/2023","07/31/2024","SZQ LLC                         1653-1655 LAUREL ST,                         SAN CARLOS, CA  94070","","41-583535","","FIDELITY NATIONAL TITLE 2099 GATEWAY PL STE 100 SAN JOSE, CA  95110","25","4112","1653-1655 LAUREL ST","SAN CARLOS","41","94070","","","",""
"649648","PEND ACTIVE","41 | 0","08/09/2023","07/31/2024","DBA: LOS ARCOS MEXICAN RESTAURANT                         ALMARAZ, OCTAVIANO VARGAS                         72817 DINAH SHORE DR, STE 103,                         RANCHO MIRAGE, CA  92270-2724","30741 STERLING RD                               CATHEDRAL CITY, CA  92234-7517","","","","8","3317","72817 DINAH SHORE DR, STE 103","RANCHO MIRAGE","33","92270","30741 STERLING RD","CATHEDRAL CITY","92234","CA"
"649652","PEND ACTIVE","18 | 0","08/07/2023","07/31/2024","DBA: ALLUVIAL WINES, INC.                        ALLUVIAL WINES, INC.                         5307, 5311, 5325, 5341 & 5365 INDUSTRIAL WAY,                         BENICIA, CA  94510","","","","","22","4801","5307, 5311, 5325, 5341 & 5365 INDUSTRIAL WAY","BENICIA","48","94510","","","",""
"649890","PEND ACTIVE","02 | 0","08/09/2023","06/30/2024","DBA: MILLER WINE WORKS LLC                        MILLER WINE WORKS LLC                         3 RANDOLPH ST,                         SUTTER CREEK, CA  95685-4197","PO BOX 1386                              SUTTER CREEK, CA  95685","","","","23","0305","3 RANDOLPH ST","SUTTER CREEK","03","95685","PO BOX 1386","SUTTER CREEK","95685","CA"
"650755","PEND ACTIVE","28 | 0","08/09/2023","06/30/2024","ABIQUA SPIRIT DISTILLERY LLC                         16593 LURAY AVE NE,                         SILVERTON, OR  97381","","","","","75","9999","16593 LURAY AVE NE","SILVERTON","","97381","","","",""
"650758","PEND ACTIVE","26 | 0","08/09/2023","06/30/2024","FLORIDA BREWERY INC THE                         202 GANDY RD,                         AUBURNDALE, FL  33823","","","","","75","9999","202 GANDY RD","AUBURNDALE","","33823","","","",""
"650761","PEND ACTIVE","28 | 0","08/09/2023","06/30/2024","DBA: ENDLESS WEST                        BLANK COLLECTIVE, LLC                         1200 OAKMAN BLVD, BLDG B,                         DETROIT, MI  48238","","","","","75","9999","1200 OAKMAN BLVD, BLDG B","DETROIT","","48238","","","",""
"650804","PEND ACTIVE","28 | 0","08/10/2023","06/30/2024","HEIMAT NEW YORK LLC                         639 FAYETTE AVE,                         MAMARONECK, NY  10543","","","","","75","9999","639 FAYETTE AVE","MAMARONECK","","10543","","","",""
"650819","PEND WITHDRAWN","41 | 0","","","VALDOVINOSDIAZ, MARIA ISABEL                         2330 ARDEN WY,                         SACRAMENTO, CA  95825","","","","","23","3400","2330 ARDEN WY","SACRAMENTO","34","95825","","","",""