"License Number","Status Changed From/To","Type| Dup","Original Issue Date","Expir. Date","Primary Owner and Premises Addr.","Mailing Addr.","Transfer-From/To","Conditions","Escrow","District Code","Geo Code","Prem Street","City","County","Zip Code","Mailing Street","Mailing City","Mailing Zip Code","Mailing State"
"22134","ACTIVE CANCEL","41 | 0","02/15/1974","04/30/2024","DBA: SHAKEYS PIZZA RESTAURANT                        STERLING FOODS INC                         11530 WASHINGTON BLVD,                         WHITTIER, CA  90606","3813 DURBIN ST                              IRWINDALE, CA  91706","","","","2","1961","11530 WASHINGTON BLVD","WHITTIER","19","90606","3813 DURBIN ST","IRWINDALE","91706","CA"
"47694","REVPEN ACTIVE","52 | 1","01/01/1994","04/30/2024","DBA: VFW WINTON POST 7792                        VFW WINTON POST 7792                         7093 WALNUT AVE,                         WINTON, CA  95388","PO BOX 4                              WINTON, CA  95388","","","","29","2400","7093 WALNUT AVE","WINTON","24","95388","PO BOX 4","WINTON","95388","CA"
"47694","REVPEN ACTIVE","58 | 1","01/01/1994","04/30/2024","DBA: VFW WINTON POST 7792                        VFW WINTON POST 7792                         7093 WALNUT AVE,                         WINTON, CA  95388","PO BOX 4                              WINTON, CA  95388","","","","29","2400","7093 WALNUT AVE","WINTON","24","95388","PO BOX 4","WINTON","95388","CA"
"359333","ACTIVE SUREND","41 | 0","11/01/1999","09/30/2023","DBA: POLLOS MARIA INC                        POLLOS MARIA INC                         3055 HARDING ST,                         CARLSBAD, CA  92008-2321","","41-234779","7,8","","9","3701","3055 HARDING ST","CARLSBAD","37","92008","","","",""
"367448","ACTIVE CANCEL","21 | 0","08/24/2000","07/31/2024","DBA: MIKES MARKET & LIQUOR                        BATECH, KAMAL FARHAN                         1996 W HIGHLAND AVE,                         SAN BERNARDINO, CA  92407","","21-361428/ 21-638947","","","7","3610","1996 W HIGHLAND AVE","SAN BERNARDINO","36","92407","","","",""
"520712","REVPEN CANCEL","23 | 0","08/10/2012","07/31/2023","DBA: BOOTLEGGERS BREWERY                        BOOTLEGGERS BREWERY LLC                         130 S HIGHLAND AVE ,                         FULLERTON, CA  92832-4626","130 S HIGHLAND AVE                               FULLERTON, CA  92832-4626","","","","11","3008","130 S HIGHLAND AVE","FULLERTON","30","92832","130 S HIGHLAND AVE","FULLERTON","92832","CA"
"545188","AUTREV ACTIVE","41 | 0","07/08/2014","06/30/2024","DBA: BETOS BIRRIERA RESTAURANT                        HERNANDEZ, JUAN JOSE                         319 S WILSON WY,                         STOCKTON, CA  95205","608 E DR MARTIN LUTHER KING JR BLVD                              STOCKTON, CA  95206-1536","","","","29","3905","319 S WILSON WY","STOCKTON","39","95205","608 E DR MARTIN LUTHER KING JR BLVD","STOCKTON","95206","CA"
"545188","AUTREV ACTIVE","41 | 0","07/08/2014","06/30/2024","DBA: BETOS BIRRIERA RESTAURANT                        HERNANDEZ, JUAN JOSE                         319 S WILSON WY,                         STOCKTON, CA  95205","608 E DR MARTIN LUTHER KING JR BLVD                              STOCKTON, CA  95206-1536","","","","29","3905","319 S WILSON WY","STOCKTON","39","95205","608 E DR MARTIN LUTHER KING JR BLVD","STOCKTON","95206","CA"
"550695","SUREND ACTIVE","47 | 1","09/27/2016","08/31/2023","DBA: BAY BAR AND GRILL                        MAXXDOGG, INC                         209 ESPLANADE,                         CAPITOLA, CA  95010","PO BOX 686                              CAPITOLA, CA  95010","47-524773","7","","26","4401","209 ESPLANADE","CAPITOLA","44","95010","PO BOX 686","CAPITOLA","95010","CA"
"550695","SUREND ACTIVE","58 | 1","09/27/2016","08/31/2023","DBA: BAY BAR AND GRILL                        MAXXDOGG, INC                         209 ESPLANADE,                         CAPITOLA, CA  95010","PO BOX 686                              CAPITOLA, CA  95010","47-524773","7","","26","4401","209 ESPLANADE","CAPITOLA","44","95010","PO BOX 686","CAPITOLA","95010","CA"
"557067","SUREND CANCEL","20 | 0","05/27/2015","06/30/2024","DBA: QUIK STOP MARKET 51                        QUIK STOP MARKETS INC                         3130 35TH AVE,                         OAKLAND, CA  94619","165 FLANDERS RD                              WESTBOROUGH, MA  01581","20-394193/ 20-643755","","","22","0109","3130 35TH AVE","OAKLAND","01","94619","165 FLANDERS RD","WESTBOROUGH","01581","MA"
"558307","ACTIVE CANCEL","41 | 0","11/19/2015","10/31/2023","DBA: SACHI RAMEN & ROBATA BAR                        LAMVO CORPORATION                         721 CHAPALA ST,                         SANTA BARBARA, CA  93101-3313","","","7","","12","4203","721 CHAPALA ST","SANTA BARBARA","42","93101","","","",""
"560532","ACTIVE SUREND","41 | 0","10/06/2015","09/30/2024","DBA: SAN MIGUEL MARKET & DELI                        ROMAN, PABLO                         1299 MISSION ST , UNIT 3,                         SAN MIGUEL, CA  93451","PO BOX 428                              SAN MIGUEL, CA  93451-0428","","","","13","4000","1299 MISSION ST , UNIT 3","SAN MIGUEL","40","93451","PO BOX 428","SAN MIGUEL","93451","CA"
"569461","PEND ACTIVE","47 | 0","10/23/2023","09/30/2024","DBA: SIENNA RESTAURANT                        MP RESTAURANTS INC                         1480 EUREKA RD,                         ROSEVILLE, CA  95661-3030","9630 BRUCEVILLE RD, STE 106-294                              SIENNA / LO RESTAURANTS, ELK GROVE, CA  95757","","7,E","","23","3105","1480 EUREKA RD","ROSEVILLE","31","95661","9630 BRUCEVILLE RD, STE 106-294","ELK GROVE","95757","CA"
"580370","ACTIVE SUREND","48 | 1","06/05/2017","05/31/2024","DBA: GRAND CRU, THE                        GRAND CRU, LLC THE                         130 W MAIN ST,                         TURLOCK, CA  95380","2470 ACME CT                              TURLOCK, CA  95380","48-533246","7","","29","5007","130 W MAIN ST","TURLOCK","50","95380","2470 ACME CT","TURLOCK","95380","CA"
"580370","ACTIVE SUREND","58 | 1","06/05/2017","05/31/2024","DBA: GRAND CRU, THE                        GRAND CRU, LLC THE                         130 W MAIN ST,                         TURLOCK, CA  95380","2470 ACME CT                              TURLOCK, CA  95380","48-533246","7","","29","5007","130 W MAIN ST","TURLOCK","50","95380","2470 ACME CT","TURLOCK","95380","CA"
"583142","ACTIVE CANCEL","48 | 0","09/01/2017","08/31/2024","MARMICA INC                         123 N E ST, STE D,                         SAN BERNARDINO, CA  92401-1918","","48-564249","","BENNETT ESCROW SERVICES INC 332 N RIVERSIDE AVENUE RIALTO, CA  92376-5926","7","3610","123 N E ST, STE D","SAN BERNARDINO","36","92401","","","",""
"583142","ACTIVE CANCEL","48 | 0","09/01/2017","08/31/2024","MARMICA INC                         123 N E ST, STE D,                         SAN BERNARDINO, CA  92401-1918","","48-564249","","BENNETT ESCROW SERVICES INC 332 N RIVERSIDE AVENUE RIALTO, CA  92376-5926","7","3610","123 N E ST, STE D","SAN BERNARDINO","36","92401","","","",""
"583771","SUREND CANCEL","21 | 0","02/01/2018","01/31/2024","DBA: LINCOLN LIQUOR LOCKER                        CHEERS RAY 867, INC.                         2498 LINCOLN BLVD,                         VENICE, CA  90291-5041","PO BOX 57439                              SHERMAN OAKS, CA  91413-2439","21-381521/ 21-650512","","TICOR TITLE COMPANY 10000  STOCKDALE HWY STE 101 BAKERSFIELD, CA  93311","3","1933","2498 LINCOLN BLVD","VENICE","19","90291","PO BOX 57439","SHERMAN OAKS","91413","CA"
"591348","AUTREV ACTIVE","02 | 0","05/02/2018","06/30/2024","DBA: HOLMAN CELLARS                        HOLMAN CELLARS, LLC                         1201 1ST ST,                         NAPA, CA  94559-2929","PO BOX 490                              TACOMA, WA  98401","","7","","27","2802","1201 1ST ST","NAPA","28","94559","PO BOX 490","TACOMA","98401","WA"
"591348","AUTREV ACTIVE","02 | 0","05/02/2018","06/30/2024","DBA: HOLMAN CELLARS                        HOLMAN CELLARS, LLC                         1201 1ST ST,                         NAPA, CA  94559-2929","PO BOX 490                              TACOMA, WA  98401","","7","","27","2802","1201 1ST ST","NAPA","28","94559","PO BOX 490","TACOMA","98401","WA"
"593884","ACTIVE CANCEL","02 | 0","05/23/2019","06/30/2024","DBA: KRISTODD VINEYARDS                        GROMACKI, KRISTINE MARIE                         3106 SILVERADO TRL,                         NAPA, CA  94558-1421","PO BOX 446                              ANGWIN, CA  94508-0446","02-567051/ 02-648537","7","","27","2800","3106 SILVERADO TRL","NAPA","28","94558","PO BOX 446","ANGWIN","94508","CA"
"597025","REVPEN ACTIVE","41 | 1","04/30/2019","04/30/2024","DBA: RUSTY MONK THE                        LA COCINA EXPRESS INC.                          6749-51 GREENLEAF AVE,                         WHITTIER, CA  90601-4110","10844 VALLEY VIEW AVE                              WHITTIER, CA  90604-1713","41-531678","","SANTA MONICA ESCROW CO 2716 OCEAN PARK BLVD STE 1009 SANTA MONICA, CA  90405-5226","2","1961","6749-51 GREENLEAF AVE","WHITTIER","19","90601","10844 VALLEY VIEW AVE","WHITTIER","90604","CA"
"597025","REVPEN ACTIVE","41 | 1","04/30/2019","04/30/2024","DBA: RUSTY MONK THE                        LA COCINA EXPRESS INC.                          6749-51 GREENLEAF AVE,                         WHITTIER, CA  90601-4110","10844 VALLEY VIEW AVE                              WHITTIER, CA  90604-1713","41-531678","","SANTA MONICA ESCROW CO 2716 OCEAN PARK BLVD STE 1009 SANTA MONICA, CA  90405-5226","2","1961","6749-51 GREENLEAF AVE","WHITTIER","19","90601","10844 VALLEY VIEW AVE","WHITTIER","90604","CA"
"597025","REVPEN ACTIVE","58 | 1","04/30/2019","04/30/2024","DBA: RUSTY MONK THE                        LA COCINA EXPRESS INC.                          6749-51 GREENLEAF AVE,                         WHITTIER, CA  90601-4110","10844 VALLEY VIEW AVE                              WHITTIER, CA  90604-1713","41-531678","","SANTA MONICA ESCROW CO 2716 OCEAN PARK BLVD STE 1009 SANTA MONICA, CA  90405-5226","2","1961","6749-51 GREENLEAF AVE","WHITTIER","19","90601","10844 VALLEY VIEW AVE","WHITTIER","90604","CA"
"597025","REVPEN ACTIVE","58 | 1","04/30/2019","04/30/2024","DBA: RUSTY MONK THE                        LA COCINA EXPRESS INC.                          6749-51 GREENLEAF AVE,                         WHITTIER, CA  90601-4110","10844 VALLEY VIEW AVE                              WHITTIER, CA  90604-1713","41-531678","","SANTA MONICA ESCROW CO 2716 OCEAN PARK BLVD STE 1009 SANTA MONICA, CA  90405-5226","2","1961","6749-51 GREENLEAF AVE","WHITTIER","19","90601","10844 VALLEY VIEW AVE","WHITTIER","90604","CA"
"599686","ACTIVE CANCEL","41 | 0","11/20/2018","10/31/2023","DBA: COACH SUSHI                        COACH SUSHI, INC.                         532 GRAND AVE,                         OAKLAND, CA  94610","","41-433302/ 41-649541","","OLD REPUBLIC TITLE CO 1000 BURNETT AVE STE 400 CONCORD, CA  94520-2088","22","0109","532 GRAND AVE","OAKLAND","01","94610","","","",""
"602674","ACTIVE SUREND","20 | 0","04/30/2019","03/31/2024","DBA: CANYON LAKES MARKET                        MUBARAKA, ADEL                         3610 SKYCREST DR,                         OROVILLE, CA  95965-8002","","20-504905","","CAPITAL TRUST ESCROW 280 S BEVERLY DR #300 BEVERLY HILLS, CA  90212","31","0400","3610 SKYCREST DR","OROVILLE","04","95965","","","",""
"604184","ACTIVE CANCEL","41 | 0","05/16/2019","04/30/2024","DBA: LA COSTA TAQUERIA                        CAMPESTRE CORPORATION                         11 MUIR RD,                         MARTINEZ, CA  94553-4602","PO BOX 2215                              BRENTWOOD, CA  94513","","","","22","0706","11 MUIR RD","MARTINEZ","07","94553","PO BOX 2215","BRENTWOOD","94513","CA"
"605880","AUTREV ACTIVE","41 | 0","07/01/2019","06/30/2024","SOUTHSIDE CENTURY, LLC                         135 GASSER DR, STE B,                         NAPA, CA  94559-4044","PO BOX 5270                              NAPA, CA  94581-0270","","","","27","2802","135 GASSER DR, STE B","NAPA","28","94559","PO BOX 5270","NAPA","94581","CA"
"605880","AUTREV ACTIVE","41 | 0","07/01/2019","06/30/2024","SOUTHSIDE CENTURY, LLC                         135 GASSER DR, STE B,                         NAPA, CA  94559-4044","PO BOX 5270                              NAPA, CA  94581-0270","","","","27","2802","135 GASSER DR, STE B","NAPA","28","94559","PO BOX 5270","NAPA","94581","CA"
"613223","PEND ACTIVE","09 | 1","10/23/2023","09/30/2024","DBA: PH-IMPORTING                        PELICAN HEAD INDUSTRIES, LLC                         305 HILLTOWN RD,                         SALINAS, CA  93908-8902","4920 W AUGUSTA CIR                              GLENDALE, AZ  86308","","7","","26","2700","305 HILLTOWN RD","SALINAS","27","93908","4920 W AUGUSTA CIR","GLENDALE","86308","AZ"
"613223","PEND ACTIVE","17 | 1","10/23/2023","09/30/2024","DBA: PH-IMPORTING                        PELICAN HEAD INDUSTRIES, LLC                         305 HILLTOWN RD,                         SALINAS, CA  93908-8902","4920 W AUGUSTA CIR                              GLENDALE, AZ  86308","","7","","26","2700","305 HILLTOWN RD","SALINAS","27","93908","4920 W AUGUSTA CIR","GLENDALE","86308","AZ"
"613223","PEND ACTIVE","20 | 0","10/23/2023","09/30/2024","DBA: PH-IMPORTING                        PELICAN HEAD INDUSTRIES, LLC                         305 HILLTOWN RD,                         SALINAS, CA  93908-8902","4920 W AUGUSTA CIR                              GLENDALE, AZ  86308","","7,I","","26","2700","305 HILLTOWN RD","SALINAS","27","93908","4920 W AUGUSTA CIR","GLENDALE","86308","AZ"
"616974","PEND WITHDRAWN","47 | 2","","","DBA: PALM SPRINGS SURF CLUB                        PONO OPERATIONS PARTNERS 1, LLC                         1500 N GENE AUTRY TRL,                         PALM SPRINGS, CA  92264-3505","1348 SKYLINE DR                              LAGUNA BEACH, CA  92651-1941","535440","7","ALLIANCE ESCROW INC 3636 CAMINO DEL RIO N STE 110 SAN DIEGO, CA  92108","8","3310","1500 N GENE AUTRY TRL","PALM SPRINGS","33","92264","1348 SKYLINE DR","LAGUNA BEACH","92651","CA"
"616974","PEND WITHDRAWN","47 | 2","","","DBA: PALM SPRINGS SURF CLUB                        PONO OPERATIONS PARTNERS 1, LLC                         1500 N GENE AUTRY TRL,                         PALM SPRINGS, CA  92264-3505","1348 SKYLINE DR                              LAGUNA BEACH, CA  92651-1941","535440","7","ALLIANCE ESCROW INC 3636 CAMINO DEL RIO N STE 110 SAN DIEGO, CA  92108","8","3310","1500 N GENE AUTRY TRL","PALM SPRINGS","33","92264","1348 SKYLINE DR","LAGUNA BEACH","92651","CA"
"616974","PEND WITHDRAWN","68 | 2","","","DBA: PALM SPRINGS SURF CLUB                        PONO OPERATIONS PARTNERS 1, LLC                         1500 N GENE AUTRY TRL,                         PALM SPRINGS, CA  92264-3505","1348 SKYLINE DR                              LAGUNA BEACH, CA  92651-1941","535440","7","ALLIANCE ESCROW INC 3636 CAMINO DEL RIO N STE 110 SAN DIEGO, CA  92108","8","3310","1500 N GENE AUTRY TRL","PALM SPRINGS","33","92264","1348 SKYLINE DR","LAGUNA BEACH","92651","CA"
"616974","PEND WITHDRAWN","58 | 2","","","DBA: PALM SPRINGS SURF CLUB                        PONO OPERATIONS PARTNERS 1, LLC                         1500 N GENE AUTRY TRL,                         PALM SPRINGS, CA  92264-3505","1348 SKYLINE DR                              LAGUNA BEACH, CA  92651-1941","535440","7","ALLIANCE ESCROW INC 3636 CAMINO DEL RIO N STE 110 SAN DIEGO, CA  92108","8","3310","1500 N GENE AUTRY TRL","PALM SPRINGS","33","92264","1348 SKYLINE DR","LAGUNA BEACH","92651","CA"
"621473","SUREND CANCEL","41 | 0","03/25/2021","02/29/2024","DBA: WESTSIDE CAFE GRILL                        WESTSIDE CAFÉ GRILL INC                         39872 LOS ALAMOS RD, #14,                         MURRIETA, CA  92562","","","","","7","3323","39872 LOS ALAMOS RD, #14","MURRIETA","33","92562","","","",""
"625061","AUTREV ACTIVE","41 | 0","06/22/2021","05/31/2024","DBA: ALOHA PIZZA & SHAVE ICE COMPANY                        OHANA ALOHA, INC.                         1534 W ARTESIA BLVD,                         GARDENA, CA  90248","19933 RIO FLORIDA DR                              WHITTIER, CA  90603","","7","","3","1920","1534 W ARTESIA BLVD","GARDENA","19","90248","19933 RIO FLORIDA DR","WHITTIER","90603","CA"
"625061","AUTREV ACTIVE","41 | 0","06/22/2021","05/31/2024","DBA: ALOHA PIZZA & SHAVE ICE COMPANY                        OHANA ALOHA, INC.                         1534 W ARTESIA BLVD,                         GARDENA, CA  90248","19933 RIO FLORIDA DR                              WHITTIER, CA  90603","","7","","3","1920","1534 W ARTESIA BLVD","GARDENA","19","90248","19933 RIO FLORIDA DR","WHITTIER","90603","CA"
"627135","AUTREV ACTIVE","13 | 0","01/13/2022","12/31/2023","DBA: EDGE BEVERAGE CONSULTING, INC.                        EDGE BEVERAGE CONSULTING, INC.                         4400 N SCOTTSDALE RD, STE 9 #705,                         SCOTTSDALE, AZ  85251","11912 N 112TH ST                              SCOTTSDALE, AZ  85259","","","","22","9999","4400 N SCOTTSDALE RD, STE 9 #705","SCOTTSDALE","","85251","11912 N 112TH ST","SCOTTSDALE","85259","AZ"
"627135","AUTREV ACTIVE","13 | 0","01/13/2022","12/31/2023","DBA: EDGE BEVERAGE CONSULTING, INC.                        EDGE BEVERAGE CONSULTING, INC.                         4400 N SCOTTSDALE RD, STE 9 #705,                         SCOTTSDALE, AZ  85251","11912 N 112TH ST                              SCOTTSDALE, AZ  85259","","","","22","9999","4400 N SCOTTSDALE RD, STE 9 #705","SCOTTSDALE","","85251","11912 N 112TH ST","SCOTTSDALE","85259","AZ"
"629227","ACTIVE CANCEL","41 | 0","11/15/2021","10/31/2023","DBA: HARBOUR COFFEE AND WINE BAR                        HARBOUR EATS LLC                         1651 MYRTLE AVE,                         EUREKA, CA  95501-1495","2436 CALIFORNIA ST                              EUREKA, CA  95501-4013","","","","28","1200","1651 MYRTLE AVE","EUREKA","12","95501","2436 CALIFORNIA ST","EUREKA","95501","CA"
"635285","REVPEN ACTIVE","21 | 0","08/24/2022","07/31/2024","DBA: T&M LIQUOR                        ALI, EZZADDIN JAMIL MOHAMED                         16900 E 14TH ST,                         SAN LEANDRO, CA  94578-2445","15934 HESPERIAN BLVD                              SAN LORENZO, CA  94580","21-560842","7","","22","0112","16900 E 14TH ST","SAN LEANDRO","01","94578","15934 HESPERIAN BLVD","SAN LORENZO","94580","CA"
"635285","REVPEN ACTIVE","21 | 0","08/24/2022","07/31/2024","DBA: T&M LIQUOR                        ALI, EZZADDIN JAMIL MOHAMED                         16900 E 14TH ST,                         SAN LEANDRO, CA  94578-2445","15934 HESPERIAN BLVD                              SAN LORENZO, CA  94580","21-560842","7","","22","0112","16900 E 14TH ST","SAN LEANDRO","01","94578","15934 HESPERIAN BLVD","SAN LORENZO","94580","CA"
"637231","PEND ACTIVE","41 | 0","10/23/2023","09/30/2024","DBA: MOUNTAIN MIKES PIZZA                        AL-FATTEH ASSOCIATES, INC.                         1105 S VICTORIA AVE,                         OXNARD, CA  93035","141 OLYMPIC DR                              VALLEJO, CA  94589-3836","","7","","12","5603","1105 S VICTORIA AVE","OXNARD","56","93035","141 OLYMPIC DR","VALLEJO","94589","CA"
"637339","PEND ACTIVE","41 | 0","10/20/2023","09/30/2024","DBA: TACOS PIPEYE                        MARISCAL, FELIPE                          217 N MILPAS ST,                         SANTA BARBARA, CA  93103-3281","","","7","","12","4203","217 N MILPAS ST","SANTA BARBARA","42","93103","","","",""
"638852","PEND ACTIVE","42 | 0","10/23/2023","09/30/2024","DBA: ZOOM HOOKAH LOUNGE                        JAMUL TRADING INC                         12930 CAMPO RD, STE IJK,                         JAMUL, CA  91935","","","7","","10","3700","12930 CAMPO RD, STE IJK","JAMUL","37","91935","","","",""
"638947","PEND ACTIVE","21 | 0","10/20/2023","09/30/2024","DBA: MIKES MARKET & LIQUOR                        MIKES LIQUOR AND WINE INC                         1996 W HIGHLAND AVE,                         SAN BERNARDINO, CA  92407","","21-367448","","NONE","7","3610","1996 W HIGHLAND AVE","SAN BERNARDINO","36","92407","","","",""
"640092","PEND ACTIVE","47 | 2","10/23/2023","09/30/2024","DBA: PALM SPRINGS SURF CLUB                        PSSC, LLC                         1500 S GENE AUTRY TRL ,                         PALM SPRINGS, CA  92264-3505","","47-535440","7","ALLIANCE ESCROW INC 3636 CAMINO DEL RIO N STE 110 SAN DIEGO, CA  92108","8","3310","1500 S GENE AUTRY TRL","PALM SPRINGS","33","92264","","","",""
"640092","PEND ACTIVE","68 | 2","10/23/2023","09/30/2024","DBA: PALM SPRINGS SURF CLUB                        PSSC, LLC                         1500 S GENE AUTRY TRL ,                         PALM SPRINGS, CA  92264-3505","","47-535440","7","ALLIANCE ESCROW INC 3636 CAMINO DEL RIO N STE 110 SAN DIEGO, CA  92108","8","3310","1500 S GENE AUTRY TRL","PALM SPRINGS","33","92264","","","",""
"640092","PEND ACTIVE","58 | 2","10/23/2023","09/30/2024","DBA: PALM SPRINGS SURF CLUB                        PSSC, LLC                         1500 S GENE AUTRY TRL ,                         PALM SPRINGS, CA  92264-3505","","47-535440","7","ALLIANCE ESCROW INC 3636 CAMINO DEL RIO N STE 110 SAN DIEGO, CA  92108","8","3310","1500 S GENE AUTRY TRL","PALM SPRINGS","33","92264","","","",""
"640092","PEND ACTIVE","47 | 2","10/23/2023","09/30/2024","DBA: PALM SPRINGS SURF CLUB                        PSSC, LLC                         1500 S GENE AUTRY TRL ,                         PALM SPRINGS, CA  92264-3505","","47-535440","7","ALLIANCE ESCROW INC 3636 CAMINO DEL RIO N STE 110 SAN DIEGO, CA  92108","8","3310","1500 S GENE AUTRY TRL","PALM SPRINGS","33","92264","","","",""
"643755","PEND ACTIVE","20 | 0","10/20/2023","09/30/2024","DBA: GATEWAY TRAVEL CENTER INC                        GATEWAY TRAVEL CENTER, INC                         8847 AVENUE 280, #A,                         VISALIA, CA  93277","744 P ST, STE 130                              FRESNO, CA  93721-2712","20-557067","","CAPITAL TRUST ESCROW 280 S BEVERLY DR #300 BEVERLY HILLS, CA  90212","21","5400","8847 AVENUE 280, #A","VISALIA","54","93277","744 P ST, STE 130","FRESNO","93721","CA"
"644791","ACTIVE CANCEL","70 | 1","05/12/2023","04/30/2024","HERSHA HOSPITALITY MANAGEMENT, L.P.                         228-232 W CABRILLO BLVD,                         SANTA BARBARA, CA  93101","44 HERSHA DR                              HARRISBURG, PA  17102","70-542174/ 70-650765","","","12","4203","228-232 W CABRILLO BLVD","SANTA BARBARA","42","93101","44 HERSHA DR","HARRISBURG","17102","PA"
"644791","ACTIVE CANCEL","66 | 1","05/12/2023","04/30/2024","HERSHA HOSPITALITY MANAGEMENT, L.P.                         228-232 W CABRILLO BLVD,                         SANTA BARBARA, CA  93101","44 HERSHA DR                              HARRISBURG, PA  17102","70-542174/ 70-650765","","","12","4203","228-232 W CABRILLO BLVD","SANTA BARBARA","42","93101","44 HERSHA DR","HARRISBURG","17102","PA"
"644816","ACTIVE CANCEL","70 | 1","05/12/2023","04/30/2024","HERSHA HOSPITALITY MANAGEMENT, L.P.                         122 W CABRILLO BLVD,                         SANTA BARBARA, CA  93101-3505","44 HERSHA DR                              HARRISBURG, PA  17102","70-542113/ 70-650752","","","12","4203","122 W CABRILLO BLVD","SANTA BARBARA","42","93101","44 HERSHA DR","HARRISBURG","17102","PA"
"644816","ACTIVE CANCEL","66 | 1","05/12/2023","04/30/2024","HERSHA HOSPITALITY MANAGEMENT, L.P.                         122 W CABRILLO BLVD,                         SANTA BARBARA, CA  93101-3505","44 HERSHA DR                              HARRISBURG, PA  17102","70-542113/ 70-650752","","","12","4203","122 W CABRILLO BLVD","SANTA BARBARA","42","93101","44 HERSHA DR","HARRISBURG","17102","PA"
"645063","ACTIVE CANCEL","67 | 0","05/12/2023","12/31/2023","HERSHA HOSPITALITY MANAGEMENT, L.P.                         211 W MASON ST,                         SANTA BARBARA, CA  93101","44 HERSHA DR                              HARRISBURG, PA  17102","67-542112/ 67-650800","","","12","4203","211 W MASON ST","SANTA BARBARA","42","93101","44 HERSHA DR","HARRISBURG","17102","PA"
"645444","REVPEN ACTIVE","26 | 0","01/20/2023","06/30/2024","DBA: MINOCQUA BREWING COMPANY                        MINOCQUA BREWING COMPANY, LLC                         329 FRONT ST,                         MINOCQUA, WI  54548","225780 RIB MOUNTAIN DRIVE #254                              WAUSAU, WI  54401","","","","75","9999","329 FRONT ST","MINOCQUA","","54548","225780 RIB MOUNTAIN DRIVE #254","WAUSAU","54401","WI"
"645444","REVPEN ACTIVE","26 | 0","01/20/2023","06/30/2024","DBA: MINOCQUA BREWING COMPANY                        MINOCQUA BREWING COMPANY, LLC                         329 FRONT ST,                         MINOCQUA, WI  54548","225780 RIB MOUNTAIN DRIVE #254                              WAUSAU, WI  54401","","","","75","9999","329 FRONT ST","MINOCQUA","","54548","225780 RIB MOUNTAIN DRIVE #254","WAUSAU","54401","WI"
"646572","PEND ACTIVE","21 | 0","10/23/2023","09/30/2024","DBA: PISMO BEACH MARKET                        PISMO BEACH MARKET INC                         700 DOLLIVER ST,                         PISMO BEACH, CA  93449","","21-421787","","","13","4003","700 DOLLIVER ST","PISMO BEACH","40","93449","","","",""
"646778","PEND ACTIVE","41 | 0","10/20/2023","09/30/2024","DBA: SOHUNAN                        ZHUS ENTERPRISES, INC.                         674 SACRAMENTO ST,                         SAN FRANCISCO, CA  94111-2510","","","7","","24","3800","674 SACRAMENTO ST","SAN FRANCISCO","38","94111","","","",""
"646817","PEND ACTIVE","41 | 0","10/20/2023","09/30/2024","DBA: OMAKASE POR FAVOR                        PECHA HOSPITALITY LP                         640 TWELVE BRIDGES DR, STE 100,                         LINCOLN, CA  95648-8950","112 IRENE AVE                              ROSEVILLE, CA  95678-3226","","7","","23","3103","640 TWELVE BRIDGES DR, STE 100","LINCOLN","31","95648","112 IRENE AVE","ROSEVILLE","95678","CA"
"646835","PEND ACTIVE","20 | 0","10/23/2023","09/30/2024","DBA: ALDI                        AI CALIFORNIA LLC                         4320 S MOONEY BLVD,                         VISALIA, CA  93277","12661 ALDI PL                              MORENO VALLEY, CA  92555-6703","20-557638","","ABC ESCROW 2222 DAMON STREET  LOS ANGELES, CA  90021","21","5406","4320 S MOONEY BLVD","VISALIA","54","93277","12661 ALDI PL","MORENO VALLEY","92555","CA"
"646846","ACTIVE CANCEL","02 | 0","04/24/2023","06/30/2024","DBA: MAIN LINE WINE CO                        MAIN LINE WINE COMPANY LLC                         1 EXECUTIVE WAY, BLDGS 1 & 2,                         NAPA, CA  94558-6271","232 WESTHERHILL DR                              WEST CHESTER, PA  19382","","","","27","2800","1 EXECUTIVE WAY, BLDGS 1 & 2","NAPA","28","94558","232 WESTHERHILL DR","WEST CHESTER","19382","PA"
"646979","PEND ACTIVE","41 | 0","10/20/2023","09/30/2024","DBA: SHAKEYS PIZZA                        SCO LLC                         11530 WASHINGTON BLVD,                         WHITTIER, CA  90606","2200 W VALLEY BLVD                              ALHAMBRA, CA  91803","41-22134","","CALIFORNIA BUSINESS ESCROW INC 1748 MAIN STREET ESCALON, CA  95320","2","1961","11530 WASHINGTON BLVD","WHITTIER","19","90606","2200 W VALLEY BLVD","ALHAMBRA","91803","CA"
"647027","PEND ACTIVE","47 | 0","10/23/2023","09/30/2024","DBA: CUT, THE                        CUT LLC, THE                         7833 MONET AVE , STE 1330,                         RANCHO CUCAMONGA, CA  91739-8896","","47-390683","","ABC ESCROW 2222 DAMON STREET  LOS ANGELES, CA  90021","7","3600","7833 MONET AVE , STE 1330","RANCHO CUCAMONGA","36","91739","","","",""
"647353","PEND ACTIVE","20 | 0","10/20/2023","09/30/2024","TABASSI ENTERPRISES, INC.                         830 E KATELLA AVE,                         ORANGE, CA  92867-4900","30542 N HAMPTON RD                              LAGUNA NIGUEL, CA  92677","","","","11","3014","830 E KATELLA AVE","ORANGE","30","92867","30542 N HAMPTON RD","LAGUNA NIGUEL","92677","CA"
"647746","PEND WITHDRAWN","17 | 0","","","FRENCH VALLEY BREWING COMPANY INC                         30826 WEALTH ST,                         MURRIETA, CA  92563-2534","","","","","7","3323","30826 WEALTH ST","MURRIETA","33","92563","","","",""
"647755","PEND ACTIVE","41 | 0","10/20/2023","09/30/2024","DBA: CITY SPA & HEALTH CENTER                        PICO BATH & HEALTH CENTER INC                         5325 W PICO BLVD,                         LOS ANGELES, CA  90019-4035","","","7","","4","1933","5325 W PICO BLVD","LOS ANGELES","19","90019","","","",""
"647955","PEND ACTIVE","41 | 0","10/23/2023","09/30/2024","DBA: BOWL'D                        OH TELEGRAPH                          6101 TELEGRAPH AVE,                         OAKLAND, CA  94609-1324","","41-428258","7","HANA ESCROW COMPANY INC 6281 BEACH BLVD #333 BUENA PARK, CA  90621","22","0109","6101 TELEGRAPH AVE","OAKLAND","01","94609","","","",""
"648201","PEND ACTIVE","41 | 0","10/23/2023","09/30/2024","DBA: HIBACHI SUSHI BUFFET                        HIBACHI SUSHI BUFFET CORP                         5623 SUNRISE BLVD,                         CITRUS HEIGHTS, CA  95610-7606","","","","","23","3406","5623 SUNRISE BLVD","CITRUS HEIGHTS","34","95610","","","",""
"648419","PEND ACTIVE","41 | 0","10/20/2023","09/30/2024","DBA: LE COFFEE SHOP                         BON APPETIT, LLC                          41955 4TH ST , STE 103,                         TEMECULA, CA  92590-2798","","41-621473","","","7","3322","41955 4TH ST , STE 103","TEMECULA","33","92590","","","",""
"648512","PEND WITHDRAWN","48 | 0","","","DBA: PEDRO MCGEE'S                        LAZY JP ENTERPRISES, INC.                         5533 DESCHUTES RD,                         ANDERSON, CA  96007","3906 BALLS FERRY RD                              COTTONWOOD, CA  96022","180216","","CHICAGO TITLE 330 HARTNELL AVE  STE C REDDING, CA  96002","31","4500","5533 DESCHUTES RD","ANDERSON","45","96007","3906 BALLS FERRY RD","COTTONWOOD","96022","CA"
"648537","PEND ACTIVE","02 | 0","10/20/2023","06/30/2024","DBA: KRISTODD VINEYARDS                        GROMACKI, KRISTINE MARIE                         1001 SILVERADO TRL S,                         SAINT HELENA, CA  94574-9693","PO BOX 446                              ANGWIN, CA  94508-0446","02-593884","","","27","2800","1001 SILVERADO TRL S","SAINT HELENA","28","94574","PO BOX 446","ANGWIN","94508","CA"
"648738","PEND ACTIVE","47 | 0","10/23/2023","01/31/2024","DBA: ROYAL GORGE - CROSS COUNTRY                        SUGAR BOWL CORPORATION                         9411 PAHATSI RD,                         SODA SPRINGS, CA  95728","PO BOX 5, ATTN: STEVE ANDERSON                              NORDEN, CA  95724","47-261","7","","23","3100","9411 PAHATSI RD","SODA SPRINGS","31","95728","PO BOX 5, ATTN: STEVE ANDERSON","NORDEN","95724","CA"
"649177","PEND ACTIVE","41 | 0","10/23/2023","09/30/2024","DBA: 21 SUSHI HOUSE                         VJ SUSHI INC                         33540 YUCAIPA BLVD,                         YUCAIPA, CA  92399-2025","111 YELLOW IRIS                               IRVINE, CA  92618","","","","7","3622","33540 YUCAIPA BLVD","YUCAIPA","36","92399","111 YELLOW IRIS","IRVINE","92618","CA"
"649298","PEND ACTIVE","41 | 0","10/23/2023","09/30/2024","DBA: TANGERINE FRENCH BISTRO                        TANGERINE RESTAURANT LLC                         10412 DONNER PASS RD,                         TRUCKEE, CA  96161-0431","11050 PIONEER TRL, STE 100                              TRUCKEE, CA  96161-0270","","","","23","2903","10412 DONNER PASS RD","TRUCKEE","29","96161","11050 PIONEER TRL, STE 100","TRUCKEE","96161","CA"
"649531","PEND ACTIVE","20 | 0","10/23/2023","09/30/2024","DBA: DIAMOND GAS AND MART # 11                         DIAMOND GAS AND MART # 11                          4904 SOUTHFRONT RD,                         LIVERMORE, CA  94551","","20-602561","","FIDELITY NATIONAL TITLE 2099 GATEWAY PLACE STE 500 SAN JOSE, CA  95110","22","0107","4904 SOUTHFRONT RD","LIVERMORE","01","94551","","","",""
"649541","PEND ACTIVE","41 | 0","10/20/2023","09/30/2024","DBA: SANHE BISTRO INC.                         SANHE BISTRO INC.                          532 GRAND AVE,                         OAKLAND, CA  94610","","41-599686","","OLD REPUBLIC TITLE 1000 BURNETT AVE STE 400 CONCORD, CA  94520-2088","22","0109","532 GRAND AVE","OAKLAND","01","94610","","","",""
"649573","PEND ACTIVE","41 | 0","10/20/2023","09/30/2024","DBA: SACHI RAMEN & ROBATA BAR                        SACHI RAMEN & ROBATA BAR INC                         721 CHAPALA ST,                         SANTA BARBARA, CA  93101-3313","","41-558307","7","","12","4203","721 CHAPALA ST","SANTA BARBARA","42","93101","","","",""
"649675","PEND ACTIVE","48 | 0","10/23/2023","09/30/2024","DBA: WOULD YOU BELIEVE                        JU LLC                         4652 GEARY BLVD,                         SAN FRANCISCO, CA  94118-2907","","48-329870","","OLD REPUBLIC TITLE COMPANY 1000 BURNETT AVE STE 400 CONCORD, CA  94520-2088","24","3800","4652 GEARY BLVD","SAN FRANCISCO","38","94118","","","",""
"649764","PEND ACTIVE","42 | 0","10/23/2023","09/30/2024","DBA: MICH, THE                        CEJA, CRUZ ALEJANDRO                         42876 ROAD 80,                         DINUBA, CA  93618-8706","","42-585832","7","","21","5401","42876 ROAD 80","DINUBA","54","93618","","","",""
"649846","PEND ACTIVE","21 | 0","10/23/2023","09/30/2024","RANCHERO RETAIL STORE INC                         11510 FASHION CT,                         HESPERIA, CA  92345","1440 N HARBOR BLVD, STE 719                              FULLERTON, CA  92835-4120","21-586578","","UNITED ESCROW CO 3440 WILSHIRE BLVD #600 LOS ANGELES, CA  90010","7","3620","11510 FASHION CT","HESPERIA","36","92345","1440 N HARBOR BLVD, STE 719","FULLERTON","92835","CA"
"649867","PEND ACTIVE","41 | 0","10/20/2023","09/30/2024","DBA: BRASS BIRD COFFEE                        BRASS BIRD COFFEE, LLC                          4835 CARPINTERIA AVE,                         CARPINTERIA, CA  93013-1934","","","7","","12","4205","4835 CARPINTERIA AVE","CARPINTERIA","42","93013","","","",""
"649880","PEND ACTIVE","41 | 0","10/20/2023","09/30/2024","DBA: POKE LOUNGE                        POKE LOUNGE LLC                         321 E ALESSANDRO BLVD, STE 2H,                         RIVERSIDE, CA  92508","","","","","7","3312","321 E ALESSANDRO BLVD, STE 2H","RIVERSIDE","33","92508","","","",""
"649906","PEND ACTIVE","41 | 0","10/23/2023","09/30/2024","DBA: MEXICO VIEJO                        R & V MEXICAN FOOD INC                         815 BIRMINGHAM DR,                         CARDIFF BY THE SEA, CA  92007-1401","1465 ENCINITAS BLVD                              ENCINITAS, CA  92024","","7","","9","3718","815 BIRMINGHAM DR","CARDIFF BY THE SEA","37","92007","1465 ENCINITAS BLVD","ENCINITAS","92024","CA"
"649927","PEND ACTIVE","02 | 0","10/23/2023","06/30/2024","DBA: DE NEGOCE                        PHOENIX WINE COMPANY, LLC                         2191 LAGUNA RD,                         SANTA ROSA, CA  95401-3705","2183 PACIFIC AVE                              SAN FRANCISCO, CA  94115-1545","02-635745","","","27","4900","2191 LAGUNA RD","SANTA ROSA","49","95401","2183 PACIFIC AVE","SAN FRANCISCO","94115","CA"
"649954","PEND ACTIVE","41 | 0","10/20/2023","09/30/2024","TASTY NOODLE HOUSE TORRANCE INC                         2373 PACIFIC COAST HWY,                         LOMITA, CA  90717-2412","","","7","","3","1976","2373 PACIFIC COAST HWY","LOMITA","19","90717","","","",""
"650096","PEND ACTIVE","47 | 0","10/23/2023","09/30/2024","DBA: THREE STAGS THE                        KERNICO LLC                         328 ORANGE ST,                         REDLANDS, CA  92374-3204","503 E SUNSET DR N                              REDLANDS, CA  92373-6452","","7","ABC ESCROW 2222 DAMON STREET  LOS ANGELES, CA  90021","7","3608","328 ORANGE ST","REDLANDS","36","92374","503 E SUNSET DR N","REDLANDS","92373","CA"
"650141","PEND ACTIVE","41 | 0","10/23/2023","09/30/2024","DBA: SHIN SA YOUNG DONG RESTAURANT                        C HOBIN INC                         6086 BEACH BLVD,                         BUENA PARK, CA  90621-2301","","","","","11","3003","6086 BEACH BLVD","BUENA PARK","30","90621","","","",""
"650191","PEND ACTIVE","58 | 1","10/23/2023","09/30/2024","DBA: MAKI BOMB                        EMERG INC                         3605 MARKET ST, # 14,                         RIVERSIDE, CA  92501-2842","13151 SUNBIRD DR                              MORENO VALLEY, CA  92553","47-625097","7,A","INLAND EMPIRE ESCROW INC 12794 CENTRAL AVE CHINO, CA  91710","7","3312","3605 MARKET ST, # 14","RIVERSIDE","33","92501","13151 SUNBIRD DR","MORENO VALLEY","92553","CA"
"650191","PEND ACTIVE","47 | 1","10/23/2023","09/30/2024","DBA: MAKI BOMB                        EMERG INC                         3605 MARKET ST, # 14,                         RIVERSIDE, CA  92501-2842","13151 SUNBIRD DR                              MORENO VALLEY, CA  92553","47-625097","7,A","INLAND EMPIRE ESCROW INC 12794 CENTRAL AVE CHINO, CA  91710","7","3312","3605 MARKET ST, # 14","RIVERSIDE","33","92501","13151 SUNBIRD DR","MORENO VALLEY","92553","CA"
"650192","PEND ACTIVE","42 | 0","10/20/2023","09/30/2024","DBA: DECANTER LOUNGE                        SAHARA LLC                         901 N HERITAGE DR, UNIT 104,                         RIDGECREST, CA  93555","","","7","","6","1510","901 N HERITAGE DR, UNIT 104","RIDGECREST","15","93555","","","",""
"650335","PEND ACTIVE","20 | 0","10/23/2023","09/30/2024","DBA: FRESNO ARCO                        M.B.S. PETROLEUMS INC                         1460 P ST,                         FRESNO, CA  93721-1221","","20-526624","","GLEN OAKS ESCROW 24018 LYONS AVE SANTA CLARITA, CA  91321","21","1005","1460 P ST","FRESNO","10","93721","","","",""
"650363","PEND ACTIVE","20 | 0","10/23/2023","09/30/2024","DBA: KINGS MARKET                         RAMBO 3 INC                         100 W ALONDRA BLVD,                         COMPTON, CA  90220","","20-326843","7","HANA ESCROW 3580 WILSHIRE BLVD STE 1170 LOS ANGELES, CA  90010","3","1912","100 W ALONDRA BLVD","COMPTON","19","90220","","","",""
"650512","PEND ACTIVE","21 | 0","10/20/2023","09/30/2024","CR ACQUISITIONS LLC                         2498 LINCOLN BLVD,                         VENICE, CA  90291-5041","777 S FIGUEROA ST, 41ST FLR                              LOS ANGELES, CA  90007-5800","21-583771","","INNOVATIVE ESCROW 28212 KELLY JOHNSON PKWY STE 110 VALENCIA, CA  91355","3","1933","2498 LINCOLN BLVD","VENICE","19","90291","777 S FIGUEROA ST, 41ST FLR","LOS ANGELES","90007","CA"
"650702","PEND ACTIVE","41 | 0","10/23/2023","09/30/2024","DBA: TACOS EL COMPA                        G F H V R V M Q MEXICAN FOOD INC                         2788 CASTRO VALLEY BLVD,                         CASTRO VALLEY, CA  94546-5524","","","7","","22","0100","2788 CASTRO VALLEY BLVD","CASTRO VALLEY","01","94546","","","",""
"650752","PEND ACTIVE","70 | 1","10/20/2023","09/30/2024","DBA: HOTEL MILO                        AHTRST CONCESSIONS, LLC                         122 W CABRILLO BLVD,                         SANTA BARBARA, CA  93101-3505","5301 HEADQUARTERS DR                              PLANO, TX  75024","70-644816","","","12","4203","122 W CABRILLO BLVD","SANTA BARBARA","42","93101","5301 HEADQUARTERS DR","PLANO","75024","TX"
"650752","PEND ACTIVE","66 | 1","10/20/2023","09/30/2024","DBA: HOTEL MILO                        AHTRST CONCESSIONS, LLC                         122 W CABRILLO BLVD,                         SANTA BARBARA, CA  93101-3505","5301 HEADQUARTERS DR                              PLANO, TX  75024","70-644816","","","12","4203","122 W CABRILLO BLVD","SANTA BARBARA","42","93101","5301 HEADQUARTERS DR","PLANO","75024","TX"
"650765","PEND ACTIVE","70 | 1","10/20/2023","09/30/2024","DBA: HOTEL MILO                        AHTRST CONCESSIONS, LLC                         228-232 W CABRILLO BLVD,                         SANTA BARBARA, CA  93101","5301 HEADQUARTERS DR                              PLANO, TX  75024","70-644791","","","12","4203","228-232 W CABRILLO BLVD","SANTA BARBARA","42","93101","5301 HEADQUARTERS DR","PLANO","75024","TX"
"650765","PEND ACTIVE","66 | 1","10/20/2023","09/30/2024","DBA: HOTEL MILO                        AHTRST CONCESSIONS, LLC                         228-232 W CABRILLO BLVD,                         SANTA BARBARA, CA  93101","5301 HEADQUARTERS DR                              PLANO, TX  75024","70-644791","","","12","4203","228-232 W CABRILLO BLVD","SANTA BARBARA","42","93101","5301 HEADQUARTERS DR","PLANO","75024","TX"
"650774","ISSUED PENDING","20 | 0","","","DBA: CHEVRON 700036                        CHEVRON STATIONS INC                         1086 ROBERTS RD,                         CALIMESA, CA  92320","PO BOX 6003                              SAN RAMON, CA  94583","344009","7","NONE","7","3324","1086 ROBERTS RD","CALIMESA","33","92320","PO BOX 6003","SAN RAMON","94583","CA"
"650774","ISSUED PENDING","20 | 0","","","DBA: CHEVRON 700036                        CHEVRON STATIONS INC                         1086 ROBERTS RD,                         CALIMESA, CA  92320","PO BOX 6003                              SAN RAMON, CA  94583","344009","7","NONE","7","3324","1086 ROBERTS RD","CALIMESA","33","92320","PO BOX 6003","SAN RAMON","94583","CA"
"650779","PEND ACTIVE","66 | 1","10/23/2023","09/30/2024","DBA: HOTEL MILO                        AHTRST CONCESSIONS, LLC                         202-212 W CABRILLO BLVD,                         SANTA BARBARA, CA  93101-3506","5501 HEADQUARTERS DR, STE 300-W                              PLANO, TX  75024","70-644852","","","12","4203","202-212 W CABRILLO BLVD","SANTA BARBARA","42","93101","5501 HEADQUARTERS DR, STE 300-W","PLANO","75024","TX"
"650779","PEND ACTIVE","70 | 1","10/23/2023","09/30/2024","DBA: HOTEL MILO                        AHTRST CONCESSIONS, LLC                         202-212 W CABRILLO BLVD,                         SANTA BARBARA, CA  93101-3506","5501 HEADQUARTERS DR, STE 300-W                              PLANO, TX  75024","70-644852","","","12","4203","202-212 W CABRILLO BLVD","SANTA BARBARA","42","93101","5501 HEADQUARTERS DR, STE 300-W","PLANO","75024","TX"
"650800","PEND ACTIVE","67 | 0","10/20/2023","12/31/2023","DBA: HOTEL MILO                        AHTRST CONCESSIONS, LLC                         211 W MASON ST,                         SANTA BARBARA, CA  93101","5301 HEADQUARTERS DR                              PLANO, TX  75024","67-645063","","","12","4203","211 W MASON ST","SANTA BARBARA","42","93101","5301 HEADQUARTERS DR","PLANO","75024","TX"
"650898","PEND ACTIVE","58 | 1","10/23/2023","09/30/2024","DBA: ELECTRA                        311 THIRD STREET, LLC                         311 3RD ST,                         SAN FRANCISCO, CA  94107-1212","1146 NOGALES ST                              LAFAYETTE, CA  94549-3252","47-488003","7","INNOVATIVE ESCROW, INC 28212 KELLY JOHNSON PKWY STE 110 VALENCIA, CA  91355","24","3800","311 3RD ST","SAN FRANCISCO","38","94107","1146 NOGALES ST","LAFAYETTE","94549","CA"
"650898","PEND ACTIVE","47 | 1","10/23/2023","09/30/2024","DBA: ELECTRA                        311 THIRD STREET, LLC                         311 3RD ST,                         SAN FRANCISCO, CA  94107-1212","1146 NOGALES ST                              LAFAYETTE, CA  94549-3252","47-488003","7","INNOVATIVE ESCROW, INC 28212 KELLY JOHNSON PKWY STE 110 VALENCIA, CA  91355","24","3800","311 3RD ST","SAN FRANCISCO","38","94107","1146 NOGALES ST","LAFAYETTE","94549","CA"
"650905","PEND ACTIVE","02 | 0","10/23/2023","06/30/2024","DBA: IDOLA WINE CO                        IDOLA WINES LLC                         3310 RAMADA DR, STE A,                         PASO ROBLES, CA  93446-3317","PO BOX 16148                              SAN LUIS OBISPO, CA  93406","","","","13","4000","3310 RAMADA DR, STE A","PASO ROBLES","40","93446","PO BOX 16148","SAN LUIS OBISPO","93406","CA"
"651038","PEND ACTIVE","41 | 0","10/20/2023","09/30/2024","DBA: BOK KITCHEN                         BOK KITCHEN - FOUNTAIN VALLEY LLC                         18912 BROOKHURST ST,                         FOUNTAIN VALLEY, CA  92708","","","","","11","3007","18912 BROOKHURST ST","FOUNTAIN VALLEY","30","92708","","","",""
"651058","PEND ACTIVE","20 | 0","10/23/2023","09/30/2024","DBA: SANTA FE MERCADO                        SANTA FE ANGELS INC                         2514 MAIN ST,                         CHULA VISTA, CA  91911-4614","","20-538788","","ALISON MCLOSKEY ESCROW 4820 EL CAJON BLVD SAN DIEGO, CA  92115-4695","10","3702","2514 MAIN ST","CHULA VISTA","37","91911","","","",""
"651076","PEND ACTIVE","41 | 0","10/23/2023","09/30/2024","DBA: INDIA OVEN                        AUBURN IO INC                         11825 WILLOW CREEK DR,                         AUBURN, CA  95603-2525","117 CLYDESDALE WAY                              ROSEVILLE, CA  95678-6032","","","","23","3100","11825 WILLOW CREEK DR","AUBURN","31","95603","117 CLYDESDALE WAY","ROSEVILLE","95678","CA"
"651077","PEND ACTIVE","41 | 0","10/23/2023","09/30/2024","DBA: IGGYS ORGANIC BURGER                        CDM BRANDS LLC                         109 PLAZA ST,                         HEALDSBURG, CA  95448-4113","9356 JESSICA DR                              WINDSOR, CA  95492","","","","27","4902","109 PLAZA ST","HEALDSBURG","49","95448","9356 JESSICA DR","WINDSOR","95492","CA"
"651140","PEND ACTIVE","02 | 0","10/20/2023","06/30/2024","DBA: MAIN LINE WINE CO                        MAIN LINE WINE COMPANY                         1 EXECUTIVE WAY, BLDGS 1 & 2,                         NAPA, CA  94558-6271","232 WEATHERHILL DR                              WEST CHESTER, PA  19382","02-646846","","","27","2800","1 EXECUTIVE WAY, BLDGS 1 & 2","NAPA","28","94558","232 WEATHERHILL DR","WEST CHESTER","19382","PA"
"651180","PEND ACTIVE","47 | 1","10/23/2023","09/30/2024","DBA: MOTHERS TAVERN                        EPCW LLC                         725 HIGUERA ST,                         SAN LUIS OBISPO, CA  93401","8135 EL CAMINO REAL                              ATASCADERO, CA  93422","47-475198","7","PLACER TITLE COMPANY 3900 COFFEE RD STE 7 BAKERSFIELD, CA  93308-5051","13","4004","725 HIGUERA ST","SAN LUIS OBISPO","40","93401","8135 EL CAMINO REAL","ATASCADERO","93422","CA"
"651180","PEND ACTIVE","58 | 1","10/23/2023","09/30/2024","DBA: MOTHERS TAVERN                        EPCW LLC                         725 HIGUERA ST,                         SAN LUIS OBISPO, CA  93401","8135 EL CAMINO REAL                              ATASCADERO, CA  93422","47-475198","7","PLACER TITLE COMPANY 3900 COFFEE RD STE 7 BAKERSFIELD, CA  93308-5051","13","4004","725 HIGUERA ST","SAN LUIS OBISPO","40","93401","8135 EL CAMINO REAL","ATASCADERO","93422","CA"
"651180","PEND ACTIVE","47 | 1","10/23/2023","09/30/2024","DBA: MOTHERS TAVERN                        EPCW LLC                         725 HIGUERA ST,                         SAN LUIS OBISPO, CA  93401","8135 EL CAMINO REAL                              ATASCADERO, CA  93422","47-475198","7","PLACER TITLE COMPANY 3900 COFFEE RD STE 7 BAKERSFIELD, CA  93308-5051","13","4004","725 HIGUERA ST","SAN LUIS OBISPO","40","93401","8135 EL CAMINO REAL","ATASCADERO","93422","CA"
"651211","PEND ACTIVE","41 | 0","10/20/2023","09/30/2024","DBA: MARIO'S ITALIAN CAFE                        BEE MEE THREE INC                         425 S SUNRISE WAY, BLDG F-1,                         PALM SPRINGS, CA  92262-7664","85582 MOLVENA DR                              INDIO, CA  92203-2453","","","","8","3310","425 S SUNRISE WAY, BLDG F-1","PALM SPRINGS","33","92262","85582 MOLVENA DR","INDIO","92203","CA"
"651212","PEND ACTIVE","41 | 0","10/23/2023","09/30/2024","DBA: THAI TIME                        THAI TIME LIMITED LIABILITY COMPANY                          2030 10TH ST,                         SACRAMENTO, CA  95818","8598 UNDERHILL DR                              SACRAMENTO, CA  95828","","7","","23","3405","2030 10TH ST","SACRAMENTO","34","95818","8598 UNDERHILL DR","SACRAMENTO","95828","CA"
"651280","PEND ACTIVE","21 | 0","10/23/2023","09/30/2024","DBA: BAYSICS                        BAYSIC BEV SAN PABLO INC                         13350 SAN PABLO AVE, STE A8,                         SAN PABLO, CA  94806-3900","","21-505834","","","22","0710","13350 SAN PABLO AVE, STE A8","SAN PABLO","07","94806","","","",""
"651387","PEND ACTIVE","41 | 0","10/20/2023","09/30/2024","DBA: LOS CAPORALES TAQUERIA                        MACIAS, RAFAEL                         11 MUIR RD,                         MARTINEZ, CA  94553-4602","","41-604184","","","22","0706","11 MUIR RD","MARTINEZ","07","94553","","","",""
"651504","PEND ACTIVE","41 | 0","10/23/2023","09/30/2024","DBA: CAJUN CRAB THE                        SHIN, MELODY HEE                         520 W LAMBERT RD,                         LA HABRA, CA  90631-6754","","41-438007","7","IMPERIAL ESCROW INC 8665 GARDEN GROVE BLVD GARDEN GROVE, CA  92844","11","3012","520 W LAMBERT RD","LA HABRA","30","90631","","","",""
"653144","PEND ACTIVE","41 | 0","10/23/2023","11/30/2023","DBA: MANAAO THAI CUISINE                        ROONG RUENG, LLC                         715 HARBOR POINTE PL, STE 200 & 300,                         WEST SACRAMENTO, CA  95605-1629","","41-652320","8","","23","5704","715 HARBOR POINTE PL, STE 200 & 300","WEST SACRAMENTO","57","95605","","","",""
"653582","PEND ACTIVE","20 | 0","10/23/2023","06/30/2024","DBA: HERITAGE MART                        HS STORES INC                         7470 CHERRY AVE, STE 101,                         FONTANA, CA  92336-4272","","20-535942","","NONE","7","3604","7470 CHERRY AVE, STE 101","FONTANA","36","92336","","","",""
"653788","PEND ACTIVE","79 | 0","10/23/2023","06/30/2024","DBA: NORSEMAN THE@SANTAROSACERTIFIEDFARMERSMARKET                        DOOKIE BROTHERS LLC, THE                         50 MARK WEST SPRINGS RD,                         SANTA ROSA, CA  95403-1457","PO BOX 3148                              SANTA ROSA, CA  95402","","","","27","4900","50 MARK WEST SPRINGS RD","SANTA ROSA","49","95403","PO BOX 3148","SANTA ROSA","95402","CA"
"653811","PEND ACTIVE","79 | 0","10/20/2023","06/30/2024","DBA: BURTECH FAMILY VINERYARD @ CARDIFF CERTIFIED FARMERS MARKET                        BURTECH FAMILY VINEYARD, LLC                         3333 MANCHESTER AVE,                         CARDIFF, CA  92007","1325 PIPELINE DR                              VISTA, CA  92081","","","","9","3700","3333 MANCHESTER AVE","CARDIFF","37","92007","1325 PIPELINE DR","VISTA","92081","CA"
"653824","PEND ACTIVE","26 | 0","10/20/2023","06/30/2024","DBA: VARIETAL BEER COMPANY                        NORTH FIRST INDUSTRIES, INC                         416 EAST EDISON AVENUE,                         SUNNYSIDE, WA  98944","","","","","75","9999","416 EAST EDISON AVENUE","SUNNYSIDE","","98944","","","",""