"License Number","Status Changed From/To","Type| Dup","Original Issue Date","Expir. Date","Primary Owner and Premises Addr.","Mailing Addr.","Transfer-From/To","Conditions","Escrow","District Code","Geo Code","Prem Street","City","County","Zip Code","Mailing Street","Mailing City","Mailing Zip Code","Mailing State"
"175657","SUREND CANCEL","47 | 0","08/23/1985","07/31/2024","DBA: ALBANY BOWL                        ALBANY BOWL PROPERTIES LPSHIP                         540 SAN PABLO AVE,                         ALBANY, CA  94706-1127","","","","","22","0102","540 SAN PABLO AVE","ALBANY","01","94706","","","",""
"325111","SUREND NREN","41 | 0","11/25/1996","10/31/2023","DBA: CAFE JASMIN                        DONLAGIC, JASMINKA                         125 E TAHQUITZ CANYON WAY, STE 103,                         PALM SPRINGS, CA  92262","73046 HELEN MOODY LN                              PALM DESERT, CA  92260-5908","","7","","8","3310","125 E TAHQUITZ CANYON WAY, STE 103","PALM SPRINGS","33","92262","73046 HELEN MOODY LN","PALM DESERT","92260","CA"
"332941","REVPEN NREN","41 | 0","08/07/1997","07/31/2023","DBA: THAI TIME RESTAURANT                        OCHAROENKUL, JAKKIT                         315 8TH AVE,                         SAN FRANCISCO, CA  94118","","41-272781","","","24","3800","315 8TH AVE","SAN FRANCISCO","38","94118","","","",""
"346478","ACTIVE NREN","41 | 0","11/02/1998","10/31/2023","DBA: COCOS RESTAURANT 6026                        EUPIERRE, VINCE FREDDY                         1683 S RIVERSIDE AVE,                         RIALTO, CA  92376","5755 S SANDHILL RD , STE A                               LAS VEGAS, NV  89120-2551","","","","7","3609","1683 S RIVERSIDE AVE","RIALTO","36","92376","5755 S SANDHILL RD , STE A","LAS VEGAS","89120","NV"
"389727","ACTIVE NREN","41 | 0","11/12/2002","10/31/2023","DBA: COCOS RESTAURANT 6045                        JO VI LLC                         1317 S LONE HILL AVE,                         GLENDORA, CA  91740","5755 S SANDHILL RD , STE A                               LAS VEGAS, NV  89120-2551","","","","2","1922","1317 S LONE HILL AVE","GLENDORA","19","91740","5755 S SANDHILL RD , STE A","LAS VEGAS","89120","NV"
"393673","ACTIVE NREN","41 | 0","11/20/2002","10/31/2023","DBA: DAC PHUC RESTAURANT                        NGUYEN, DON TIEN                         198 W SANTA CLARA ST,                         SAN JOSE, CA  95113","2615 GLEN HANCOCK CT                              SAN JOSE, CA  95148","41-151193","","","25","4313","198 W SANTA CLARA ST","SAN JOSE","43","95113","2615 GLEN HANCOCK CT","SAN JOSE","95148","CA"
"414156","ACTIVE NREN","41 | 0","11/15/2004","10/31/2023","DBA: CAFE CALYPSO                        SEA NYMPH ENTERPRISES                         114 AVENIDA DEL MAR, STE 4,                         SAN CLEMENTE, CA  92672","1906 COLINA SALIDA DEL SOL                              SAN CLEMENTE, CA  92673","","","","11","3016","114 AVENIDA DEL MAR, STE 4","SAN CLEMENTE","30","92672","1906 COLINA SALIDA DEL SOL","SAN CLEMENTE","92673","CA"
"437849","ACTIVE CANCEL","20 | 0","08/24/2006","07/31/2024","DBA: CASTROVILLE 76                        CALIFORNIA ASSOCIATES GS001 LLC                         11400 MERRITT ST,                         CASTROVILLE, CA  95012","","20-411666/ 20-651033","7","","26","2700","11400 MERRITT ST","CASTROVILLE","27","95012","","","",""
"447751","PEND NREN","82 | 0","11/13/2006","10/31/2023","DBA: SPRING VALLEY VINEYARD                        STE. MICHELLE WINE ESTATES LLC                         1682 CORKRUM RD,                         WALLA WALLA, WA  99362-8628","PO BOX 1976                              WOODINVILLE, WA  98072","","","","75","9999","1682 CORKRUM RD","WALLA WALLA","","99362","PO BOX 1976","WOODINVILLE","98072","WA"
"448066","PEND NREN","82 | 0","11/21/2006","10/31/2023","DBA: TASSEL RIDGE WINERY                        TASSEL RIDGE WINERY LLC                         1681 220TH ST,                         LEIGHTON, IA  50143-8016","PO BOX 115                              OSKALOOSA, IA  52577","","","","75","9999","1681 220TH ST","LEIGHTON","","50143","PO BOX 115","OSKALOOSA","52577","IA"
"485833","SUREND ACTIVE","21 | 0","02/11/2010","09/30/2024","DBA: LIQUORAMA                        LIQUORAMA JM INC                         4979 W WASHINGTON BLVD,                         LOS ANGELES, CA  90016-1448","","21-453401/ 21-644786, 21-541909, 21-541910","8","","4","1933","4979 W WASHINGTON BLVD","LOS ANGELES","19","90016","","","",""
"501899","ACTIVE NREN","20 | 0","10/07/2010","10/31/2023","DBA: QUEEN EILEENS                        QUEEN EILEENS INC                         548 S COAST HIGHWAY 101,                         ENCINITAS, CA  92024-3531","548 S COAST HWY                              ENCINITAS, CA  92024-3531","20-292385","7","","9","3718","548 S COAST HIGHWAY 101","ENCINITAS","37","92024","548 S COAST HWY","ENCINITAS","92024","CA"
"502103","ACTIVE NREN","17 | 1","11/24/2010","10/31/2023","DBA: VICOS IMPORTS                        PICCININI, VICO JOSEPH                         145 SYLVESTER RD,                         SOUTH SAN FRANCISCO, CA  94080-6015","","17-326143","","","25","4114","145 SYLVESTER RD","SOUTH SAN FRANCISCO","41","94080","","","",""
"502103","ACTIVE NREN","09 | 1","11/24/2010","10/31/2023","DBA: VICOS IMPORTS                        PICCININI, VICO JOSEPH                         145 SYLVESTER RD,                         SOUTH SAN FRANCISCO, CA  94080-6015","","17-326143","","","25","4114","145 SYLVESTER RD","SOUTH SAN FRANCISCO","41","94080","","","",""
"505698","ACTIVE SUREND","41 | 0","12/21/2010","06/30/2024","DBA: SU CASA FRESH MEXICAN GRILL                        ZEROBE INC                         1417 SAN ANDRES ST,                         SANTA BARBARA, CA  93101-4206","","41-354400","7,8","","12","4203","1417 SAN ANDRES ST","SANTA BARBARA","42","93101","","","",""
"523370","REVPEN NREN","17 | 0","08/21/2012","07/31/2023","DBA: GARTHS WINE CELLAR                        HUNTINGDON GROUP LLC THE                         20580 8TH ST E,                         SONOMA, CA  95476-9590","3475 BUCK RD                              HUNTINGDON VALLEY, PA  19006-4034","","7","","27","4900","20580 8TH ST E","SONOMA","49","95476","3475 BUCK RD","HUNTINGDON VALLEY","19006","PA"
"523370","REVPEN NREN","20 | 0","08/21/2012","07/31/2023","DBA: GARTHS WINE CELLAR                        HUNTINGDON GROUP LLC THE                         20580 8TH ST E,                         SONOMA, CA  95476-9590","3475 BUCK RD                              HUNTINGDON VALLEY, PA  19006-4034","","7,I","","27","4900","20580 8TH ST E","SONOMA","49","95476","3475 BUCK RD","HUNTINGDON VALLEY","19006","PA"
"525301","ACTIVE NREN","41 | 0","11/20/2012","10/31/2023","DBA: WINGSTOP                        CENCAL WINGS LLC                         5177 E KINGS CANYON RD,                         FRESNO, CA  93727-3937","","","7","","21","1005","5177 E KINGS CANYON RD","FRESNO","10","93727","","","",""
"526992","ACTIVE NREN","41 | 0","11/27/2012","10/31/2023","DBA: HONEYBAKED HAM                        R J KALI CORP                         352 S MOUNTAIN AVE,                         UPLAND, CA  91786-7031","332 W BRENNA LANE                              ORANGE, CA  92867-5637","","","","7","3611","352 S MOUNTAIN AVE","UPLAND","36","91786","332 W BRENNA LANE","ORANGE","92867","CA"
"534753","ACTIVE NREN","41 | 0","11/27/2013","10/31/2023","DBA: TS CAFE NORTH                        PAYMARD, HALLEH MICHELLE                         860 10TH ST,                         ARCATA, CA  95521-6232","820 WILEY CT                              ARCATA, CA  95521-6566","41-408981","","FIDELITY NATIONAL TITLE COMPANY  8525 MADISON AVE STE 110 FAIR OAKS, CA  95628","28","1201","860 10TH ST","ARCATA","12","95521","820 WILEY CT","ARCATA","95521","CA"
"536369","ACTIVE NREN","41 | 0","11/01/2013","10/31/2023","DBA: TAO DAN                        AMERICAN SPRING LLC                         277 PARROTT ST,                         SAN LEANDRO, CA  94577-4430","","","7","","22","0112","277 PARROTT ST","SAN LEANDRO","01","94577","","","",""
"536866","ACTIVE CANCEL","47 | 0","12/12/2016","11/30/2023","DBA: JOSHUA TREE RESTAURANT & BAR                        VN HOSPITALITY, INC.                         71809 29 PALMS HWY,                         29 PALMS, CA  92277-2067","751 S WEIR CANYON RD , STE 157-288                              ANAHEIM HILLS, CA  92808","","","","8","3619","71809 29 PALMS HWY","29 PALMS","36","92277","751 S WEIR CANYON RD , STE 157-288","ANAHEIM HILLS","92808","CA"
"548646","ACTIVE NREN","41 | 0","11/03/2014","10/31/2023","2445 NORIEGA LLC                         2445 NORIEGA ST,                         SAN FRANCISCO, CA  94122-4241","","","","","24","3800","2445 NORIEGA ST","SAN FRANCISCO","38","94122","","","",""
"548829","ACTIVE NREN","18 | 1","11/20/2014","10/31/2023","DBA: 19 TEQUILA INC                        19 TEQUILA INC.                         533 HERMES AVE,                         ENCINITAS, CA  92024-2108","125 W JASON ST                              ENCINITAS, CA  92024","","7","","9","3718","533 HERMES AVE","ENCINITAS","37","92024","125 W JASON ST","ENCINITAS","92024","CA"
"548829","ACTIVE NREN","12 | 1","11/20/2014","10/31/2023","DBA: 19 TEQUILA INC                        19 TEQUILA INC.                         533 HERMES AVE,                         ENCINITAS, CA  92024-2108","125 W JASON ST                              ENCINITAS, CA  92024","","7","","9","3718","533 HERMES AVE","ENCINITAS","37","92024","125 W JASON ST","ENCINITAS","92024","CA"
"564704","PEND ACTIVE","02 | 0","11/08/2023","06/30/2024","DBA: BARREL BROTHERS BREWING COMPANY LLC                        BARREL BROTHERS BREWING COMPANY, LLC                         399 BUSINESS PARK CT, #506, #507, #520, #521, #523, #524,                         WINDSOR, CA  95492-6652","399 BUSINESS PARK CT, STE 506                              WINDSOR, CA  95492-6652","","7","","27","4909","399 BUSINESS PARK CT, #506, #507, #520, #521, #523, #524","WINDSOR","49","95492","399 BUSINESS PARK CT, STE 506","WINDSOR","95492","CA"
"572892","ACTIVE CANCEL","02 | 0","01/10/2017","06/30/2024","DBA: HARUMPH WINES                        DESANTIS, MICHAEL LUIGI                         3125 ST HELENA HWY N,                         SAINT HELENA, CA  94574-9706","PO BOX 1006                              COBB, CA  95426-1006","02-535818","","","27","2800","3125 ST HELENA HWY N","SAINT HELENA","28","94574","PO BOX 1006","COBB","95426","CA"
"573130","ACTIVE CANCEL","48 | 0","12/22/2016","11/30/2023","DBA: HIDEAWAY BAR                        DELEON, ROSALINDA                         1335 12TH ST,                         SANGER, CA  93657-3104","","","5,7","","21","1013","1335 12TH ST","SANGER","10","93657","","","",""
"577910","ACTIVE NREN","41 | 0","11/30/2017","10/31/2023","DBA: WHEN PIGS FLY BBQ                        WHEN PIGS FLY BBQ, LLC                         230 MAIN ST,                         VISTA, CA  92084-6008","1211 E VISTA WAY                              VISTA, CA  92084-4039","","7","","9","3713","230 MAIN ST","VISTA","37","92084","1211 E VISTA WAY","VISTA","92084","CA"
"582310","ACTIVE NREN","17 | 1","11/08/2017","10/31/2023","DBA: VINO ES VIDA                        SALOMELIER IMPORTS, LLC                         4054 MICHAEL AVE,                         LOS ANGELES, CA  90066-5116","","","7","","3","1933","4054 MICHAEL AVE","LOS ANGELES","19","90066","","","",""
"582310","ACTIVE NREN","20 | 0","11/08/2017","10/31/2023","DBA: VINO ES VIDA                        SALOMELIER IMPORTS, LLC                         4054 MICHAEL AVE,                         LOS ANGELES, CA  90066-5116","","","7,I","","3","1933","4054 MICHAEL AVE","LOS ANGELES","19","90066","","","",""
"582310","ACTIVE NREN","09 | 1","11/08/2017","10/31/2023","DBA: VINO ES VIDA                        SALOMELIER IMPORTS, LLC                         4054 MICHAEL AVE,                         LOS ANGELES, CA  90066-5116","","","7","","3","1933","4054 MICHAEL AVE","LOS ANGELES","19","90066","","","",""
"584921","ACTIVE NREN","41 | 0","11/08/2017","10/31/2023","DBA: PIEOLOGY PIZZERIA                         INLAND EMPIRE PIE, LLC                          623 ORANGE ST ,                         REDLANDS, CA  92374-3246","4 VIA LANTICO                              RANCHO MIRAGE, CA  92270-3802","","","","7","3608","623 ORANGE ST","REDLANDS","36","92374","4 VIA LANTICO","RANCHO MIRAGE","92270","CA"
"588093","ACTIVE CANCEL","47 | 0","02/14/2018","01/31/2024","DBA: GRUB BURGER AND BAR                        GRUB WHITTIER, LLC                          13815 WHITTIER BLVD,                         WHITTIER, CA  90605-1907","235 W MARKET ST                              SAN DIEGO, CA  92101-6707","47-560022/ 47-650598","","CALIFORNIA BUSINESS ESCROW INC 1748 MAIN STREET ESCALON, CA  95320","2","1961","13815 WHITTIER BLVD","WHITTIER","19","90605","235 W MARKET ST","SAN DIEGO","92101","CA"
"590907","ACTIVE SUREND","23 | 0","01/08/2019","12/31/2023","DBA: BORDER X BREWING LLC                        BORDER X BREWING LLC                         4400 GAGE AVE,                         BELL, CA  90201-1217","4400 GAGE AVE                              BELL, CA  90201-1217","","7","","2","1906","4400 GAGE AVE","BELL","19","90201","4400 GAGE AVE","BELL","90201","CA"
"599746","ACTIVE NREN","41 | 0","11/26/2018","10/31/2023","DBA: BEYOND THE BAGUETTE                        BEYOND THE BAGUETTE INC.                         3751 S HARBOR BLVD, STE C,                         SANTA ANA, CA  92704-7957","9825 GLADIOLA AVE                              FOUNTAIN VALLEY, CA  92708-2035","","","","11","3017","3751 S HARBOR BLVD, STE C","SANTA ANA","30","92704","9825 GLADIOLA AVE","FOUNTAIN VALLEY","92708","CA"
"603244","PEND ACTIVE","20 | 0","11/08/2023","10/31/2024","DBA: 76 CROSSROADS                        MARUTI OLD OREGON CORP                         3030 CROSSROADS DR,                         REDDING, CA  96003","9695 TWIN CREEK LANE                              REDDING, CA  96003","20-529823","","FEDERAL ESCROW , INC 23734 VALENCIA BLVD STE 100A VALENCIA, CA  91355","31","4502","3030 CROSSROADS DR","REDDING","45","96003","9695 TWIN CREEK LANE","REDDING","96003","CA"
"604845","CANCEL ACTIVE","47 | 3","07/08/2019","06/30/2024","DBA: SANCTUARY BEACH RESORT                        HHLP SANCTUARY LESSEE, LLC                         3295 DUNES RD,                         MARINA, CA  93933","44 HERSHA DR                              HARRISBURG, PA  17102","47-570709/ 47-654167","7","","26","2712","3295 DUNES RD","MARINA","27","93933","44 HERSHA DR","HARRISBURG","17102","PA"
"604845","CANCEL ACTIVE","47 | 3","07/08/2019","06/30/2024","DBA: SANCTUARY BEACH RESORT                        HHLP SANCTUARY LESSEE, LLC                         3295 DUNES RD,                         MARINA, CA  93933","44 HERSHA DR                              HARRISBURG, PA  17102","47-570709/ 47-654167","7","","26","2712","3295 DUNES RD","MARINA","27","93933","44 HERSHA DR","HARRISBURG","17102","PA"
"604845","CANCEL ACTIVE","47 | 3","07/08/2019","06/30/2024","DBA: SANCTUARY BEACH RESORT                        HHLP SANCTUARY LESSEE, LLC                         3295 DUNES RD,                         MARINA, CA  93933","44 HERSHA DR                              HARRISBURG, PA  17102","47-570709/ 47-654167","7","","26","2712","3295 DUNES RD","MARINA","27","93933","44 HERSHA DR","HARRISBURG","17102","PA"
"604845","CANCEL ACTIVE","47 | 3","07/08/2019","06/30/2024","DBA: SANCTUARY BEACH RESORT                        HHLP SANCTUARY LESSEE, LLC                         3295 DUNES RD,                         MARINA, CA  93933","44 HERSHA DR                              HARRISBURG, PA  17102","47-570709/ 47-654167","7","","26","2712","3295 DUNES RD","MARINA","27","93933","44 HERSHA DR","HARRISBURG","17102","PA"
"604845","CANCEL ACTIVE","66 | 3","07/08/2019","06/30/2024","DBA: SANCTUARY BEACH RESORT                        HHLP SANCTUARY LESSEE, LLC                         3295 DUNES RD,                         MARINA, CA  93933","44 HERSHA DR                              HARRISBURG, PA  17102","47-570709/ 47-654167","7","","26","2712","3295 DUNES RD","MARINA","27","93933","44 HERSHA DR","HARRISBURG","17102","PA"
"604845","CANCEL ACTIVE","66 | 3","07/08/2019","06/30/2024","DBA: SANCTUARY BEACH RESORT                        HHLP SANCTUARY LESSEE, LLC                         3295 DUNES RD,                         MARINA, CA  93933","44 HERSHA DR                              HARRISBURG, PA  17102","47-570709/ 47-654167","7","","26","2712","3295 DUNES RD","MARINA","27","93933","44 HERSHA DR","HARRISBURG","17102","PA"
"604845","CANCEL ACTIVE","68 | 3","07/08/2019","06/30/2024","DBA: SANCTUARY BEACH RESORT                        HHLP SANCTUARY LESSEE, LLC                         3295 DUNES RD,                         MARINA, CA  93933","44 HERSHA DR                              HARRISBURG, PA  17102","47-570709/ 47-654167","7","","26","2712","3295 DUNES RD","MARINA","27","93933","44 HERSHA DR","HARRISBURG","17102","PA"
"604845","CANCEL ACTIVE","68 | 3","07/08/2019","06/30/2024","DBA: SANCTUARY BEACH RESORT                        HHLP SANCTUARY LESSEE, LLC                         3295 DUNES RD,                         MARINA, CA  93933","44 HERSHA DR                              HARRISBURG, PA  17102","47-570709/ 47-654167","7","","26","2712","3295 DUNES RD","MARINA","27","93933","44 HERSHA DR","HARRISBURG","17102","PA"
"604845","CANCEL ACTIVE","58 | 3","07/08/2019","06/30/2024","DBA: SANCTUARY BEACH RESORT                        HHLP SANCTUARY LESSEE, LLC                         3295 DUNES RD,                         MARINA, CA  93933","44 HERSHA DR                              HARRISBURG, PA  17102","47-570709/ 47-654167","7","","26","2712","3295 DUNES RD","MARINA","27","93933","44 HERSHA DR","HARRISBURG","17102","PA"
"604845","CANCEL ACTIVE","58 | 3","07/08/2019","06/30/2024","DBA: SANCTUARY BEACH RESORT                        HHLP SANCTUARY LESSEE, LLC                         3295 DUNES RD,                         MARINA, CA  93933","44 HERSHA DR                              HARRISBURG, PA  17102","47-570709/ 47-654167","7","","26","2712","3295 DUNES RD","MARINA","27","93933","44 HERSHA DR","HARRISBURG","17102","PA"
"609762","ACTIVE NREN","41 | 0","11/19/2020","10/31/2023","DBA: HAND ROLL BAR THE                        HRB EXPERIENCE, LLC THE                         529 W 6TH ST, STE R529S,                         LOS ANGELES, CA  90014-1201","8271 MELROSE AVE, STE 100                              LOS ANGELES, CA  90046-6800","","7","","4","1933","529 W 6TH ST, STE R529S","LOS ANGELES","19","90014","8271 MELROSE AVE, STE 100","LOS ANGELES","90046","CA"
"610597","ACTIVE NREN","70 | 0","11/22/2019","10/31/2023","DBA: REDWOOD RIVERWALK HOTEL THE                        EPIC HOSPITALITY INC                         1859 ALAMAR WY,                         FORTUNA, CA  95540-8535","PO BOX 3449                              YOUNTVILLE, CA  94599-3449","","","","28","1205","1859 ALAMAR WY","FORTUNA","12","95540","PO BOX 3449","YOUNTVILLE","94599","CA"
"617177","SUREND ACTIVE","21 | 0","09/30/2020","08/31/2024","DBA: NORTHGATE #44                        NORTHGATE GONZALEZ LLC                         2300 HARBOR BLVD, STE C,                         COSTA MESA, CA  92626-6200","1201 N MAGNOLIA AVE                              ANAHEIM, CA  92801-2609","21-531151","","CALIFORNIA BUSINESS ESCROW INC 1748 MAIN ST ESCALON, CA  95320-1927","11","3004","2300 HARBOR BLVD, STE C","COSTA MESA","30","92626","1201 N MAGNOLIA AVE","ANAHEIM","92801","CA"
"617177","SUREND ACTIVE","86 | 0","09/30/2020","08/31/2024","DBA: NORTHGATE #44                        NORTHGATE GONZALEZ LLC                         2300 HARBOR BLVD, STE C,                         COSTA MESA, CA  92626-6200","1201 N MAGNOLIA AVE                              ANAHEIM, CA  92801-2609","86-531151","","CALIFORNIA BUSINESS ESCROW INC 1748 MAIN ST ESCALON, CA  95320-1927","11","3004","2300 HARBOR BLVD, STE C","COSTA MESA","30","92626","1201 N MAGNOLIA AVE","ANAHEIM","92801","CA"
"617846","ACTIVE CANCEL","41 | 0","08/17/2020","10/31/2023","DBA: LE PETIT PARIS 75                        LE PETIT PARIS 75 LLC                         515 BROADWAY ST,                         SAN FRANCISCO, CA  94133-4506","","41-608767","7","","24","3800","515 BROADWAY ST","SAN FRANCISCO","38","94133","","","",""
"618300","ACTIVE NREN","17 | 1","11/04/2020","10/31/2023","VIKING SPIRITS, INC.                         11436 SORRENTO VALLEY RD, STE B-1,                         SAN DIEGO, CA  92121","17757 MAXINE LN                              SAN DIEGO, CA  92127-7619","","","","10","3710","11436 SORRENTO VALLEY RD, STE B-1","SAN DIEGO","37","92121","17757 MAXINE LN","SAN DIEGO","92127","CA"
"618300","ACTIVE NREN","18 | 1","11/04/2020","10/31/2023","VIKING SPIRITS, INC.                         11436 SORRENTO VALLEY RD, STE B-1,                         SAN DIEGO, CA  92121","17757 MAXINE LN                              SAN DIEGO, CA  92127-7619","","","","10","3710","11436 SORRENTO VALLEY RD, STE B-1","SAN DIEGO","37","92121","17757 MAXINE LN","SAN DIEGO","92127","CA"
"618300","ACTIVE NREN","09 | 1","11/04/2020","10/31/2023","VIKING SPIRITS, INC.                         11436 SORRENTO VALLEY RD, STE B-1,                         SAN DIEGO, CA  92121","17757 MAXINE LN                              SAN DIEGO, CA  92127-7619","","","","10","3710","11436 SORRENTO VALLEY RD, STE B-1","SAN DIEGO","37","92121","17757 MAXINE LN","SAN DIEGO","92127","CA"
"618300","ACTIVE NREN","12 | 1","11/04/2020","10/31/2023","VIKING SPIRITS, INC.                         11436 SORRENTO VALLEY RD, STE B-1,                         SAN DIEGO, CA  92121","17757 MAXINE LN                              SAN DIEGO, CA  92127-7619","","","","10","3710","11436 SORRENTO VALLEY RD, STE B-1","SAN DIEGO","37","92121","17757 MAXINE LN","SAN DIEGO","92127","CA"
"618828","ACTIVE CANCEL","02 | 0","10/01/2020","06/30/2024","DBA: BARTHOLOMEW ESTATE WINERY                        REGENERATIVE GIFT, LLC                         22020 CARNEROS VINEYARD WAY, STE 5,                         SONOMA, CA  95476-2826","1000 VINEYARD LN                              SONOMA, CA  95476-4845","","","","27","4900","22020 CARNEROS VINEYARD WAY, STE 5","SONOMA","49","95476","1000 VINEYARD LN","SONOMA","95476","CA"
"621097","ACTIVE NREN","85 | 0","11/13/2020","10/31/2023","DBA: 2 FRIENDS EVENT                        SIMPSON, NICHOLE THERESA                         1752 GREENBUSH CT,                         CONCORD, CA  94521","","","7","","22","0703","1752 GREENBUSH CT","CONCORD","07","94521","","","",""
"621468","ACTIVE NREN","82 | 0","11/03/2020","10/31/2023","MEIERS WINE CELLARS INC                         6955 PLAINFIELD RD ,                         CINCINNATI, OH  45236","","","","","75","9999","6955 PLAINFIELD RD","CINCINNATI","","45236","","","",""
"625680","ACTIVE CANCEL","21 | 0","06/11/2021","05/31/2024","DBA: G L LIQUOR                        BAY AREA ESSENTIALS, LLC                         606 E ALISAL ST, STE B,                         SALINAS, CA  93905","","21-587953/ 21-651532","7","BUSINESS & ESCROW SERVICE CENTER INC 3031 TISCH WY STE 310 SAN JOSE, CA  95128","26","2708","606 E ALISAL ST, STE B","SALINAS","27","93905","","","",""
"627616","PEND ACTIVE","47 | 0","11/08/2023","10/31/2024","DBA: WATERFRONT SEAFOOD GRILL, THE                        WATERFRONT SEAFOOD GRILL, THE                         720 MAIN ST,                         NAPA, CA  94559-3381","988 ENTERPRISE WAY                              NAPA, CA  94558-6209","","7,E","CALIFORNIA BUSINESS ESCROW INC 1748 MAIN ST ESCALON, CA  95320-1927","27","2802","720 MAIN ST","NAPA","28","94559","988 ENTERPRISE WAY","NAPA","94558","CA"
"627616","PEND ACTIVE","47 | 0","11/08/2023","10/31/2024","DBA: WATERFRONT SEAFOOD GRILL, THE                        WATERFRONT SEAFOOD GRILL, THE                         720 MAIN ST,                         NAPA, CA  94559-3381","988 ENTERPRISE WAY                              NAPA, CA  94558-6209","","7,E","CALIFORNIA BUSINESS ESCROW INC 1748 MAIN ST ESCALON, CA  95320-1927","27","2802","720 MAIN ST","NAPA","28","94559","988 ENTERPRISE WAY","NAPA","94558","CA"
"630315","ACTIVE NREN","10 | 0","11/04/2021","10/31/2023","CIATTI IMPORTS, LLC                          201 ALAMEDA DEL PRADO, STE 101,                         NOVATO, CA  94949-6698","","","","","27","2110","201 ALAMEDA DEL PRADO, STE 101","NOVATO","21","94949","","","",""
"630315","ACTIVE NREN","13 | 0","11/04/2021","10/31/2023","CIATTI IMPORTS, LLC                          201 ALAMEDA DEL PRADO, STE 101,                         NOVATO, CA  94949-6698","","","","","27","2110","201 ALAMEDA DEL PRADO, STE 101","NOVATO","21","94949","","","",""
"636742","PEND ACTIVE","42 | 0","11/08/2023","10/31/2024","DBA: MO'S WINE BAR                        MO'S WINE BAR                         1515 PARK ST,                         ALAMEDA, CA  94501-2933","","","7","","22","0101","1515 PARK ST","ALAMEDA","01","94501","","","",""
"637067","PEND WITHDRAWN","20 | 0","","","SC BOX COMPANY INC, THE                         440 S OXNARD BLVD,                         OXNARD, CA  93030-5950","","527995","7","CHICAGO TITLE CO 475 W CHANNEL ISLANDS BLVD STE 108 PORT HUENEME, CA  93041","12","5603","440 S OXNARD BLVD","OXNARD","56","93030","","","",""
"637866","ACTIVE R64B","47 | 0","11/08/2023","10/31/2024","DBA: MANTRA EVENTS                        MANTRA EVENTS INC.                         4175 INLAND EMPIRE BLVD,                         ONTARIO, CA  91764-5002","","48-594804","","ABC ESCROW 2222 DAMON STREET  LOS ANGELES, CA  90021","7","3607","4175 INLAND EMPIRE BLVD","ONTARIO","36","91764","","","",""
"638296","ACTIVE NREN","41 | 0","11/04/2022","10/31/2023","DBA: NUTMEG BAKERY & CAFE 3                        NUTMEG BAKERY & CAFÉ 2                         9800 MIRA LEE WAY STE 103,                         SAN DIEGO, CA  92126-4713","17441 TAM O SHANTER DR                              POWAY, CA  92064-1326","","7","","9","3710","9800 MIRA LEE WAY STE 103","SAN DIEGO","37","92126","17441 TAM O SHANTER DR","POWAY","92064","CA"
"638624","PEND ACTIVE","41 | 0","11/07/2023","10/31/2024","ITOKO RESTAURANT GROUP, INC.                         9300 CULVER BLVD, UNIT 116,                         CULVER CITY, CA  90232-2655","1936 N ST. ANDREWS PLACE                               LOS ANGELES, CA  90068-3602","","7","","4","1914","9300 CULVER BLVD, UNIT 116","CULVER CITY","19","90232","1936 N ST. ANDREWS PLACE","LOS ANGELES","90068","CA"
"638831","ACTIVE NREN","41 | 0","11/28/2022","10/31/2023","SANDY TOES CAFE, LLC                         555 19TH ST, #130,                         OAKLAND, CA  94612-1580","6523 HAGEN BLVD                              EL CERRITO, CA  94530","","7","","22","0109","555 19TH ST, #130","OAKLAND","01","94612","6523 HAGEN BLVD","EL CERRITO","94530","CA"
"642401","PEND ACTIVE","47 | 0","11/07/2023","10/31/2024","DBA: POUR DECIZIONS LLC                        POUR DECIZIONS LLC                         8958-8962 ELK GROVE BLVD,                         ELK GROVE, CA  95624","8962 ELK GROVE BLVD                              ELK GROVE, CA  95624-1946","","5,7","","23","3407","8958-8962 ELK GROVE BLVD","ELK GROVE","34","95624","8962 ELK GROVE BLVD","ELK GROVE","95624","CA"
"644636","PEND WITHDRAWN","09 | 1","","","DBA: INDUSTRY OUTLAW INC                        HUTCHISON, ASHLEIGH ELIZABETH                         8 OSIO WY,                         DEL REY OAKS, CA  93940-5510","66-526 KAMEHAMEHA HWY                              HALEIWA, HI  96712-1635","","7","","26","2702","8 OSIO WY","DEL REY OAKS","27","93940","66-526 KAMEHAMEHA HWY","HALEIWA","96712","HI"
"644636","PEND WITHDRAWN","17 | 1","","","DBA: INDUSTRY OUTLAW INC                        HUTCHISON, ASHLEIGH ELIZABETH                         8 OSIO WY,                         DEL REY OAKS, CA  93940-5510","66-526 KAMEHAMEHA HWY                              HALEIWA, HI  96712-1635","","7","","26","2702","8 OSIO WY","DEL REY OAKS","27","93940","66-526 KAMEHAMEHA HWY","HALEIWA","96712","HI"
"644636","PEND WITHDRAWN","20 | 0","","","DBA: INDUSTRY OUTLAW INC                        HUTCHISON, ASHLEIGH ELIZABETH                         8 OSIO WY,                         DEL REY OAKS, CA  93940-5510","66-526 KAMEHAMEHA HWY                              HALEIWA, HI  96712-1635","","I, 7","","26","2702","8 OSIO WY","DEL REY OAKS","27","93940","66-526 KAMEHAMEHA HWY","HALEIWA","96712","HI"
"646403","PEND WITHDRAWN","21 | 0","","","DBA: BOB'S GAS                        MARC GAS, INC.                         1742 S COAST HWY,                         OCEANSIDE, CA  92054-5320","","394224","8","CALIFORNIA BUSINESS ESCROW INC 1748 MAIN STREET ESCALON, CA  95320","9","3709","1742 S COAST HWY","OCEANSIDE","37","92054","","","",""
"646606","PEND ACTIVE","21 | 0","11/08/2023","10/31/2024","DBA: DIAMOND GAS & MART                        EXCEL GAS & MARKET                         29029 COUNTY ROAD 6,                         DUNNIGAN, CA  95937","902 N CENTRAL AVE STE 206                              TRACY, CA  95376","21-628172","","FIDELITY NATIONAL TITLE 2099 GATEWAY PLACE STE 500 SAN JOSE, CA  95110","23","5700","29029 COUNTY ROAD 6","DUNNIGAN","57","95937","902 N CENTRAL AVE STE 206","TRACY","95376","CA"
"647068","PEND ACTIVE","02 | 0","11/08/2023","06/30/2024","DBA: TOMI CELLARS                        TOMI CELLARS LLC                         140 INDUSTRIAL WAY,                         BUELLTON, CA  93427-9507","22287 MULHOLLAND HWY, #309                              CALABASAS, CA  91300","","7","","13","4207","140 INDUSTRIAL WAY","BUELLTON","42","93427","22287 MULHOLLAND HWY, #309","CALABASAS","91300","CA"
"647286","PEND ACTIVE","41 | 0","11/07/2023","10/31/2024","DBA: AL CARAJO                        AL CARAJO LLC                         3224 1/2 22ND ST,                         SAN FRANCISCO, CA  94110-3007","","","7","","24","3800","3224 1/2 22ND ST","SAN FRANCISCO","38","94110","","","",""
"647735","PEND ACTIVE","41 | 0","11/07/2023","10/31/2024","DBA: YU-ME                        PICO-RIVERA JR, INC                          6730 ROSEMEAD BLVD,                         PICO RIVERA, CA  90660-3730","4405 FRUITLAND AVE                              VERNON, CA  90058-3222","","","","2","1944","6730 ROSEMEAD BLVD","PICO RIVERA","19","90660","4405 FRUITLAND AVE","VERNON","90058","CA"
"648362","PEND ACTIVE","17 | 1","11/07/2023","10/31/2024","DBA: MAISON THOMAS LLC                        MAISON THOMAS LLC                         860 & 862 E STOWELL RD,                         SANTA MARIA, CA  93454-7006","927 S SANTA FE AVE                              LOS ANGELES, CA  90021","","","","13","4200","860 & 862 E STOWELL RD","SANTA MARIA","42","93454","927 S SANTA FE AVE","LOS ANGELES","90021","CA"
"648362","PEND ACTIVE","18 | 0","11/07/2023","10/31/2024","DBA: MAISON THOMAS LLC                        MAISON THOMAS LLC                         860 & 862 E STOWELL RD,                         SANTA MARIA, CA  93454-7006","927 S SANTA FE AVE                              LOS ANGELES, CA  90021","","","","13","4200","860 & 862 E STOWELL RD","SANTA MARIA","42","93454","927 S SANTA FE AVE","LOS ANGELES","90021","CA"
"648362","PEND ACTIVE","09 | 1","11/07/2023","10/31/2024","DBA: MAISON THOMAS LLC                        MAISON THOMAS LLC                         860 & 862 E STOWELL RD,                         SANTA MARIA, CA  93454-7006","927 S SANTA FE AVE                              LOS ANGELES, CA  90021","","","","13","4200","860 & 862 E STOWELL RD","SANTA MARIA","42","93454","927 S SANTA FE AVE","LOS ANGELES","90021","CA"
"648405","PEND ACTIVE","02 | 0","11/07/2023","06/30/2024","DBA: AMASS BRANDS INC                        AMASS BRANDS INC                         860 & 862 E STOWELL RD,                         SANTA MARIA, CA  93454-7006","927 S SANTA FE AVE                              LOS ANGELES, CA  90021","","","","13","4200","860 & 862 E STOWELL RD","SANTA MARIA","42","93454","927 S SANTA FE AVE","LOS ANGELES","90021","CA"
"648405","PEND ACTIVE","14 | 0","11/07/2023","10/31/2024","DBA: AMASS BRANDS INC                        AMASS BRANDS INC                         860 & 862 E STOWELL RD,                         SANTA MARIA, CA  93454-7006","927 S SANTA FE AVE                              LOS ANGELES, CA  90021","","","","13","4200","860 & 862 E STOWELL RD","SANTA MARIA","42","93454","927 S SANTA FE AVE","LOS ANGELES","90021","CA"
"648997","PEND ACTIVE","47 | 0","11/08/2023","10/31/2024","DBA: LAZY DOG RESTAURANT                        LAZY DOG RESTAURANTS LLC                         800 W OLYMPIC BLVD, # A-180,                         LOS ANGELES, CA  90015-1364","3337 SUSAN ST, STE 100                              COSTA MESA, CA  92626","47-626341","","CALIFORNIA BUSINESS ESCROW INC 1748 MAIN ST ESCALON, CA  95320-1927","4","1933","800 W OLYMPIC BLVD, # A-180","LOS ANGELES","19","90015","3337 SUSAN ST, STE 100","COSTA MESA","92626","CA"
"649543","PEND WITHDRAWN","41 | 0","","","DBA: GRIZZLY DEN                        MAGIDSON, TOBE LEE                         8331 GRIZZLY FLAT RD,                         SOMERSET, CA  95684-9371","","","","","23","0900","8331 GRIZZLY FLAT RD","SOMERSET","09","95684","","","",""
"649562","PEND ACTIVE","41 | 0","11/08/2023","10/31/2024","PIKASO EATS LLC                         3980 SUMMIT RD,                         DUBLIN, CA  94568-6739","","","","","22","0114","3980 SUMMIT RD","DUBLIN","01","94568","","","",""
"649583","PEND ACTIVE","47 | 0","11/07/2023","10/31/2024","DBA: PIPPAL                        KITSHARE, LLC                         5614 BAY ST, STE 235,                         EMERYVILLE, CA  94608-2410","6809 ELWOOD RD                              SAN JOSE, CA  95120-4731","47-175657","7","CALIFORNIA BUSINESS ESCROW 1748 MAIN STREET ESCALON, CA  95320","22","0104","5614 BAY ST, STE 235","EMERYVILLE","01","94608","6809 ELWOOD RD","SAN JOSE","95120","CA"
"649639","PEND WITHDRAWN","41 | 0","","","DBA: 92 CHICKEN                        LEE, JOO SANG                         8891 GARDEN GROVE BLVD,                         GARDEN GROVE, CA  92844-1249","","547225","7","DETAIL ESCROW INC 13737 ARTESIA BLVD  STE 105 CERRITOS, CA  90703","11","3009","8891 GARDEN GROVE BLVD","GARDEN GROVE","30","92844","","","",""
"649791","PEND ACTIVE","41 | 0","11/07/2023","10/31/2024","DBA: CHARCOAL NIKU                        CHARCOAL NIKU RESTAURANT GROUP, INC.                         706 LINDERO CANYON RD , STE 788,                         OAK PARK, CA  91377-5477","3617 COPELAND PL                              LOS ANGELES, CA  90032","","7","","12","5600","706 LINDERO CANYON RD , STE 788","OAK PARK","56","91377","3617 COPELAND PL","LOS ANGELES","90032","CA"
"649840","PEND WITHDRAWN","20 | 0","","","VIKMAN INC                         398 1ST ST,                         GILROY, CA  95020-5029","","587158","7","FIDELITY NATIONAL TITLE 2099 GATEWAY PLACE STE 500 SAN JOSE, CA  95110","25","4304","398 1ST ST","GILROY","43","95020","","","",""
"650115","PEND ACTIVE","41 | 0","11/07/2023","10/31/2024","DBA: BAD HABIT GRILL THE                        NIETOS REALTY CORPORATION                          1726 S MAIN ST, STE H,                         WILLITS, CA  95490-4411","231 ALICE DR                              WILLITS, CA  95490","","","","27","2304","1726 S MAIN ST, STE H","WILLITS","23","95490","231 ALICE DR","WILLITS","95490","CA"
"650598","PEND ACTIVE","47 | 0","11/07/2023","10/31/2024","DBA: STAND, AMERICAN CLASSICS REDEFINED, THE                        STAND LLC THE                         13815 WHITTIER BLVD,                         WHITTIER, CA  90605-1907","17000 VENTURA BLVD, STE 204                              ENCINO, CA  91316-4167","47-588093","","CALIFORNIA BUSINESS ESCROW INC  1748 MAIN ST  ESCALON, CA  95320","2","1961","13815 WHITTIER BLVD","WHITTIER","19","90605","17000 VENTURA BLVD, STE 204","ENCINO","91316","CA"
"650790","PEND ACTIVE","02 | 0","11/08/2023","06/30/2024","DBA: LESTERLAND WINERY                        LESTERLAND WINERY LLC                         7800 N VAN NESS BLVD,                         FRESNO, CA  93711-0437","6085 N 1ST, STE 101                              FRESNO, CA  93710-5465","","","","21","1005","7800 N VAN NESS BLVD","FRESNO","10","93711","6085 N 1ST, STE 101","FRESNO","93710","CA"
"650799","PEND ACTIVE","48 | 0","11/08/2023","10/31/2024","DBA: VELVET HIPPO LOUNGE                        VELVET HIPPO LLC                         724 MAIN ST,                         HALF MOON BAY, CA  94019-1925","","","7","GREEN ESCROW SERVICES INC 2010 CROW CANYON PL STE 212 SAN RAMON, CA  94583","25","4116","724 MAIN ST","HALF MOON BAY","41","94019","","","",""
"651033","PEND ACTIVE","20 | 0","11/07/2023","10/31/2024","DBA: SHELL                        ECO GAS & MART 1                         11400 MERRITT ST,                         CASTROVILLE, CA  95012","","20-437849","7","FIDELITY NATIONAL TITLE 2099 GATEWAY PLACE STE 500 SAN JOSE, CA  95110","26","2700","11400 MERRITT ST","CASTROVILLE","27","95012","","","",""
"651074","PEND ACTIVE","47 | 0","11/08/2023","10/31/2024","DBA: BLUE BARN GOURMET                        BLUE COLE, LLC                         901 COLE ST,                         SAN FRANCISCO, CA  94117-4315","2215 CHESTNUT ST, # 2                              SAN FRANCISCO, CA  94123-2607","47-521592","7","MCGOVERN ESCROW SERVICES 436 14TH ST STE 1015 OAKLAND, CA  94612","24","3800","901 COLE ST","SAN FRANCISCO","38","94117","2215 CHESTNUT ST, # 2","SAN FRANCISCO","94123","CA"
"651079","PEND ACTIVE","41 | 0","11/07/2023","10/31/2024","DBA: LEFT COAST SAUSAGE WORX                         LEFT COAST SAUSAGE WORX, LLC                         107 SAN JOSE AVE,                         CAPITOLA, CA  95010-3236","","","7","","26","4401","107 SAN JOSE AVE","CAPITOLA","44","95010","","","",""
"651098","PEND ACTIVE","02 | 0","11/07/2023","06/30/2024","DBA: BARTHOLOMEW ESTATE WINERY                        REGENERATIVE GIFT, LLC                         21684 8TH ST E, STE 430, 440, 450,                         SONOMA, CA  95476-2816","1000 VINEYARD LN                              NAPA, CA  94558","02-618828","","","27","4900","21684 8TH ST E, STE 430, 440, 450","SONOMA","49","95476","1000 VINEYARD LN","NAPA","94558","CA"
"651157","PEND ACTIVE","67 | 0","11/08/2023","12/31/2023","DBA: OLALLIEBERRY INN                        PAPIKIAN ENTERPRISES, LLC                         2476 MAIN ST,                         CAMBRIA, CA  93428-3406","","67-615974","7","ALL BROKERS ESCROW 2924 W MAGNOLIA BLVD BURBANK, CA  91505","13","4000","2476 MAIN ST","CAMBRIA","40","93428","","","",""
"651232","PEND ACTIVE","41 | 0","11/08/2023","10/31/2024","DBA: NEW CHEF HUNAN CHINESE RESTAURANT INC                        HU, ZHONGLIANG                         4661 MISSION ST,                         SAN FRANCISCO, CA  94112-2605","","41-437281","","OLD REPUBLIC TITLE COMPANY 1000 BURNETT AVE #400 CONCORD, CA  94520","24","3800","4661 MISSION ST","SAN FRANCISCO","38","94112","","","",""
"651238","PEND ACTIVE","02 | 0","11/08/2023","06/30/2024","DBA: LOOSEN FAMILY FARMS                        LOOSEN FAMILY FARMS                         34810 HIGHWAY 79,                         WARNER SPRINGS, CA  92086","19875 CARANCHO RD                               TEMECULA, CA  92590","02-527156","","","9","3700","34810 HIGHWAY 79","WARNER SPRINGS","37","92086","19875 CARANCHO RD","TEMECULA","92590","CA"
"651285","PEND ACTIVE","21 | 0","11/08/2023","08/31/2024","DBA: HUMBOLDT MARKET & LIQUOR                        RAM, SUNITA                         1500 HUMBOLDT ST,                         SANTA ROSA, CA  95404-2846","","21-507521","","","27","4904","1500 HUMBOLDT ST","SANTA ROSA","49","95404","","","",""
"651329","PEND ACTIVE","02 | 0","11/08/2023","06/30/2024","BECKLYN CELLARS, LLC                         1299 MAIN ST, STE A,                         SAINT HELENA, CA  94574-1957","8705 SAMUEL BISHOP DR                              AUSTIN, TX  78736-3338","","7","","27","2803","1299 MAIN ST, STE A","SAINT HELENA","28","94574","8705 SAMUEL BISHOP DR","AUSTIN","78736","TX"
"651349","PEND ACTIVE","41 | 0","11/08/2023","10/31/2024","DBA: SPIRIT OF TEXAS BBQ                        COVINA SPIRIT LLC THE                         20502 E ARROW HWY ,                         COVINA, CA  91724-1238","626 N DEARBORN ST, SPC 11                               REDLANDS, CA  92374-3946","41-637611","","BENNETT ESCROW SERVICE, INC 332 N RIVERSIDE AVENUE RIALTO, CA  92376-5926","2","1913","20502 E ARROW HWY","COVINA","19","91724","626 N DEARBORN ST, SPC 11","REDLANDS","92374","CA"
"651455","PEND ACTIVE","48 | 0","11/07/2023","10/31/2024","DBA: HIDEAWAY BAR SANGER                        HIDEAWAY GROUP, LLC                         1335 12TH ST,                         SANGER, CA  93657-3104","PO BOX 236                              DEL REY, CA  93616-0236","48-573130","7","CHICAGO TITLE COMPANY 7330 N PALM AVE STE 101 FRESNO, CA  93711-5768","21","1013","1335 12TH ST","SANGER","10","93657","PO BOX 236","DEL REY","93616","CA"
"651523","PEND ACTIVE","47 | 1","11/07/2023","10/31/2024","DBA: EL VIEJON MARISCOS AND SUSHI                         EL VIEJON ENTERPRISES INC                         9964-9968 BLOOMINGTON AVE,                         BLOOMINGTON, CA  92316-2009","16761 COLONIAL DR                              FONTANA, CA  92336-5131","47-536866","","ABC ESCROW 2222 DAMON STREET  LOS ANGELES, CA  90021","7","3600","9964-9968 BLOOMINGTON AVE","BLOOMINGTON","36","92316","16761 COLONIAL DR","FONTANA","92336","CA"
"651523","PEND ACTIVE","77 | 1","11/07/2023","10/31/2024","DBA: EL VIEJON MARISCOS AND SUSHI                         EL VIEJON ENTERPRISES INC                         9964-9968 BLOOMINGTON AVE,                         BLOOMINGTON, CA  92316-2009","16761 COLONIAL DR                              FONTANA, CA  92336-5131","47-536866","","ABC ESCROW 2222 DAMON STREET  LOS ANGELES, CA  90021","7","3600","9964-9968 BLOOMINGTON AVE","BLOOMINGTON","36","92316","16761 COLONIAL DR","FONTANA","92336","CA"
"651532","PEND ACTIVE","21 | 0","11/07/2023","10/31/2024","DBA: G L LIQUOR                        EMILIA LLC                         606 E ALISAL ST, STE B,                         SALINAS, CA  93905","989 VIA VERDE                              MONTEREY, CA  93940","21-625680","7","BUSINESS & ESCROW SERVICE CENTER 3031 TISCH WAY 310 SAN JOSE, CA  95128","26","2708","606 E ALISAL ST, STE B","SALINAS","27","93905","989 VIA VERDE","MONTEREY","93940","CA"
"651586","PEND ACTIVE","02 | 0","11/08/2023","06/30/2024","DBA: CORNA                        CORNA LLC                         2505 GEYSERS RD,                         GEYSERVILLE, CA  95441-9404","806 E AVENIDA PICO, SUITE I # 191                              SAN CLEMENTE, CA  92673","","","","27","4900","2505 GEYSERS RD","GEYSERVILLE","49","95441","806 E AVENIDA PICO, SUITE I # 191","SAN CLEMENTE","92673","CA"
"651601","PEND WITHDRAWN","47 | 0","","","TSF LLC                         ,","18008 SKY PARK CIR, STE 110                              IRVINE, CA  92614-6434","","","","7","","","","","","18008 SKY PARK CIR, STE 110","IRVINE","92614","CA"
"651947","PEND WITHDRAWN","47 | 0","","","INZUNZA RESTAURANT ENTERPRISES INC                          ,","53762 SAPPHIRE LN                              COACHELLA, CA  92236-7335","","","","7","","","","","","53762 SAPPHIRE LN","COACHELLA","92236","CA"
"651957","PEND WITHDRAWN","47 | 0","","","OUTSIDE THE MASA INC                         ,","PO BOX 287                              INDIO, CA  92202-3579","","","","7","","","","","","PO BOX 287","INDIO","92202","CA"
"651965","PEND WITHDRAWN","47 | 0","","","CAMDEN CELLARS LLC                          ,","49990 JEFFERSON ST , STE 110                              INDIO, CA  92201-8812","","","","7","","","","","","49990 JEFFERSON ST , STE 110","INDIO","92201","CA"
"651968","PEND WITHDRAWN","47 | 0","","","DE LEON ARAMBULA, JUAN CARLOS                         ,","27698 VALENCIA ST                               CATHEDRAL CITY, CA  92234-4838","","","","7","","","","","","27698 VALENCIA ST","CATHEDRAL CITY","92234","CA"
"652063","PEND WITHDRAWN","47 | 0","","","LOCO CHARLIES MEXICAN GRILL LLC                         ,","1430 LORENA WAY                              PALM SPRINGS, CA  92262-3405","","","","7","","","","","","1430 LORENA WAY","PALM SPRINGS","92262","CA"
"652090","PEND WITHDRAWN","47 | 0","","","LEON GROUP                         ,","81592 HWY 111                              INDIO, CA  92201-5411","","","","7","","","","","","81592 HWY 111","INDIO","92201","CA"
"652107","PEND WITHDRAWN","47 | 0","","","MARISCOS MELGOZA INC                         ,","13670 CLEMSON CT                              MORENO VALLEY, CA  92555","","","","7","","","","","","13670 CLEMSON CT","MORENO VALLEY","92555","CA"
"652116","PEND WITHDRAWN","47 | 0","","","D&D CREATIVE CORP                         ,","27800 LANDAU BLVD, STE 103 & 104                              CATHEDRAL CITY, CA  92234-5892","","","","7","","","","","","27800 LANDAU BLVD, STE 103 & 104","CATHEDRAL CITY","92234","CA"
"652280","PEND WITHDRAWN","47 | 0","","","SAPHALA LLC                         ,","2361 MOONRIDGE CIR                              CORONA, CA  92879","","","","7","","","","","","2361 MOONRIDGE CIR","CORONA","92879","CA"
"652288","PEND WITHDRAWN","47 | 0","","","BIDI, SARMAD SAEED                         ,","42311 GOLD CUP LN                              MURRIETA, CA  92562","","","","7","","","","","","42311 GOLD CUP LN","MURRIETA","92562","CA"
"652309","PEND WITHDRAWN","47 | 0","","","HAWK RANCH INC                         ,","42149 ELM ST                               MURRIETA, CA  92562","","","","7","","","","","","42149 ELM ST","MURRIETA","92562","CA"
"652326","PEND WITHDRAWN","47 | 0","","","PATEL, HEENA JASMIN                         ,","314 SILVER SPRINGS LN                              NORCO, CA  92860","","","","7","","","","","","314 SILVER SPRINGS LN","NORCO","92860","CA"
"652410","PEND WITHDRAWN","47 | 0","","","MEXI GROUP INC                         ,","8780 19TH ST, #517                              C/O ABL CONSULTING, ALTA LOMA, CA  91701-4608","","","","7","","","","","","8780 19TH ST, #517","ALTA LOMA","91701","CA"
"652610","PEND WITHDRAWN","47 | 0","","","NIEVES ENTERPRISES INC                         ,","21515 HAWTHORNE BLVD, STE 200                              TORRANCE, CA  90503-6512","","","","7","","","","","","21515 HAWTHORNE BLVD, STE 200","TORRANCE","90503","CA"
"652699","PEND WITHDRAWN","47 | 0","","","46517 ARABIA LLC                          ,","23679 CALABASAS RD, #1039                              CALABASAS, CA  91302-1502","","","","7","","","","","","23679 CALABASAS RD, #1039","CALABASAS","91302","CA"
"652704","PEND WITHDRAWN","47 | 0","","","MOTO SUSHI INC                         ,","9844 MAGNOLIA AVE                              RIVERSIDE, CA  92503-3524","","","","7","","","","","","9844 MAGNOLIA AVE","RIVERSIDE","92503","CA"
"652705","PEND ACTIVE","41 | 0","11/08/2023","10/31/2024","DBA: MR MENUDO OFICIAL DOWNEY                        MR MENUDO OFICIAL INC                         12215 PARAMOUNT BLVD,                         DOWNEY, CA  90242-3536","","41-554366","7","PACIFIC ESCROW INC 9155 E TELEGRAPH RD #100 PICO RIVERA, CA  90660","2","1916","12215 PARAMOUNT BLVD","DOWNEY","19","90242","","","",""
"652772","PEND WITHDRAWN","47 | 0","","","CUEVAS-MARTINEZ, ANTONIO                         ,","35903 DATE PALM DR , STE 1                              CATHEDRAL CITY, CA  92234-6658","","","","7","","","","","","35903 DATE PALM DR , STE 1","CATHEDRAL CITY","92234","CA"
"652798","PEND WITHDRAWN","47 | 0","","","TEMPO UNIVERSE, LLC                          ,","21515 HAWTHORNE BLVD, STE 200                              TORRANCE, CA  90503-6512","","","","7","","","","","","21515 HAWTHORNE BLVD, STE 200","TORRANCE","90503","CA"
"652829","PEND WITHDRAWN","47 | 0","","","GIOGEN RESTAURANT GROUP (GRG) LLC                         ,","44489 TOWN CENTER WY , STE D224                              PALM DESERT, CA  92260-2723","","","","7","","","","","","44489 TOWN CENTER WY , STE D224","PALM DESERT","92260","CA"
"652859","PEND ACTIVE","41 | 1","11/07/2023","10/31/2024","DBA: 533 VIET FUSION                        LA CONDESA BISTRO LLC                         1775 E PALM CANYON DR , STE 625,                         PALM SPRINGS, CA  92264-1651","591 S DESERT VIEW DR, APT 4                              PALM SPRINGS, CA  92264-1060","","7","","8","3310","1775 E PALM CANYON DR , STE 625","PALM SPRINGS","33","92264","591 S DESERT VIEW DR, APT 4","PALM SPRINGS","92264","CA"
"652859","PEND ACTIVE","58 | 1","11/07/2023","10/31/2024","DBA: 533 VIET FUSION                        LA CONDESA BISTRO LLC                         1775 E PALM CANYON DR , STE 625,                         PALM SPRINGS, CA  92264-1651","591 S DESERT VIEW DR, APT 4                              PALM SPRINGS, CA  92264-1060","","7","","8","3310","1775 E PALM CANYON DR , STE 625","PALM SPRINGS","33","92264","591 S DESERT VIEW DR, APT 4","PALM SPRINGS","92264","CA"
"652892","PEND WITHDRAWN","47 | 0","","","OLIVE TREE RESTAURANTS, INC.                          ,","5225 CANYON CREST DR, STE 57                              RIVERSIDE, CA  92507-6321","","","","7","","","","","","5225 CANYON CREST DR, STE 57","RIVERSIDE","92507","CA"
"652893","PEND WITHDRAWN","47 | 0","","","TEXAS ROADHOUSE HOLDINGS LLC                         ,","21515 HAWTHORNE BLVD, STE 200                              TORRANCE, CA  90503-6512","","","","7","","","","","","21515 HAWTHORNE BLVD, STE 200","TORRANCE","90503","CA"
"652906","PEND WITHDRAWN","47 | 0","","","SEMAAN, RENIEH RAYMOND                         ,","6988 CANTERA WY                              FONTANA, CA  92336","","","","7","","","","","","6988 CANTERA WY","FONTANA","92336","CA"
"652931","PEND WITHDRAWN","47 | 0","","","AMOSA, ADRIAN EMILIO                         ,","8232 SUVA ST                              DOWNEY, CA  90240","","","","7","","","","","","8232 SUVA ST","DOWNEY","90240","CA"
"652940","PEND WITHDRAWN","47 | 0","","","LANDEROS MEXICAN GRILL & CANTINA INC.                         ,","41925 5TH ST, STE 102                              TEMECULA, CA  92590-2709","","","","7","","","","","","41925 5TH ST, STE 102","TEMECULA","92590","CA"
"652941","PEND WITHDRAWN","47 | 0","","","ESTRELLA 664 INC                         ,","3230 VINE ST , STE 200                              RIVERSIDE, CA  92507","","","","7","","","","","","3230 VINE ST , STE 200","RIVERSIDE","92507","CA"
"652944","PEND WITHDRAWN","47 | 0","","","SUN G & R INC                         ,","41925 MOTOR CAR PKWY, STE G                              TEMECULA, CA  92591-4637","","","","7","","","","","","41925 MOTOR CAR PKWY, STE G","TEMECULA","92591","CA"
"653009","PEND ACTIVE","41 | 0","11/08/2023","10/31/2024","DBA: SUSHI 818                        TOKYO HANA 2023, INC.                         112 W CALIFORNIA AVE,                         GLENDALE, CA  91203-2212","2340 MONTROSE AVE , STE 203                              MONTROSE, CA  91020","41-639158","","HANA ESCROW COMPANY INC 3580 WILSHIRE BLVD STE 1170 LOS ANGELES, CA  90010","5","1921","112 W CALIFORNIA AVE","GLENDALE","19","91203","2340 MONTROSE AVE , STE 203","MONTROSE","91020","CA"
"653011","PEND WITHDRAWN","47 | 0","","","NEWMAN HOSPITALITY GROUP LLC                         ,","28721 OLD TOWN FRONT ST                              TEMECULA, CA  92590","","","","7","","","","","","28721 OLD TOWN FRONT ST","TEMECULA","92590","CA"
"653708","PEND ACTIVE","82 | 0","11/07/2023","10/31/2024","DBA: EXECUTIVE BEVERAGE                        BOUTIQUE BEVERAGE COMPANY, LLC                         414 JESSEN LANE, UNIT A,                         CHARLESTON, SC  29492","1319 MILITARY CUTOFF ROAD, SUITE CC#220                              WILMINGTON, NC  28405","","","","75","9999","414 JESSEN LANE, UNIT A","CHARLESTON","","29492","1319 MILITARY CUTOFF ROAD, SUITE CC#220","WILMINGTON","28405","NC"
"654074","PEND ACTIVE","47 | 0","11/08/2023","03/31/2024","DBA: TAQUERIA SAN MIGUEL                        ROMO MARTINEZ, CARLOS                         35320 DATE PALM DR,                         CATHEDRAL CITY, CA  92234-7035","72450 RAMON RD, STE 101                              THOUSAND PALMS, CA  92276-3399","47-590226","7","","8","3319","35320 DATE PALM DR","CATHEDRAL CITY","33","92234","72450 RAMON RD, STE 101","THOUSAND PALMS","92276","CA"
"654167","ACTIVE PEND","47 | 3","","","DBA: SANCTUARY BEACH RESORT                        HHLP SANCTUARY LESSEE, LLC                         3295 DUNES RD,                         MARINA, CA  93933","44 HERSHA DR                              HARRISBURG, PA  17102","47-604845","7","","26","2712","3295 DUNES RD","MARINA","27","93933","44 HERSHA DR","HARRISBURG","17102","PA"
"654167","ACTIVE PEND","47 | 3","","","DBA: SANCTUARY BEACH RESORT                        HHLP SANCTUARY LESSEE, LLC                         3295 DUNES RD,                         MARINA, CA  93933","44 HERSHA DR                              HARRISBURG, PA  17102","47-604845","7","","26","2712","3295 DUNES RD","MARINA","27","93933","44 HERSHA DR","HARRISBURG","17102","PA"
"654167","ACTIVE PEND","47 | 3","","","DBA: SANCTUARY BEACH RESORT                        HHLP SANCTUARY LESSEE, LLC                         3295 DUNES RD,                         MARINA, CA  93933","44 HERSHA DR                              HARRISBURG, PA  17102","47-604845","7","","26","2712","3295 DUNES RD","MARINA","27","93933","44 HERSHA DR","HARRISBURG","17102","PA"
"654167","ACTIVE PEND","47 | 3","","","DBA: SANCTUARY BEACH RESORT                        HHLP SANCTUARY LESSEE, LLC                         3295 DUNES RD,                         MARINA, CA  93933","44 HERSHA DR                              HARRISBURG, PA  17102","47-604845","7","","26","2712","3295 DUNES RD","MARINA","27","93933","44 HERSHA DR","HARRISBURG","17102","PA"
"654167","ACTIVE PEND","66 | 3","","","DBA: SANCTUARY BEACH RESORT                        HHLP SANCTUARY LESSEE, LLC                         3295 DUNES RD,                         MARINA, CA  93933","44 HERSHA DR                              HARRISBURG, PA  17102","47-604845","7","","26","2712","3295 DUNES RD","MARINA","27","93933","44 HERSHA DR","HARRISBURG","17102","PA"
"654167","ACTIVE PEND","66 | 3","","","DBA: SANCTUARY BEACH RESORT                        HHLP SANCTUARY LESSEE, LLC                         3295 DUNES RD,                         MARINA, CA  93933","44 HERSHA DR                              HARRISBURG, PA  17102","47-604845","7","","26","2712","3295 DUNES RD","MARINA","27","93933","44 HERSHA DR","HARRISBURG","17102","PA"
"654167","ACTIVE PEND","68 | 3","","","DBA: SANCTUARY BEACH RESORT                        HHLP SANCTUARY LESSEE, LLC                         3295 DUNES RD,                         MARINA, CA  93933","44 HERSHA DR                              HARRISBURG, PA  17102","47-604845","7","","26","2712","3295 DUNES RD","MARINA","27","93933","44 HERSHA DR","HARRISBURG","17102","PA"
"654167","ACTIVE PEND","68 | 3","","","DBA: SANCTUARY BEACH RESORT                        HHLP SANCTUARY LESSEE, LLC                         3295 DUNES RD,                         MARINA, CA  93933","44 HERSHA DR                              HARRISBURG, PA  17102","47-604845","7","","26","2712","3295 DUNES RD","MARINA","27","93933","44 HERSHA DR","HARRISBURG","17102","PA"
"654167","ACTIVE PEND","58 | 3","","","DBA: SANCTUARY BEACH RESORT                        HHLP SANCTUARY LESSEE, LLC                         3295 DUNES RD,                         MARINA, CA  93933","44 HERSHA DR                              HARRISBURG, PA  17102","47-604845","7","","26","2712","3295 DUNES RD","MARINA","27","93933","44 HERSHA DR","HARRISBURG","17102","PA"
"654167","ACTIVE PEND","58 | 3","","","DBA: SANCTUARY BEACH RESORT                        HHLP SANCTUARY LESSEE, LLC                         3295 DUNES RD,                         MARINA, CA  93933","44 HERSHA DR                              HARRISBURG, PA  17102","47-604845","7","","26","2712","3295 DUNES RD","MARINA","27","93933","44 HERSHA DR","HARRISBURG","17102","PA"
"654167","ISSUED PENDING","47 | 3","","","DBA: SANCTUARY BEACH RESORT                        HHLP SANCTUARY LESSEE, LLC                         3295 DUNES RD,                         MARINA, CA  93933","44 HERSHA DR                              HARRISBURG, PA  17102","604845","7","","26","2712","3295 DUNES RD","MARINA","27","93933","44 HERSHA DR","HARRISBURG","17102","PA"
"654167","ISSUED PENDING","47 | 3","","","DBA: SANCTUARY BEACH RESORT                        HHLP SANCTUARY LESSEE, LLC                         3295 DUNES RD,                         MARINA, CA  93933","44 HERSHA DR                              HARRISBURG, PA  17102","604845","7","","26","2712","3295 DUNES RD","MARINA","27","93933","44 HERSHA DR","HARRISBURG","17102","PA"
"654167","ISSUED PENDING","66 | 3","","","DBA: SANCTUARY BEACH RESORT                        HHLP SANCTUARY LESSEE, LLC                         3295 DUNES RD,                         MARINA, CA  93933","44 HERSHA DR                              HARRISBURG, PA  17102","604845","7","","26","2712","3295 DUNES RD","MARINA","27","93933","44 HERSHA DR","HARRISBURG","17102","PA"
"654167","ISSUED PENDING","68 | 3","","","DBA: SANCTUARY BEACH RESORT                        HHLP SANCTUARY LESSEE, LLC                         3295 DUNES RD,                         MARINA, CA  93933","44 HERSHA DR                              HARRISBURG, PA  17102","604845","7","","26","2712","3295 DUNES RD","MARINA","27","93933","44 HERSHA DR","HARRISBURG","17102","PA"
"654167","ISSUED PENDING","58 | 3","","","DBA: SANCTUARY BEACH RESORT                        HHLP SANCTUARY LESSEE, LLC                         3295 DUNES RD,                         MARINA, CA  93933","44 HERSHA DR                              HARRISBURG, PA  17102","604845","7","","26","2712","3295 DUNES RD","MARINA","27","93933","44 HERSHA DR","HARRISBURG","17102","PA"