"License Number","Status Changed From/To","Type| Dup","Original Issue Date","Expir. Date","Primary Owner and Premises Addr.","Mailing Addr.","Transfer-From/To","Conditions","Escrow","District Code","Geo Code","Prem Street","City","County","Zip Code","Mailing Street","Mailing City","Mailing Zip Code","Mailing State"
"197341","SUREND CANCEL","48 | 0","01/16/1987","01/31/2024","DBA: SUSHI BENI                        LIU, AMY                         2512 S ROBERTSON BLVD,                         LOS ANGELES, CA  90034","1101 CAROL STREET                              LA HABRA, CA  90631","","","","4","1933","2512 S ROBERTSON BLVD","LOS ANGELES","19","90034","1101 CAROL STREET","LA HABRA","90631","CA"
"281229","ACTIVE CANCEL","41 | 0","03/03/1993","12/31/2023","DBA: CHUCK E CHEESES 410                        CEC ENTERTAINMENT INC                         1690 ARDEN WY,                         SACRAMENTO, CA  95815","1707 MARKET PLACE BLVD, STE 200                              C/O LICENSING DEPT , IRVING, TX  75063-8049","","","","23","3405","1690 ARDEN WY","SACRAMENTO","34","95815","1707 MARKET PLACE BLVD, STE 200","IRVING","75063","TX"
"310774","ACTIVE SUREND","21 | 0","03/14/1996","06/30/2024","DBA: RITE AID STORE 5711                        THRIFTY PAYLESS, INC.                         949 KENDALL DR,                         SAN BERNARDINO, CA  92407","560 MISSION ST STE 1900, C/O HOLLAND & KNIGHT                              ATTN: JBROWN RCANTER, SAN FRANCISCO, CA  94105","21-309262","7","","7","3610","949 KENDALL DR","SAN BERNARDINO","36","92407","560 MISSION ST STE 1900, C/O HOLLAND & KNIGHT","SAN FRANCISCO","94105","CA"
"343337","ACTIVE CANCEL","41 | 0","08/05/1998","07/31/2024","DBA: PATIO CAFE                        J M STURTEVANT INC                         5138 N PALM AVE,                         FRESNO, CA  93704-2203","5132 N PALM  210                              FRESNO, CA  93704","","","","21","1005","5138 N PALM AVE","FRESNO","10","93704","5132 N PALM  210","FRESNO","93704","CA"
"361263","PEND CANCEL","41 | 0","02/08/2000","01/31/2024","DBA: CHUCK E CHEESES                        CEC ENTERTAINMENT INC                         2541-43 EL CAMINO REAL,                         REDWOOD CITY, CA  94061","1707 MARKET PLACE BLVD, STE 200                              C/O LICENSING DEPT , IRVING, TX  75063-8049","","","","25","4110","2541-43 EL CAMINO REAL","REDWOOD CITY","41","94061","1707 MARKET PLACE BLVD, STE 200","IRVING","75063","TX"
"385692","ACTIVE SUSPEN","47 | 1","04/12/2002","03/31/2024","DBA: CARLITOS STEAKHOUSE                        FLORES, JUAN CARLOS                         148 S ALTA ST,                         GONZALES, CA  93926","PO BOX 531                              GONZALES, CA  93926","47-316467","","","26","2703","148 S ALTA ST","GONZALES","27","93926","PO BOX 531","GONZALES","93926","CA"
"385692","ACTIVE SUSPEN","58 | 1","04/12/2002","03/31/2024","DBA: CARLITOS STEAKHOUSE                        FLORES, JUAN CARLOS                         148 S ALTA ST,                         GONZALES, CA  93926","PO BOX 531                              GONZALES, CA  93926","47-316467","","","26","2703","148 S ALTA ST","GONZALES","27","93926","PO BOX 531","GONZALES","93926","CA"
"387883","ACTIVE CANCEL","02 | 0","08/26/2002","06/30/2024","DBA: HOLDREDGE WINES                        HOLDREDGE, JOHN ALEXANDER                         51 FRONT ST,                         HEALDSBURG, CA  95448-4437","712 UNIVERSITY ST                              HEALDSBURG, CA  95448-3747","","7","","27","4902","51 FRONT ST","HEALDSBURG","49","95448","712 UNIVERSITY ST","HEALDSBURG","95448","CA"
"401198","ACTIVE CANCEL","41 | 0","07/14/2003","06/30/2024","DBA: PELICAN PIZZA                        PELICAN PIZZA INC                         522 LIGHTHOUSE AVE,                         MONTEREY, CA  93940","","41-343196/ 41-650024","7","","26","2706","522 LIGHTHOUSE AVE","MONTEREY","27","93940","","","",""
"429792","ACTIVE CANCEL","21 | 0","10/24/2005","09/30/2023","DBA: NEW BOSWORTH MARKET                        HERCULES, FRANCISCA FLORIDALBA                         145 BOSWORTH ST,                         SAN FRANCISCO, CA  94112","","21-202026/ 21-644665","","","24","3800","145 BOSWORTH ST","SAN FRANCISCO","38","94112","","","",""
"454057","ACTIVE CANCEL","47 | 1","07/03/2007","06/30/2024","DBA: SIERRA VISTA RESTAURANT                        MILLER, BARBARA ANN                         16575 STATE HWY RTE 178,                         WELDON, CA  93283-0387","","47-426855/ 47-649424","7","","6","1500","16575 STATE HWY RTE 178","WELDON","15","93283","","","",""
"454057","ACTIVE CANCEL","58 | 1","07/03/2007","06/30/2024","DBA: SIERRA VISTA RESTAURANT                        MILLER, BARBARA ANN                         16575 STATE HWY RTE 178,                         WELDON, CA  93283-0387","","47-426855/ 47-649424","7","","6","1500","16575 STATE HWY RTE 178","WELDON","15","93283","","","",""
"454560","PEND CANCEL","47 | 0","07/10/2007","12/31/2023","DBA: POOJA INDIAN GRILL                        PAL, SAT                         1223-25 & 1229-31 MERKLEY AVE,                         WEST SACRAMENTO, CA  95691-2709","","47-379073/ 47-648688","7","","23","5704","1223-25 & 1229-31 MERKLEY AVE","WEST SACRAMENTO","57","95691","","","",""
"509883","REVPEN ACTIVE","02 | 0","06/22/2011","06/30/2024","DBA: MORSE WINES LLC                        MORSE WINES LLC                         22355 LAWRENCE RD,                         FIDDLETOWN, CA  95629","","02-436347","7","","23","0300","22355 LAWRENCE RD","FIDDLETOWN","03","95629","","","",""
"509883","REVPEN ACTIVE","02 | 0","06/22/2011","06/30/2024","DBA: MORSE WINES LLC                        MORSE WINES LLC                         22355 LAWRENCE RD,                         FIDDLETOWN, CA  95629","","02-436347","7","","23","0300","22355 LAWRENCE RD","FIDDLETOWN","03","95629","","","",""
"509952","REVPEN ACTIVE","41 | 0","06/16/2011","05/31/2024","DBA: LOCAL HEROES OF AUBURN                        TANGO FROZEN YOGURT, INC.                         1120 HIGH ST,                         AUBURN, CA  95603-5110","940 LINCOLN WY                              AUBURN, CA  95603-5244","","7","","23","3101","1120 HIGH ST","AUBURN","31","95603","940 LINCOLN WY","AUBURN","95603","CA"
"509952","REVPEN ACTIVE","41 | 0","06/16/2011","05/31/2024","DBA: LOCAL HEROES OF AUBURN                        TANGO FROZEN YOGURT, INC.                         1120 HIGH ST,                         AUBURN, CA  95603-5110","940 LINCOLN WY                              AUBURN, CA  95603-5244","","7","","23","3101","1120 HIGH ST","AUBURN","31","95603","940 LINCOLN WY","AUBURN","95603","CA"
"519439","ACTIVE CANCEL","21 | 0","03/02/2012","05/31/2024","DBA: SPORTSMAN LIQUOR                        TRAN, CATHERINE                         2615 NEWPORT BLVD,                         NEWPORT BEACH, CA  92663-3719","","21-466708/ 21-650375","","","11","3013","2615 NEWPORT BLVD","NEWPORT BEACH","30","92663","","","",""
"529794","ACTIVE CANCEL","41 | 0","06/11/2013","05/31/2024","DBA: HOTEL ANZA                        SOLANA BEVERAGE CONCESSIONS LLC                         23627 CALABASAS RD,                         CALABASAS, CA  91302","5301 HEADQUARTERS DR                              PLANO, TX  75024","","","","5","1987","23627 CALABASAS RD","CALABASAS","19","91302","5301 HEADQUARTERS DR","PLANO","75024","TX"
"534454","ACTIVE CANCEL","41 | 0","10/21/2013","09/30/2023","DBA: EIGHT KOREAN BBQ                        EIGHT COLORS F&B, INC                         6681 BEACH BLVD, STE C,                         BUENA PARK, CA  90621-2939","","","7","","11","3003","6681 BEACH BLVD, STE C","BUENA PARK","30","90621","","","",""
"543902","ACTIVE CANCEL","41 | 0","05/28/2014","04/30/2024","DBA: ROBS PLACE                        CHRISTIE, ROBBY LEE                         140 MAIN ST,                         MURPHYS, CA  95247","1122 W 6TH ST, APT 2710                              LOS ANGELES, CA  90017","41-508101/ 41-650855","7","FIRST AMERICAN TITLE 12180 INDUSTRY BLVD #53 JACKSON, CA  95642","29","0500","140 MAIN ST","MURPHYS","05","95247","1122 W 6TH ST, APT 2710","LOS ANGELES","90017","CA"
"544394","ACTIVE CANCEL","41 | 0","06/26/2014","05/31/2024","DBA: LITTLE BELIZE RESTAURANT INC                        LITTLE BELIZE RESTAURANT INCORPORATED                         217 E NUTWOOD ST,                         INGLEWOOD, CA  90301-2311","","","","","3","1927","217 E NUTWOOD ST","INGLEWOOD","19","90301","","","",""
"556086","PEND ACTIVE","48 | 0","09/21/2023","04/30/2024","DBA: BLEND                        BLEND ULTRA LOUNGE, LLC                         115 S SCHOOL ST, STE 13,                         LODI, CA  95240-3538","","47-556086","","","29","3902","115 S SCHOOL ST, STE 13","LODI","39","95240","","","",""
"557519","ACTIVE CANCEL","41 | 0","08/27/2015","05/31/2024","DBA: QIWEI KITCHEN                        OU BO YA INC.                         1741 FULLERTON RD,                         ROWLAND HEIGHTS, CA  91748-2614","","41-556102/ 41-649616","","","2","1900","1741 FULLERTON RD","ROWLAND HEIGHTS","19","91748","","","",""
"558790","ACTIVE CANCEL","21 | 0","08/12/2015","07/31/2024","DBA: NICKS LIQUOR                        SHAHAT, MORKOS E                         510 N PACIFIC COAST HWY,                         REDONDO BEACH, CA  90277-2103","","21-525880/ 21-649439","","GLOBAL ESCROW 19267 COLIMA RD STE L ROWLAND HEIGHTS, CA  91748","3","1946","510 N PACIFIC COAST HWY","REDONDO BEACH","19","90277","","","",""
"560113","SUREND CANCEL","47 | 0","10/19/2016","09/30/2024","DBA: VENTURA HARBOR COMEDY CLUB                        ANDY RANDY LLC                         1559 SPINNAKER DR, STE 205A,                         VENTURA, CA  93001-5308","","47-503629/ 47-649305","","ALISO ESCROW INC 4522 MARKET ST VENTURA, CA  93003","12","5606","1559 SPINNAKER DR, STE 205A","VENTURA","56","93001","","","",""
"560113","SUREND CANCEL","47 | 0","10/19/2016","09/30/2024","DBA: VENTURA HARBOR COMEDY CLUB                        ANDY RANDY LLC                         1559 SPINNAKER DR, STE 205A,                         VENTURA, CA  93001-5308","","47-503629/ 47-649305","","ALISO ESCROW INC 4522 MARKET ST VENTURA, CA  93003","12","5606","1559 SPINNAKER DR, STE 205A","VENTURA","56","93001","","","",""
"579499","REVPEN ACTIVE","41 | 0","06/07/2017","05/31/2024","DBA: HARBOR FISH & CHIPS                        KAO FAMILY CORP                         2632 UNION AVE,                         SAN JOSE, CA  95124-1348","","41-472588","7","","25","4313","2632 UNION AVE","SAN JOSE","43","95124","","","",""
"579499","REVPEN ACTIVE","41 | 0","06/07/2017","05/31/2024","DBA: HARBOR FISH & CHIPS                        KAO FAMILY CORP                         2632 UNION AVE,                         SAN JOSE, CA  95124-1348","","41-472588","7","","25","4313","2632 UNION AVE","SAN JOSE","43","95124","","","",""
"583275","ACTIVE CANCEL","41 | 0","08/25/2017","07/31/2024","DBA: ANTONIOS MEX-EXPRESS                        GOMEZ, ANABEL                         605 W HERNDON AVE, STE 100,                         CLOVIS, CA  93612-0192","","","","","21","1001","605 W HERNDON AVE, STE 100","CLOVIS","10","93612","","","",""
"584290","ACTIVE CANCEL","20 | 0","10/19/2017","09/30/2023","DBA: NEIGHBORHOOD MARKET AND CAFE INC.                        RUIZARGUETA, EDGUAR JONATAN                         737 2ND AVE,                         SAN MATEO, CA  94401-3229","","20-577716/ 20-649068","","BAY AREA ESCROW SERVICES 2817 CROW CANYON RD STE 102 SAN RAMON, CA  94583","25","4113","737 2ND AVE","SAN MATEO","41","94401","","","",""
"585986","ACTIVE CANCEL","21 | 0","01/29/2018","12/31/2023","DBA: LA FIESTA MARKET INC                        LA FIESTA MARKET INC.                         307 S MADERA AVE,                         KERMAN, CA  93630-1410","","","","","21","1007","307 S MADERA AVE","KERMAN","10","93630","","","",""
"590738","ACTIVE CANCEL","41 | 0","09/04/2018","08/31/2024","DBA: OZEN SUSHI                        HDP BUSINESS, INC.                         10539 VALLEY VIEW ST,                         CYPRESS, CA  90630-4832","6961 SAN PEDRO CIR                              BUENA PARK, CA  90620-2930","","","","11","3005","10539 VALLEY VIEW ST","CYPRESS","30","90630","6961 SAN PEDRO CIR","BUENA PARK","90620","CA"
"594551","PEND ACTIVE","47 | 0","09/21/2023","08/31/2024","DBA: KOSHO JAPANESE RESTAURANT                        RAND CONCEPTS, LLC                         6750 MCKINLEY ST,                         SEBASTOPOL, CA  95472-6750","","47-457097","","","27","4905","6750 MCKINLEY ST","SEBASTOPOL","49","95472","","","",""
"597059","SUREND CANCEL","41 | 0","12/24/2018","11/30/2023","DBA: DA LONG YI                        KJ BROTHERS, INC.                          250 W VALLEY BLVD, STE L,                         SAN GABRIEL, CA  91776-3711","713 W DUARTE RD, STE G561                              ARCADIA, CA  91007","41-559600/ 41-645394","","GARDEN ESCROW INC 9553 LAS TUNAS DR TEMPLE CITY, CA  91780","2","1950","250 W VALLEY BLVD, STE L","SAN GABRIEL","19","91776","713 W DUARTE RD, STE G561","ARCADIA","91007","CA"
"599793","ACTIVE CANCEL","41 | 0","11/27/2018","10/31/2023","DBA: MAGNOLIA BISTRO                        MAGNOLIA EATERY CO.                         665 E FOOTHILL BLVD, STE C,                         CLAREMONT, CA  91711-3581","318 N INDIAN HILL BLVD                              CLAREMONT, CA  91711-4611","41-562812/ 41-650312","","PORTFOLIO ESCROW INC 12 CORPORATE PLAZA DR  #120 NEWPORT BEACH, CA  92660","2","1911","665 E FOOTHILL BLVD, STE C","CLAREMONT","19","91711","318 N INDIAN HILL BLVD","CLAREMONT","91711","CA"
"601112","SUREND CANCEL","41 | 0","02/15/2019","01/31/2024","DBA: MARISCOS EL PICUDO                        AMADOR, ARMANDO                         1349 E TULARE AVE,                         TULARE, CA  93274-3066","1817 CABRILLO AVE                              TULARE, CA  93274-8546","","","","21","5405","1349 E TULARE AVE","TULARE","54","93274","1817 CABRILLO AVE","TULARE","93274","CA"
"604284","ACTIVE CANCEL","21 | 0","05/06/2019","04/30/2024","DBA: AMERICAN LIQUOR                        SAAD, KAMELIA KAMEL                         18027 MAGNOLIA ST,                         FOUNTAIN VALLEY, CA  92708-5638","","21-535344/ 21-650759","","LUCKY TEAM ESCROW INC 13305 BROOKHURST ST GARDEN GROVE, CA  92843-3117","11","3007","18027 MAGNOLIA ST","FOUNTAIN VALLEY","30","92708","","","",""
"605579","REVPEN ACTIVE","41 | 0","07/16/2019","06/30/2024","DBA: SONU BBQ                        YANG, HUANZHI                         3744 MISSION AVE, STE 100,                         OCEANSIDE, CA  92058","11010 CEDARCREST WY                              SAN DIEGO, CA  92121","","7","","9","3709","3744 MISSION AVE, STE 100","OCEANSIDE","37","92058","11010 CEDARCREST WY","SAN DIEGO","92121","CA"
"605579","REVPEN ACTIVE","41 | 0","07/16/2019","06/30/2024","DBA: SONU BBQ                        YANG, HUANZHI                         3744 MISSION AVE, STE 100,                         OCEANSIDE, CA  92058","11010 CEDARCREST WY                              SAN DIEGO, CA  92121","","7","","9","3709","3744 MISSION AVE, STE 100","OCEANSIDE","37","92058","11010 CEDARCREST WY","SAN DIEGO","92121","CA"
"611995","SUSPEN ACTIVE","41 | 0","12/10/2021","11/30/2023","DBA: BOTTLECRAFT                        BOTTLECRAFT SLO, INC.                         3845 S HIGUERA ST, UNITS 1 AND 10,                         SAN LUIS OBISPO, CA  93401","","","7","","13","4004","3845 S HIGUERA ST, UNITS 1 AND 10","SAN LUIS OBISPO","40","93401","","","",""
"617456","ACTIVE CANCEL","41 | 1","08/10/2020","07/31/2024","DBA: LE CITRON                        LE CITRON LLC                         524 S COAST HWY,                         OCEANSIDE, CA  92054-4009","","41-581555/ 41-648836","7","HERITAGE ESCROW COMPANY THE 2550 FIFTH AVE  STE 800  SAN DIEGO, CA  92103","9","3709","524 S COAST HWY","OCEANSIDE","37","92054","","","",""
"617456","ACTIVE CANCEL","58 | 1","08/10/2020","07/31/2024","DBA: LE CITRON                        LE CITRON LLC                         524 S COAST HWY,                         OCEANSIDE, CA  92054-4009","","41-581555/ 41-648836","7","HERITAGE ESCROW COMPANY THE 2550 FIFTH AVE  STE 800  SAN DIEGO, CA  92103","9","3709","524 S COAST HWY","OCEANSIDE","37","92054","","","",""
"617562","PEND ACTIVE","41 | 0","09/21/2023","08/31/2024","DBA: STAFF OF LIFE WATSONVILLE                        STAFF OF LIFE WATSONVILLE INC                         906 E LAKE AVE,                         WATSONVILLE, CA  95076-3404","","","7","","26","4403","906 E LAKE AVE","WATSONVILLE","44","95076","","","",""
"618851","ACTIVE SUREND","20 | 0","01/27/2021","12/31/2023","DBA: KWIK E MART                        SHARMA, KARAN KUMAR                         1425 LA LOMA AVE,                         MODESTO, CA  95354","","20-433989","7","CALIFORNIA BUSINESS ESCROW INC 1748 MAIN ST ESCALON, CA  95320-1927","29","5002","1425 LA LOMA AVE","MODESTO","50","95354","","","",""
"624217","ACTIVE CANCEL","41 | 0","05/05/2021","04/30/2024","DBA: HUGOS MEXICAN GRILL                        BARRAGAN MORALES, HUGO                         1472 B ST, STE G,                         LIVINGSTON, CA  95334","","","7","","29","2404","1472 B ST, STE G","LIVINGSTON","24","95334","","","",""
"631855","AUTREV ACTIVE","47 | 0","03/17/2022","02/29/2024","DBA: EL SABOR DE MI TIERRA                        MAG INNOVATIONS INC                         2248 W CAPITOL AVE,                         WEST SACRAMENTO, CA  95691","","","5,7","","23","5704","2248 W CAPITOL AVE","WEST SACRAMENTO","57","95691","","","",""
"631855","AUTREV ACTIVE","47 | 0","03/17/2022","02/29/2024","DBA: EL SABOR DE MI TIERRA                        MAG INNOVATIONS INC                         2248 W CAPITOL AVE,                         WEST SACRAMENTO, CA  95691","","","5,7","","23","5704","2248 W CAPITOL AVE","WEST SACRAMENTO","57","95691","","","",""
"632123","AUTREV ACTIVE","41 | 0","01/06/2022","12/31/2023","DBA: MOUNTAIN MIKE'S PIZZA                        CHOWCHILLA MMP CORP.                         1515 & 1525 E ROBERTSON BLVD,                         CHOWCHILLA, CA  93610-8506","51 GEYSER RDG                              GEYSERVILLE, CA  95441-9693","","","","21","2001","1515 & 1525 E ROBERTSON BLVD","CHOWCHILLA","20","93610","51 GEYSER RDG","GEYSERVILLE","95441","CA"
"632123","AUTREV ACTIVE","41 | 0","01/06/2022","12/31/2023","DBA: MOUNTAIN MIKE'S PIZZA                        CHOWCHILLA MMP CORP.                         1515 & 1525 E ROBERTSON BLVD,                         CHOWCHILLA, CA  93610-8506","51 GEYSER RDG                              GEYSERVILLE, CA  95441-9693","","","","21","2001","1515 & 1525 E ROBERTSON BLVD","CHOWCHILLA","20","93610","51 GEYSER RDG","GEYSERVILLE","95441","CA"
"632137","ACTIVE CANCEL","41 | 0","11/29/2021","10/31/2023","DBA: NIJI SUSHI AND BAR                        A&D CUISINE, INC.                         3970B 17TH ST,                         SAN FRANCISCO, CA  94114","","41-572346/ 41-647052","7","OLD REPUBLIC TITLE COMPANY 1000 BURNETT AVE STE 400 CONCORD, CA  94520-2088","24","3800","3970B 17TH ST","SAN FRANCISCO","38","94114","","","",""
"632371","ACTIVE CANCEL","47 | 0","11/23/2021","10/31/2023","DBA: HOUR BAR & GRILL                        BURFINE ENTERPRISES LLC                         398 S BASCOM AVE,                         SAN JOSE, CA  95128","","48-376622/ 47-649314","7","BUSINESS ESCROW SERVICE CENTER 3031 TISCH WAY STE 310 SAN JOSE, CA  95128","25","4313","398 S BASCOM AVE","SAN JOSE","43","95128","","","",""
"634186","PEND ACTIVE","41 | 0","09/20/2023","08/31/2024","DBA: CRAFTSMAN THE                        CRAFTSMAN, INC., THE                         1817 S CATALINA AVE,                         REDONDO BEACH, CA  90277-5510","22034 GRANT AVE                              TORRANCE, CA  90503","","","","3","1946","1817 S CATALINA AVE","REDONDO BEACH","19","90277","22034 GRANT AVE","TORRANCE","90503","CA"
"635345","AUTREV ACTIVE","17 | 0","05/09/2022","04/30/2024","DBA: WINEAGE                        WINEAGE L.L.C.                         43085 BUSINESS PARK DR, STE B,                         TEMECULA, CA  92590-1500","2108 NORTH ST, STE N                              SACRAMENTO, CA  95816","","7","","7","3322","43085 BUSINESS PARK DR, STE B","TEMECULA","33","92590","2108 NORTH ST, STE N","SACRAMENTO","95816","CA"
"635345","AUTREV ACTIVE","17 | 0","05/09/2022","04/30/2024","DBA: WINEAGE                        WINEAGE L.L.C.                         43085 BUSINESS PARK DR, STE B,                         TEMECULA, CA  92590-1500","2108 NORTH ST, STE N                              SACRAMENTO, CA  95816","","7","","7","3322","43085 BUSINESS PARK DR, STE B","TEMECULA","33","92590","2108 NORTH ST, STE N","SACRAMENTO","95816","CA"
"635345","AUTREV ACTIVE","20 | 0","05/09/2022","04/30/2024","DBA: WINEAGE                        WINEAGE L.L.C.                         43085 BUSINESS PARK DR, STE B,                         TEMECULA, CA  92590-1500","2108 NORTH ST, STE N                              SACRAMENTO, CA  95816","","7,I","","7","3322","43085 BUSINESS PARK DR, STE B","TEMECULA","33","92590","2108 NORTH ST, STE N","SACRAMENTO","95816","CA"
"635345","AUTREV ACTIVE","20 | 0","05/09/2022","04/30/2024","DBA: WINEAGE                        WINEAGE L.L.C.                         43085 BUSINESS PARK DR, STE B,                         TEMECULA, CA  92590-1500","2108 NORTH ST, STE N                              SACRAMENTO, CA  95816","","7,I","","7","3322","43085 BUSINESS PARK DR, STE B","TEMECULA","33","92590","2108 NORTH ST, STE N","SACRAMENTO","95816","CA"
"636295","ACTIVE CANCEL","20 | 0","04/06/2022","06/30/2024","DBA: PEGASUS HOLDING INC                        PEGASUS HOLDING INC                         3291 W FLORIDA AVE,                         HEMET, CA  92545-3638","","20-516608/ 20-649910","","","7","3308","3291 W FLORIDA AVE","HEMET","33","92545","","","",""
"636561","PEND ACTIVE","17 | 0","09/21/2023","08/31/2024","DBA: ANGMA LLC                        ANGMA LLC                         153 W ROSECRANS AVE, UNIT D5,                         GARDENA, CA  90248-1829","","","","","3","1920","153 W ROSECRANS AVE, UNIT D5","GARDENA","19","90248","","","",""
"636933","PEND ACTIVE","20 | 0","09/21/2023","08/31/2024","DBA: RIVER MARKET                        DEEPA RAJ DHESI INC                         2100 RIVER BLVD,                         BAKERSFIELD, CA  93305-3069","7006 BISCUIT CT                              BAKERSFIELD, CA  93313","20-521607","","CAPITAL TRUST ESCROW 280 S BEVERLY DR #300 BEVERLY HILLS, CA  90212","6","1500","2100 RIVER BLVD","BAKERSFIELD","15","93305","7006 BISCUIT CT","BAKERSFIELD","93313","CA"
"639833","ACTIVE CANCEL","41 | 0","10/13/2022","09/30/2023","DBA: GABY'S LATIN FLAVORS                         GABY'S LATIN FLAVORS INC                         41618 BIG BEAR BLVD ,                         BIG BEAR LAKE, CA  92315","","41-584738","8","NONE","7","3617","41618 BIG BEAR BLVD","BIG BEAR LAKE","36","92315","","","",""
"640582","REVPEN ACTIVE","26 | 0","08/22/2022","06/30/2024","DBA: BIG COUNTRY FOODS, INC                        BIG COUNTRY FOODS INC                         2400 PATTERSON INDUSTRIAL DR.,                         PFLUGERVILLE, TX  78660","PO BOX 2306                              FALLBROOK, CA  92088","","","","75","9999","2400 PATTERSON INDUSTRIAL DR.","PFLUGERVILLE","","78660","PO BOX 2306","FALLBROOK","92088","CA"
"640582","REVPEN ACTIVE","26 | 0","08/22/2022","06/30/2024","DBA: BIG COUNTRY FOODS, INC                        BIG COUNTRY FOODS INC                         2400 PATTERSON INDUSTRIAL DR.,                         PFLUGERVILLE, TX  78660","PO BOX 2306                              FALLBROOK, CA  92088","","","","75","9999","2400 PATTERSON INDUSTRIAL DR.","PFLUGERVILLE","","78660","PO BOX 2306","FALLBROOK","92088","CA"
"640779","ACTIVE CANCEL","20 | 0","10/19/2022","09/30/2024","DBA: WRAPPER THE                        ASH-BURKE, ALLISON  CAMILLE                         3333 BRISTOL ST, STE 2883,                         COSTA MESA, CA  92626-1821","2823 CAZADERO DR                              CARLSBAD, CA  92009-5902","20-630692/ 20-650782","","","11","3004","3333 BRISTOL ST, STE 2883","COSTA MESA","30","92626","2823 CAZADERO DR","CARLSBAD","92009","CA"
"641307","PEND ACTIVE","80 | 0","09/20/2023","12/31/2023","DBA: MILL ROSE INN                        MILL ROSE LLC THE                         615 MILL ST,                         HALF MOON BAY, CA  94019-1726","","","7","","25","4116","615 MILL ST","HALF MOON BAY","41","94019","","","",""
"642031","PEND ACTIVE","21 | 0","09/20/2023","08/31/2024","DBA: HEAVYWEIGHT SPIRITS                        NUMERO 9 LLC                         1320 67TH ST,                         EMERYVILLE, CA  94608-1121","4158 MANILA AVE                              OAKLAND, CA  94609","","5","","22","0104","1320 67TH ST","EMERYVILLE","01","94608","4158 MANILA AVE","OAKLAND","94609","CA"
"642624","PEND ACTIVE","21 | 0","09/21/2023","06/30/2024","DBA: GROCERY OUTLET                         GROCERY OUTLET INC                         17040 SLOVER AVE,                         FONTANA, CA  92337-7500","5650 HOLLIS ST                              EMERYVILLE, CA  94608-2597","21-67868","2","CALIFORNIA BUSINESS ESCROW INC 1748 MAIN STREET ESCALON, CA  95320","7","3604","17040 SLOVER AVE","FONTANA","36","92337","5650 HOLLIS ST","EMERYVILLE","94608","CA"
"643094","PEND ACTIVE","47 | 0","09/21/2023","08/31/2024","DBA: L.A. CRAZY CRAB INC.                        L.A. CRAZY CRAB, INC                         1415 E GAGE AVE ,                         LOS ANGELES, CA  90001-1793","","47-409635","7","ABC ESCROW 2222 DAMON STREET  LOS ANGELES, CA  90021","4","1933","1415 E GAGE AVE","LOS ANGELES","19","90001","","","",""
"643572","PEND ACTIVE","41 | 0","09/21/2023","08/31/2024","DBA: MENDOCINO FARMS SANDWICH MARKET                        MENDOCINO FARMS LLC                         23870 ALISO CREEK RD, STE C,                         LAGUNA NIGUEL, CA  92677-3907","2004 E PARK PL, STE H                              EL SEGUNDO, CA  90245-6100","","","","11","3030","23870 ALISO CREEK RD, STE C","LAGUNA NIGUEL","30","92677","2004 E PARK PL, STE H","EL SEGUNDO","90245","CA"
"644665","PEND ACTIVE","21 | 0","09/20/2023","08/31/2024","DBA: CASA LUCAZ #3                        NARAYANA CORP                         4555 MISSION ST,                         SAN FRANCISCO, CA  94112-2603","","21-429792","7","CALIFORNIA BUSINESS ESCROW INC 1748 MAIN ST ESCALON, CA  95320-1927","24","3800","4555 MISSION ST","SAN FRANCISCO","38","94112","","","",""
"645363","R64B ACTIVE","58 | 1","06/15/2023","05/31/2024","DBA: WEDGEWOOD WEDDING AND CATERING                        WEDGEWOOD BEVERAGE INC                         600 E 5TH STREET,                         LONG BEACH, CA  90802-2623","43385 BUSINESS PARK DR STE 220                              TEMECULA, CA  92590","47-469312","7","CALIFORNIA BUSINESS ESCROW","3","1932","600 E 5TH STREET","LONG BEACH","19","90802","43385 BUSINESS PARK DR STE 220","TEMECULA","92590","CA"
"645363","R64B ACTIVE","47 | 1","06/15/2023","05/31/2024","DBA: WEDGEWOOD WEDDING AND CATERING                        WEDGEWOOD BEVERAGE INC                         600 E 5TH STREET,                         LONG BEACH, CA  90802-2623","43385 BUSINESS PARK DR STE 220                              TEMECULA, CA  92590","47-469312","7","CALIFORNIA BUSINESS ESCROW","3","1932","600 E 5TH STREET","LONG BEACH","19","90802","43385 BUSINESS PARK DR STE 220","TEMECULA","92590","CA"
"645394","PEND ACTIVE","41 | 0","09/20/2023","08/31/2024","DBA: DA PAI DANG                        DA PAI DANG INC                          250 W VALLEY BLVD, STE L,                         SAN GABRIEL, CA  91776-3711","","41-597059","7","","2","1950","250 W VALLEY BLVD, STE L","SAN GABRIEL","19","91776","","","",""
"645934","R64B ACTIVE","47 | 0","08/21/2023","07/31/2024","DBA: FLORES BAY STREET                        FLORES BAY STREET, LLC                          5614 BAY ST, STE 244,                         EMERYVILLE, CA  94608","2020 UNION ST                              SAN FRANCISCO, CA  94123-4103","47-409515","7","INNOVATIVE ESCROW, INC 28212 KELLY JOHNSON PKWY STE 110 VALENCIA, CA  91355","22","0104","5614 BAY ST, STE 244","EMERYVILLE","01","94608","2020 UNION ST","SAN FRANCISCO","94123","CA"
"646028","PEND ACTIVE","41 | 0","09/20/2023","08/31/2024","DBA: TACOS LOS PERICOS                        TACOS LOS PERICOS, LLC                         1348 E PROSPERITY AVE,                         TULARE, CA  93274-8052","","","","","21","5405","1348 E PROSPERITY AVE","TULARE","54","93274","","","",""
"646113","PEND ACTIVE","20 | 0","09/21/2023","08/31/2024","DBA: TRANQUIL MART                        TRANQUIL LODGE LLC                         210 LINCOLN BLVD,                         LINCOLN, CA  95648-1809","5440 HEATHERLAND DR                              SAN RAMON, CA  94582","20-595835","7","BUSINESS & ESCROW SERVICE CENTER 3031 TISCH WAY #301 SAN JOSE, CA  95218","23","3103","210 LINCOLN BLVD","LINCOLN","31","95648","5440 HEATHERLAND DR","SAN RAMON","94582","CA"
"646922","PEND ACTIVE","41 | 0","09/21/2023","08/31/2024","DBA: TASTEBUDS                        TASTEBUDS, LLC                         600 5TH AVE,                         SAN FRANCISCO, CA  94118-3915","","41-293449","","","24","3800","600 5TH AVE","SAN FRANCISCO","38","94118","","","",""
"646940","PEND ACTIVE","41 | 0","09/20/2023","08/31/2024","DBA: COWBOY TAVERN, THE                        HOME MADE RESTAURANT INC                         33310 AGUA DULCE CYN RD,                         AGUA DULCE, CA  91390-4640","","","","","5","1900","33310 AGUA DULCE CYN RD","AGUA DULCE","19","91390","","","",""
"647052","PEND ACTIVE","41 | 0","09/20/2023","08/31/2024","DBA: NIJI                        HULU WA INC                         3970B 17TH ST,                         SAN FRANCISCO, CA  94114","160 SEVILLE ST                              SAN FRANCISCO, CA  94112","41-632137","7","OLD REPUBLIC TITLE COMPANY 1000 BURNETT AVE STE 400 CONCORD, CA  94520-2088","24","3800","3970B 17TH ST","SAN FRANCISCO","38","94114","160 SEVILLE ST","SAN FRANCISCO","94112","CA"
"647147","PEND ACTIVE","41 | 0","09/20/2023","08/31/2024","DBA: SHABU SHACK                        SHABU SHACK SSF LLC                         200-202 GRAND,                         SOUTH SAN FRANCISCO, CA  94080","2623 46TH AVE                              SAN FRANCISCO, CA  94116","","","","25","4114","200-202 GRAND","SOUTH SAN FRANCISCO","41","94080","2623 46TH AVE","SAN FRANCISCO","94116","CA"
"647191","PEND ACTIVE","77 | 1","09/21/2023","01/31/2024","DBA: YAQUIS CANTINA LLC                        YAQUIS CANTINA LLC                         703 MAIN ST,                         WOODLAND, CA  95695-3406","1354 E OAK AVE                              WOODLAND, CA  95776","47-618146","7,8","","23","5703","703 MAIN ST","WOODLAND","57","95695","1354 E OAK AVE","WOODLAND","95776","CA"
"647191","PEND ACTIVE","47 | 1","09/21/2023","01/31/2024","DBA: YAQUIS CANTINA LLC                        YAQUIS CANTINA LLC                         703 MAIN ST,                         WOODLAND, CA  95695-3406","1354 E OAK AVE                              WOODLAND, CA  95776","47-618146","7,8","","23","5703","703 MAIN ST","WOODLAND","57","95695","1354 E OAK AVE","WOODLAND","95776","CA"
"647379","PEND ACTIVE","02 | 0","09/21/2023","06/30/2024","DBA: HEITZ CELLAR                        HEITZ CELLAR LLC                         1227 1ST ST,                         NAPA, CA  94559-2929","899 ADAMS ST, STE G                              SAINT HELENA, CA  95474-1160","02-627342","","","27","2802","1227 1ST ST","NAPA","28","94559","899 ADAMS ST, STE G","SAINT HELENA","95474","CA"
"647405","PEND ACTIVE","02 | 0","09/21/2023","06/30/2024","DBA: HEITZ CELLAR                        HEITZ CELLAR LLC                         436 ST HELENA HWY S,                         SAINT HELENA, CA  94574-2206","899 ADAMS ST, STE G                              SAINT HELENA, CA  95474-1160","02-233412","","","27","2800","436 ST HELENA HWY S","SAINT HELENA","28","94574","899 ADAMS ST, STE G","SAINT HELENA","95474","CA"
"647412","PEND ACTIVE","02 | 0","09/21/2023","06/30/2024","DBA: HEITZ CELLAR                        HEITZ CELLAR LLC                         500 TAPLIN RD,                         SAINT HELENA, CA  94574-9537","899 ADAMS ST, STE G                              SAINT HELENA, CA  95474-1160","02-41313","","","27","2800","500 TAPLIN RD","SAINT HELENA","28","94574","899 ADAMS ST, STE G","SAINT HELENA","95474","CA"
"647462","PEND ACTIVE","47 | 0","09/21/2023","08/31/2024","DBA: CHINA BISTRO                        RAVE AMERICA LLC                          45765 TOWNE ST,                         INDIO, CA  92201-4547","PO BOX 2051                              INDIO, CA  92201-2051","47-612314","","THE ESCROW CONNECTION  1111 E TAHQUITZ CANYON WAY  STE 101 PALM SPRINGS, CA  92262","8","3309","45765 TOWNE ST","INDIO","33","92201","PO BOX 2051","INDIO","92201","CA"
"647655","PEND ACTIVE","41 | 0","09/21/2023","08/31/2024","DBA: PIZZA & MORE                        GIOVANETTI'S RESTAURANT GROUP                         1461 N SANTA FE AVE, STE 103,                         VISTA, CA  92084-3702","","","","","9","3713","1461 N SANTA FE AVE, STE 103","VISTA","37","92084","","","",""
"647845","PEND ACTIVE","41 | 0","09/20/2023","08/31/2024","DBA: CAPTAIN MAURI'S COUNTERCULTURE                         GUTIERREZ, IGNACIO MAURICIO                         149 AVENIDA DEL MAR ,                         SAN CLEMENTE, CA  92672-4017","","","","","11","3016","149 AVENIDA DEL MAR","SAN CLEMENTE","30","92672","","","",""
"648167","PEND ACTIVE","41 | 0","09/20/2023","08/31/2024","DBA: CHUCK E. CHEESE'S                         CEC ENTERTAINMENT, LLC                         1690 ARDEN WY,                         SACRAMENTO, CA  95815","1707 MARKET PLACE BLVD, STE 200                              C/O LICENSING DEPT , IRVING, TX  75063-8049","41-281229","7","","23","3405","1690 ARDEN WY","SACRAMENTO","34","95815","1707 MARKET PLACE BLVD, STE 200","IRVING","75063","TX"
"648381","PEND ACTIVE","41 | 0","09/20/2023","08/31/2024","DBA: CHUCK E CHEESE'S                         CEC ENTERTAINMENT, LLC                         2541-43 EL CAMINO REAL,                         REDWOOD CITY, CA  94061","1707 MARKET PLACE BLVD, STE 200                              C/O LICENSING DEPT , IRVING, TX  75063-8049","41-361263","","","25","4110","2541-43 EL CAMINO REAL","REDWOOD CITY","41","94061","1707 MARKET PLACE BLVD, STE 200","IRVING","75063","TX"
"648473","PEND ACTIVE","17 | 0","09/21/2023","08/31/2024","VINES GLOBAL, LLC, THE                         831 LATOUR CT, STE B1,                         NAPA, CA  94558-6260","424 MARLBORO LN                              LOTHIAN, MD  20711","","7","","27","2802","831 LATOUR CT, STE B1","NAPA","28","94558","424 MARLBORO LN","LOTHIAN","20711","MD"
"648473","PEND ACTIVE","20 | 0","09/21/2023","08/31/2024","VINES GLOBAL, LLC, THE                         831 LATOUR CT, STE B1,                         NAPA, CA  94558-6260","424 MARLBORO LN                              LOTHIAN, MD  20711","","7,I","","27","2802","831 LATOUR CT, STE B1","NAPA","28","94558","424 MARLBORO LN","LOTHIAN","20711","MD"
"648644","PEND ACTIVE","21 | 0","09/21/2023","08/31/2024","DBA: MISSION TRAIL LIQUOR                         MISSION TRAIL LIQUOR INC                         32510 MISSION TRL,                         LAKE ELSINORE, CA  92530","1198 CALIMESA BLVD                              CALIMESA, CA  92320","21-624489","7","TEAM ESCROW BP, INC 6025 BEACH BLVD BUENA PARK, CA  90621-2304","7","3307","32510 MISSION TRL","LAKE ELSINORE","33","92530","1198 CALIMESA BLVD","CALIMESA","92320","CA"
"648688","PEND ACTIVE","47 | 0","09/20/2023","08/31/2024","DBA: POOJA INDIAN GRILL                        POOJA FOOD EXPRESS INC.                         1223-25 & 1229-31 MERKLEY AVE,                         WEST SACRAMENTO, CA  95691-2709","","47-454560","7","CAPITAL CITY ESCROW 3838 WATT AVE #F610 SACRAMENTO, CA  95821","23","5704","1223-25 & 1229-31 MERKLEY AVE","WEST SACRAMENTO","57","95691","","","",""
"648836","PEND ACTIVE","41 | 0","09/20/2023","08/31/2024","DBA: HILL STREET HOUSE                        HILL STREET HOUSE INC                         524 S COAST HWY,                         OCEANSIDE, CA  92054-4009","","41-617456","7","","9","3709","524 S COAST HWY","OCEANSIDE","37","92054","","","",""
"648958","PEND ACTIVE","41 | 0","09/20/2023","08/31/2024","DBA: FEI XIANG GONG                        NA RAE GONG                         6681 BEACH BLVD, STE C,                         BUENA PARK, CA  90621-2939","","41-534454","7","COMMERCE ESCROW 1055 WILSHIRE BLVD #1000 LOS ANGELES, CA  90017","11","3003","6681 BEACH BLVD, STE C","BUENA PARK","30","90621","","","",""
"648987","PEND ACTIVE","02 | 0","09/20/2023","06/30/2024","DBA: HOLDREDGE WINES                        HOLDREDGE, JOHN ALEXANDER                         1033 HIGHWAY 49,                         SAN ANDREAS, CA  95249-9584","150 CHERRY CREEK RD                              CLOVERDALE, CA  95425-3808","02-387883","","","29","0500","1033 HIGHWAY 49","SAN ANDREAS","05","95249","150 CHERRY CREEK RD","CLOVERDALE","95425","CA"
"649068","PEND ACTIVE","20 | 0","09/20/2023","08/31/2024","URBINA, SALVADOR  P                         737 2ND AVE,                         SAN MATEO, CA  94401-3229","P O BOX 384                              SAN MATEO, CA  94401","20-584290","","","25","4113","737 2ND AVE","SAN MATEO","41","94401","P O BOX 384","SAN MATEO","94401","CA"
"649088","PEND ACTIVE","21 | 0","09/21/2023","08/31/2024","DBA: LA PAZ LIQUOR                        CIRCUIT STORES INC                         4101-03 MAGNOLIA BLVD,                         BURBANK, CA  91505-2742","","21-572894","","UNITED ESCROW 3440 WILSHIRE BLVD STE 600 LOS ANGELES, CA  90010","5","1910","4101-03 MAGNOLIA BLVD","BURBANK","19","91505","","","",""
"649117","PEND ACTIVE","02 | 0","09/21/2023","06/30/2024","DBA: CHANEY FAMILY WINERY, INC.                        CHANEY FAMILY WINERY, INC.                         8175 FAIRPLAY RD,                         FAIR PLAY, CA  95684","","","","","23","0900","8175 FAIRPLAY RD","FAIR PLAY","09","95684","","","",""
"649129","PEND ACTIVE","41 | 0","09/20/2023","08/31/2024","DBA: PAKWOS KITCHEN                        PAKWOS KITCHEN LLC                         3701 S HARBOR BLVD, STE F,                         SANTA ANA, CA  92704-7902","","","","","11","3017","3701 S HARBOR BLVD, STE F","SANTA ANA","30","92704","","","",""
"649186","PEND ACTIVE","41 | 0","09/21/2023","08/31/2024","DBA: SABERYUCATECO, LLC                        SABOR YUCATECO LLC                         303 E FOOTHILL BLVD, UNIT C,                         RIALTO, CA  92376","445 N SAGE AVE                              RIALTO, CA  92376-5171","","","","7","3609","303 E FOOTHILL BLVD, UNIT C","RIALTO","36","92376","445 N SAGE AVE","RIALTO","92376","CA"
"649311","PEND ACTIVE","21 | 0","09/21/2023","08/31/2024","DBA: EL MERCADO & DISCOUNT CENTER                        SELMA EL MERCADO & DISCOUNT CENTER, INC.                         2440 MCCALL AVE, STE A,                         SELMA, CA  93662-3182","","21-585986","","CALIFORNIA BUSINESS ESCROW 1748 MAIN ST ESCALON, CA  95320-1927","21","1015","2440 MCCALL AVE, STE A","SELMA","10","93662","","","",""
"649314","PEND ACTIVE","47 | 0","09/20/2023","08/31/2024","DBA: TRIPLE THREAT SPORTS BAR & GRILL THE                        MENACE TO SOBRIETY LLC                          398 S BASCOM AVE,                         SAN JOSE, CA  95128","","47-632371","7","BUSINESS & ESCROW SERVICE CENTER 3031 TISCH WAY #301 SAN JOSE, CA  95218","25","4313","398 S BASCOM AVE","SAN JOSE","43","95128","","","",""
"649323","PEND ACTIVE","40 | 0","09/21/2023","08/31/2024","DBA: HIGH SCORES INTERACTIVE ARCADE MUSEUM                        HIGH SCORES INTERACTIVE ARCADE MUSEUM LLC                         459 ALVARADO ST,                         MONTEREY, CA  93940-2420","","","","","26","2706","459 ALVARADO ST","MONTEREY","27","93940","","","",""
"649329","PEND ACTIVE","41 | 0","09/20/2023","01/31/2024","DBA: MARISCOS EL PICUDO                        AMADOR, ARMANDO                         539 N SANTA FE ST,                         VISALIA, CA  93292-5034","1817 CABRILLO AVE                              TULARE, CA  93274-8546","41-601112","7","","21","5406","539 N SANTA FE ST","VISALIA","54","93292","1817 CABRILLO AVE","TULARE","93274","CA"
"649424","PEND ACTIVE","47 | 1","09/20/2023","06/30/2024","DBA: SIERRA VISTA RESTAURANT                        MILLER, BARBARA ANN                         16575 STATE HWY RTE 178,                         WELDON, CA  93283-0387","16575 STATE HWY RTE 178                              WELDON, CA  93283-0387","47-454057","7","","6","1500","16575 STATE HWY RTE 178","WELDON","15","93283","16575 STATE HWY RTE 178","WELDON","93283","CA"
"649424","PEND ACTIVE","58 | 1","09/20/2023","06/30/2024","DBA: SIERRA VISTA RESTAURANT                        MILLER, BARBARA ANN                         16575 STATE HWY RTE 178,                         WELDON, CA  93283-0387","16575 STATE HWY RTE 178                              WELDON, CA  93283-0387","47-454057","7","","6","1500","16575 STATE HWY RTE 178","WELDON","15","93283","16575 STATE HWY RTE 178","WELDON","93283","CA"
"649434","PEND ACTIVE","41 | 0","09/20/2023","08/31/2024","DBA: 3 AGAVES MEXICAN GRILL                        MARISCOS COSTA ALEGRE                         1472 B ST, STE G,                         LIVINGSTON, CA  95334","","41-624217","7","","29","2404","1472 B ST, STE G","LIVINGSTON","24","95334","","","",""
"649439","PEND ACTIVE","21 | 0","09/20/2023","08/31/2024","DBA: PCH WINE & SPIRITS                        JSV LIQUOR & WINE INC.                         510 N PACIFIC COAST HWY,                         REDONDO BEACH, CA  90277-2103","8755 E GARDEN VIEW DR                              ANAHEIM, CA  92808","21-558790","","UNITED ESCROW 3440 WILSHIRE BLVD STE 600 LOS ANGELES, CA  90010","3","1946","510 N PACIFIC COAST HWY","REDONDO BEACH","19","90277","8755 E GARDEN VIEW DR","ANAHEIM","92808","CA"
"649489","PEND ACTIVE","41 | 0","09/20/2023","08/31/2024","DBA: GULAB                        GULAB                         1820 SHAW AVE, STE 104,                         CLOVIS, CA  93611","4127 SANTA ANA AVE                              CLOVIS, CA  93619","","","","21","1001","1820 SHAW AVE, STE 104","CLOVIS","10","93611","4127 SANTA ANA AVE","CLOVIS","93619","CA"
"649520","PEND ACTIVE","41 | 0","09/21/2023","08/31/2024","DBA: CASA JALSICO                        DE LEON SANTAY, JOSUE DAVID                         39492 KENTUCKY AVE,                         WOODLAND, CA  95695","","","","","23","5700","39492 KENTUCKY AVE","WOODLAND","57","95695","","","",""
"649550","PEND ACTIVE","48 | 0","09/21/2023","08/31/2024","DBA: WESTFAIR LOUNGE                         TACOS LOS PUERCOS LLC                         2536 WIBLE RD,                         BAKERSFIELD, CA  93304","10101 MAIN ST                              LAMONT, CA  93241","48-476966","","GLEN OAKS ESCROW 24018 LYONS AVE SANTA CLARITA, CA  91321","6","1501","2536 WIBLE RD","BAKERSFIELD","15","93304","10101 MAIN ST","LAMONT","93241","CA"
"649564","PEND ACTIVE","58 | 1","09/21/2023","08/31/2024","DBA: LEGACY GRILLE                         PEARL EVENTS INC                          48800 LEGACY DR , A,                         LA QUINTA, CA  92253-7114","79499 COUNTRY CLUB DR, #6                              BERMUDA DUNES, CA  92203-1204","","","","8","3320","48800 LEGACY DR , A","LA QUINTA","33","92253","79499 COUNTRY CLUB DR, #6","BERMUDA DUNES","92203","CA"
"649564","PEND ACTIVE","41 | 1","09/21/2023","08/31/2024","DBA: LEGACY GRILLE                         PEARL EVENTS INC                          48800 LEGACY DR , A,                         LA QUINTA, CA  92253-7114","79499 COUNTRY CLUB DR, #6                              BERMUDA DUNES, CA  92203-1204","","","","8","3320","48800 LEGACY DR , A","LA QUINTA","33","92253","79499 COUNTRY CLUB DR, #6","BERMUDA DUNES","92203","CA"
"649616","PEND ACTIVE","41 | 0","09/20/2023","08/31/2024","DBA: QIWEI KITCHEN                        JIN SHENG INC.                         1741 FULLERTON RD,                         ROWLAND HEIGHTS, CA  91748-2614","","41-557519","","CENTRAL ESCROW GROUP, INC 515 W GARVEY AVENUE  STE 118 MONTEREY PARK, CA  91754","2","1900","1741 FULLERTON RD","ROWLAND HEIGHTS","19","91748","","","",""
"649621","PEND ACTIVE","02 | 0","09/21/2023","06/30/2024","DBA: PCH STREET                        PCH STREET, INC.                         90 EASY ST,                         BUELLTON, CA  93427-9566","3082 MESQUITE LN                              LOMPOC, CA  93436","","","","13","4207","90 EASY ST","BUELLTON","42","93427","3082 MESQUITE LN","LOMPOC","93436","CA"
"649667","PEND ACTIVE","47 | 0","09/20/2023","08/31/2024","LITTLE BELIZE RESTAURANT INCORPORATED                         217 E NUTWOOD ST,                         INGLEWOOD, CA  90301-2311","","48-197341","7","ABC ESCROW 2222 DAMON STREET  LOS ANGELES, CA  90021","3","1927","217 E NUTWOOD ST","INGLEWOOD","19","90301","","","",""
"649765","PEND ACTIVE","20 | 0","09/21/2023","08/31/2024","DBA: FAMILY MARKET                        NAJI, BASSAM ALI                         942 S COLLEGE AVE,                         DINUBA, CA  93618","","20-363209","7","TICOR TITLE COMPANY 10000 STOCKDALE HWY STE 101 BAKERSFIELD, CA  93311","21","5401","942 S COLLEGE AVE","DINUBA","54","93618","","","",""
"649772","PEND ACTIVE","21 | 0","09/21/2023","08/31/2024","DBA: YUCAIPA SUNSHINE LIQUOR                        YUCAIPA SUNSHINE LIQUOR INC                         34253 YUCAIPA BLVD,                         YUCAIPA, CA  92399","","21-575979","","STEWART TITLE OF CALIFORNIA INC 1200 CALIFORNIA STREET STE 120 REDLANDS, CA  92374","7","3622","34253 YUCAIPA BLVD","YUCAIPA","36","92399","","","",""
"649773","PEND ACTIVE","41 | 0","09/20/2023","08/31/2024","DBA: JUN JU SUL LUNG TANG                        LEE, SUN JA                         1845  W REDONDO BEACH BLVD,                         GARDENA, CA  90247-3654","","","7","","3","1920","1845  W REDONDO BEACH BLVD","GARDENA","19","90247","","","",""
"649806","PEND ACTIVE","02 | 0","09/21/2023","06/30/2024","DBA: REMEADIES INTOXICATING POTIONS                        REMEADIES INTOXICATING POTIONS, LLC                         46488 CREEKSIDE RD,                         SQUAW VALLEY, CA  93675-9619","","","","","21","1000","46488 CREEKSIDE RD","SQUAW VALLEY","10","93675","","","",""
"649823","PEND ACTIVE","17 | 1","09/20/2023","08/31/2024","DBA: BWS GROUP CO.                        OB USA INC                         9526 ANN ST,                         SANTA FE SPRINGS, CA  90670-2616","","","","","2","1952","9526 ANN ST","SANTA FE SPRINGS","19","90670","","","",""
"649823","PEND ACTIVE","18 | 1","09/20/2023","08/31/2024","DBA: BWS GROUP CO.                        OB USA INC                         9526 ANN ST,                         SANTA FE SPRINGS, CA  90670-2616","","","","","2","1952","9526 ANN ST","SANTA FE SPRINGS","19","90670","","","",""
"649823","PEND ACTIVE","09 | 1","09/20/2023","08/31/2024","DBA: BWS GROUP CO.                        OB USA INC                         9526 ANN ST,                         SANTA FE SPRINGS, CA  90670-2616","","","","","2","1952","9526 ANN ST","SANTA FE SPRINGS","19","90670","","","",""
"649823","PEND ACTIVE","12 | 1","09/20/2023","08/31/2024","DBA: BWS GROUP CO.                        OB USA INC                         9526 ANN ST,                         SANTA FE SPRINGS, CA  90670-2616","","","","","2","1952","9526 ANN ST","SANTA FE SPRINGS","19","90670","","","",""
"649843","PEND ACTIVE","41 | 0","09/21/2023","08/31/2024","DBA: CHEF LEE'S CHINESE FOOD AND NOODLES                        LI, OSCAR                         1049 N IMPERIAL AVE,                         EL CENTRO, CA  92243-1737","","","","","8","1304","1049 N IMPERIAL AVE","EL CENTRO","13","92243","","","",""
"649861","PEND ACTIVE","58 | 1","09/21/2023","08/31/2024","DBA: LA COSECHA MEXICAN BISTRO                         LA COCECHA CAFE, INC                         4291 MAINE AVE,                         BALDWIN PARK, CA  91706-3312","","47-423410","7","ABC ESCROW 2222 DAMON ST  LOS ANGELES, CA  90021","2","1905","4291 MAINE AVE","BALDWIN PARK","19","91706","","","",""
"649861","PEND ACTIVE","47 | 1","09/21/2023","08/31/2024","DBA: LA COSECHA MEXICAN BISTRO                         LA COCECHA CAFE, INC                         4291 MAINE AVE,                         BALDWIN PARK, CA  91706-3312","","47-423410","7","ABC ESCROW 2222 DAMON ST  LOS ANGELES, CA  90021","2","1905","4291 MAINE AVE","BALDWIN PARK","19","91706","","","",""
"649877","PEND ACTIVE","02 | 0","09/20/2023","06/30/2024","DBA: CAVALETTI VINEYARDS                        CAVALETTI VINEYARDS LLC                         3370 SUNSET VALLEY RD,                         MOORPARK, CA  93021-9746","165 POINDEXTER AVE , UNIT D                               MOORPARK, CA  93021-1866","","","","12","5610","3370 SUNSET VALLEY RD","MOORPARK","56","93021","165 POINDEXTER AVE , UNIT D","MOORPARK","93021","CA"
"649894","PEND ACTIVE","41 | 0","09/20/2023","08/31/2024","DBA: J & M’S FAMILY RESTAURANT                         SKJM ENTERPRISE INC                         1215 E VALLEY PKWY,                         ESCONDIDO, CA  92027-2309","","","7","","9","3705","1215 E VALLEY PKWY","ESCONDIDO","37","92027","","","",""
"649910","PEND ACTIVE","20 | 0","09/20/2023","08/31/2024","DBA: EASYSTOP                        EASY STOP INC                         3291 W FLORIDA AVE,                         HEMET, CA  92545-3638","","20-636295","","CORNER ESCROW INC 25220 HANCOCK AVE  STE 250 MURRIETA, CA  92562","7","3308","3291 W FLORIDA AVE","HEMET","33","92545","","","",""
"650024","PEND ACTIVE","41 | 0","09/20/2023","08/31/2024","MONTEREY PELICAN PIZZA, LLC                         522 LIGHTHOUSE AVE,                         MONTEREY, CA  93940","","41-401198","7","","26","2706","522 LIGHTHOUSE AVE","MONTEREY","27","93940","","","",""
"650204","PEND ACTIVE","41 | 0","09/21/2023","08/31/2024","DBA: EL MONTE RESTAURANT                        EL MONTE RESTAURANT LLC                         1726 12TH ST,                         REEDLEY, CA  93654","","41-434711","","TICOR TITLE COMPANY 10000 STOCKDALE HWY STE 101 BAKERSFIELD, CA  93311","21","1012","1726 12TH ST","REEDLEY","10","93654","","","",""
"650293","PEND ACTIVE","41 | 0","09/21/2023","08/31/2024","DBA: OKESUTORA                        ENVY & CO 2 INC                         1801 L ST, STE 70,                         SACRAMENTO, CA  95811-4170","7405 LAGUNA BLVD, STE 170                              ELK GROVE, CA  95758-5067","","","","23","3405","1801 L ST, STE 70","SACRAMENTO","34","95811","7405 LAGUNA BLVD, STE 170","ELK GROVE","95758","CA"
"650312","PEND ACTIVE","41 | 0","09/20/2023","08/31/2024","DBA: MAGNOLIA BISTRO                        MMMVP, LLC                         665 E FOOTHILL BLVD, STE C,                         CLAREMONT, CA  91711-3581","","41-599793","","NEW CENTURY ESCROW INC 500 S KRAEMER BLVD STE 275 BREA, CA  92821-1711","2","1911","665 E FOOTHILL BLVD, STE C","CLAREMONT","19","91711","","","",""
"650346","PEND ACTIVE","41 | 0","09/20/2023","08/31/2024","DBA: PARIS BAGUETTE                        YSMAN LLC                         622 LAUREL ST,                         SAN CARLOS, CA  94070-3112","1084 HEWITT DR                              SAN CARLOS, CA  94070","","7","","25","4112","622 LAUREL ST","SAN CARLOS","41","94070","1084 HEWITT DR","SAN CARLOS","94070","CA"
"650375","PEND ACTIVE","21 | 0","09/20/2023","08/31/2024","DBA: SPORTSMANS LIQUOR                        TRAN, TODD HUU                         2615 NEWPORT BLVD,                         NEWPORT BEACH, CA  92663-3719","","21-519439","","FOUNTAIN VALLEY ESCROW 17155 NEWHOPE ST STE N FOUNTAIN VALLEY, CA  92708","11","3013","2615 NEWPORT BLVD","NEWPORT BEACH","30","92663","","","",""
"650514","PEND ACTIVE","42 | 0","09/21/2023","08/31/2024","DBA: MELODY GROUP                        CAPE NO.7, LLC                         18888 LABIN CT, STE C201,                         ROWLAND HEIGHTS, CA  91748-2292","18401 ARENTH AVE, STE B                              CITY OF INDUSTRY, CA  91748-1231","","7","","2","1900","18888 LABIN CT, STE C201","ROWLAND HEIGHTS","19","91748","18401 ARENTH AVE, STE B","CITY OF INDUSTRY","91748","CA"
"650519","PEND ACTIVE","41 | 0","09/20/2023","08/31/2024","DBA: PATIO CAFE                        BRIELLE CORP                         5138 N PALM AVE,                         FRESNO, CA  93704-2203","5132 N PALM AVE, PMB 210                              FRESNO, CA  93704-2236","41-343337","","","21","1005","5138 N PALM AVE","FRESNO","10","93704","5132 N PALM AVE, PMB 210","FRESNO","93704","CA"
"650562","PEND ACTIVE","41 | 0","09/20/2023","08/31/2024","DBA: YUKA                        HANNEL INC                         10539 VALLEY VIEW ST,                         CYPRESS, CA  90630-4832","","41-590738","","","11","3005","10539 VALLEY VIEW ST","CYPRESS","30","90630","","","",""
"650759","PEND ACTIVE","21 | 0","09/20/2023","08/31/2024","DBA: AMERICAN LIQUOR                        AMERICAN LIQUOR INC                         18027 MAGNOLIA ST,                         FOUNTAIN VALLEY, CA  92708-5638","","21-604284","","LUCKY TEAM ESCROW INC 13305 BROOKHURST ST GARDEN GROVE, CA  92843-3117","11","3007","18027 MAGNOLIA ST","FOUNTAIN VALLEY","30","92708","","","",""
"650782","PEND ACTIVE","20 | 0","09/20/2023","09/30/2024","DBA: WRAPPER THE                        ASH-BURKE, ALLISON  CAMILLE                         3333 BRISTOL ST, STE 1807,                         COSTA MESA, CA  92626-1815","2823 CAZADERO DR                              CARLSBAD, CA  92009-5902","20-640779","","","11","3004","3333 BRISTOL ST, STE 1807","COSTA MESA","30","92626","2823 CAZADERO DR","CARLSBAD","92009","CA"
"650788","PEND ACTIVE","47 | 0","09/21/2023","05/31/2024","DBA: REY AZTECA BREAKFAST AND JUICE BAR                        CANTINA AZTECA INC                         6400 FAIR OAKS BLVD,                         CARMICHAEL, CA  95608-4017","","47-563446","8","","23","3400","6400 FAIR OAKS BLVD","CARMICHAEL","34","95608","","","",""
"650850","PEND ACTIVE","41 | 0","09/20/2023","08/31/2024","DBA: HOTEL ANZA                        HIGHGATE CONCESSIONS COMPANY LLC                         23627 CALABASAS RD,                         CALABASAS, CA  91302","545 E JOHN CARPENTER FWY, STE 1400                              IRVING, TX  75062-3933","41-529794","","CALIFORNIA BUSINESS ESCROW INC 1748 MAIN ST ESCALON, CA  95320-1927","5","1987","23627 CALABASAS RD","CALABASAS","19","91302","545 E JOHN CARPENTER FWY, STE 1400","IRVING","75062","TX"
"650855","PEND ACTIVE","41 | 0","09/20/2023","08/31/2024","DBA: HOUSE OF PITA, THE                        AZUCAR RESTAURANTS LLC                         140 MAIN ST,                         MURPHYS, CA  95247","","41-543902","7","OLD REPUBLIC TITLE 1000 BURNETT AVE STE 400 CONCORD, CA  94520-2088","29","0500","140 MAIN ST","MURPHYS","05","95247","","","",""
"651003","PEND ACTIVE","09 | 1","09/21/2023","04/30/2024","DBA: 8 VINI, INC                        8 VINI, INC.                         999 CANAL BLVD,                         RICHMOND, CA  94804","999 CANAL BLVD                              RICHMOND, CA  94804","17-562748","","","22","0709","999 CANAL BLVD","RICHMOND","07","94804","999 CANAL BLVD","RICHMOND","94804","CA"
"651003","PEND ACTIVE","12 | 1","09/21/2023","04/30/2024","DBA: 8 VINI, INC                        8 VINI, INC.                         999 CANAL BLVD,                         RICHMOND, CA  94804","999 CANAL BLVD                              RICHMOND, CA  94804","18-562748","","","22","0709","999 CANAL BLVD","RICHMOND","07","94804","999 CANAL BLVD","RICHMOND","94804","CA"
"651003","PEND ACTIVE","17 | 1","09/21/2023","04/30/2024","DBA: 8 VINI, INC                        8 VINI, INC.                         999 CANAL BLVD,                         RICHMOND, CA  94804","999 CANAL BLVD                              RICHMOND, CA  94804","17-562748","","","22","0709","999 CANAL BLVD","RICHMOND","07","94804","999 CANAL BLVD","RICHMOND","94804","CA"
"651003","PEND ACTIVE","18 | 1","09/21/2023","04/30/2024","DBA: 8 VINI, INC                        8 VINI, INC.                         999 CANAL BLVD,                         RICHMOND, CA  94804","999 CANAL BLVD                              RICHMOND, CA  94804","18-562748","","","22","0709","999 CANAL BLVD","RICHMOND","07","94804","999 CANAL BLVD","RICHMOND","94804","CA"
"651398","PEND ACTIVE","41 | 0","10/09/2023","09/30/2024","DBA: KING'S BUFFET                        MELVIN'S AUTHENTIC SEAFOOD INC                          2661 E FLORENCE AVE, STE D,                         HUNTINGTON PARK, CA  90255-4793","","41-422430","7","GLEN OAKS ESCROW 8447 WILSHIRE BLVD STE 450 BEVERLY HILLS, CA  90211","2","1925","2661 E FLORENCE AVE, STE D","HUNTINGTON PARK","19","90255","","","",""
"651623","PEND ACTIVE","41 | 0","09/20/2023","07/31/2024","DBA: ANTONIOS MEX-EXPRESS                        GOMEZ, RANDY ROJAS                         605 W HERNDON AVE, STE 100,                         CLOVIS, CA  93612-0192","","41-583275","","","21","1001","605 W HERNDON AVE, STE 100","CLOVIS","10","93612","","","",""
"651942","PEND ACTIVE","28 | 0","09/20/2023","06/30/2024","ZANCUDO SPIRITS S.A. DE C.V.                         BARRIO LA CANDELARIA SN, CAMINO AGUILA,                         SAN DIONISIO OCOTEPEC, OAXACA 70495, MEXICO","","","","","75","9999","BARRIO LA CANDELARIA SN, CAMINO AGUILA","","","","","","",""
"651946","PEND ACTIVE","28 | 0","09/20/2023","06/30/2024","DREAM SPIRITS INC                         12963 GOLDEN MEADOW CT,                         FAIRFAX, VA  22033","","","","","75","9999","12963 GOLDEN MEADOW CT","FAIRFAX","","22033","","","",""
"652119","PEND WITHDRAWN","21 | 0","","","DBA: SNAP HOLDINGS GROUP LLC                        SNAP HOLDINGS GROUP LLC                         33541 DEL OBISPO ST,                         DANA POINT, CA  92629-1503","16500 BAKE PKWY                              IRVINE, CA  92618-5602","629124","","SUPREME ESCROW INC 3701 WILSHIRE BLVD STE 535 LOS ANGELES, CA  90010","11","3028","33541 DEL OBISPO ST","DANA POINT","30","92629","16500 BAKE PKWY","IRVINE","92618","CA"
"652125","PEND WITHDRAWN","21 | 0","","","CHEVRON STATIONS INC                         ,","6001 BOLLINGER CANYON RD, D2200                              SAN RAMON, CA  94583","","","","10","","","","","","6001 BOLLINGER CANYON RD, D2200","SAN RAMON","94583","CA"
"652130","PEND WITHDRAWN","21 | 0","","","CHAHAL, HARDIP                         ,","132 ALICANTE CT                              ROSEVILLE, CA  95747-8379","","","","29","","","","","","132 ALICANTE CT","ROSEVILLE","95747","CA"
"652136","PEND WITHDRAWN","21 | 0","","","CHEVRON STATIONS INC                         ,","6001 BOLLINGER CANYON RD, D2200                              SAN RAMON, CA  94583","","","","23","","","","","","6001 BOLLINGER CANYON RD, D2200","SAN RAMON","94583","CA"
"652145","PEND WITHDRAWN","47 | 0","","","RUFF HOUSE HOSPITALITY, INC                         ,","1390 FLYNN RD, STE H                              CAMARILLO, CA  93012","","","","12","","","","","","1390 FLYNN RD, STE H","CAMARILLO","93012","CA"
"652151","PEND WITHDRAWN","47 | 0","","","COYOTE SUNSHINE LLC                         ,","804 READING ST, STE B                              FOLSOM, CA  95630-3217","","","","23","","","","","","804 READING ST, STE B","FOLSOM","95630","CA"
"652152","PEND WITHDRAWN","47 | 0","","","HOG ISLAND OYSTER COMPANY, INC.                         ,","PO BOX 829                              MARSHALL, CA  94940-0829","","","","27","","","","","","PO BOX 829","MARSHALL","94940","CA"
"652179","PEND WITHDRAWN","21 | 0","","","AU ENERGY LLC                         ,","41805 ALBRAE ST, 2ND FL                              FREMONT, CA  94538-3120","","","","23","","","","","","41805 ALBRAE ST, 2ND FL","FREMONT","94538","CA"
"652189","PEND WITHDRAWN","47 | 0","","","SACHDEVA, DHEERAJ                         ,","214 SILVER SPUR CT                              FOLSOM, CA  95630","","","","23","","","","","","214 SILVER SPUR CT","FOLSOM","95630","CA"
"652194","PEND WITHDRAWN","47 | 0","","","BIRRERIA OCHOA'S, INC                         ,","2931 HOWE AVE                              SACRAMENTO, CA  95821","","","","23","","","","","","2931 HOWE AVE","SACRAMENTO","95821","CA"
"652221","PEND WITHDRAWN","21 | 0","","","SINGH, MANJIT                         ,","5109 COPPER SUNSET WAY                              RANCHO CORDOVA, CA  95742","","","","23","","","","","","5109 COPPER SUNSET WAY","RANCHO CORDOVA","95742","CA"
"652232","PEND WITHDRAWN","47 | 0","","","RHCP FOLSOM LLC                         ,","34794 WILLIAMS WAY                              UNION CITY, CA  94587","","","","23","","","","","","34794 WILLIAMS WAY","UNION CITY","94587","CA"
"652234","PEND WITHDRAWN","47 | 0","","","DEMUTH, GREGORY J                         ,","445 CLIPPER CREEK RD                              AUBURN, CA  95603","","","","27","","","","","","445 CLIPPER CREEK RD","AUBURN","95603","CA"
"652236","PEND WITHDRAWN","21 | 0","","","BADWAL, DAVINDER SINGH                         ,","2301 SUNSET BLVD, APT 1415                              ROCKLIN, CA  95765","","","","23","","","","","","2301 SUNSET BLVD, APT 1415","ROCKLIN","95765","CA"
"652240","PEND WITHDRAWN","21 | 0","","","BAJWA, MANROOP                         ,","599 HILLSWICK CIR                              FOLSOM, CA  95630","","","","23","","","","","","599 HILLSWICK CIR","FOLSOM","95630","CA"
"652241","PEND WITHDRAWN","47 | 0","","","UDASIN NAPA, INC                         ,","PO BOX 1366                              BENICIA, CA  94510","","","","27","","","","","","PO BOX 1366","BENICIA","94510","CA"
"652244","PEND WITHDRAWN","21 | 0","","","BADWAL, DAVINDER SINGH                         ,","2301 SUNSET BLVD, APT 1415                              ROCKLIN, CA  95765","","","","23","","","","","","2301 SUNSET BLVD, APT 1415","ROCKLIN","95765","CA"
"652247","PEND WITHDRAWN","21 | 0","","","BAJWA, MANROOP                         ,","599 HILLSWICK CIR                              FOLSOM, CA  95630","","","","23","","","","","","599 HILLSWICK CIR","FOLSOM","95630","CA"