"License Number","Status Changed From/To","Type| Dup","Original Issue Date","Expir. Date","Primary Owner and Premises Addr.","Mailing Addr.","Transfer-From/To","Conditions","Escrow","District Code","Geo Code","Prem Street","City","County","Zip Code","Mailing Street","Mailing City","Mailing Zip Code","Mailing State"
"20715","ACTIVE CANCEL","50 | 0","01/13/1938","05/31/2023","BELLEVUE CLUB THE                         525 BELLEVUE AVE,                         OAKLAND, CA  94610","","","","","22","0109","525 BELLEVUE AVE","OAKLAND","01","94610","","","",""
"228961","ACTIVE CANCEL","41 | 0","03/15/1989","01/31/2024","DBA: MARYS PIZZA SHACK                        MARYS PIZZA SHACK                         3084 MARLOW RD C,                         SANTA ROSA, CA  95403-2427","19327 HWY 12, STE 200                              SONOMA, CA  95476-5482","","","","27","4904","3084 MARLOW RD C","SANTA ROSA","49","95403","19327 HWY 12, STE 200","SONOMA","95476","CA"
"322811","AUTREV ACTIVE","20 | 0","01/02/1997","03/31/2024","DBA: CAMP FAR WEST LAKE                        HOLLIS, GARY D                         8176 CAMP FAR WEST RD,                         WHEATLAND, CA  95692","","20-282644","","","23","5800","8176 CAMP FAR WEST RD","WHEATLAND","58","95692","","","",""
"322811","AUTREV ACTIVE","20 | 0","01/02/1997","03/31/2024","DBA: CAMP FAR WEST LAKE                        HOLLIS, GARY D                         8176 CAMP FAR WEST RD,                         WHEATLAND, CA  95692","","20-282644","","","23","5800","8176 CAMP FAR WEST RD","WHEATLAND","58","95692","","","",""
"377034","PEND CANCEL","41 | 0","06/26/2001","05/31/2024","DBA: TAQUERIA LOS GORDOS                        ANGULO, JESUS TORRES                         7488 SOQUEL DR,                         APTOS, CA  95003","","","7","","26","4400","7488 SOQUEL DR","APTOS","44","95003","","","",""
"384521","PEND CANCEL","41 | 0","03/25/2002","02/29/2024","DBA: TACQUERIA ZORRO                        DUDUM, NORMAN ISHAQ                         308 COLUMBUS AVE,                         SAN FRANCISCO, CA  94133-3908","","41-331151/ 41-648874","","","24","3800","308 COLUMBUS AVE","SAN FRANCISCO","38","94133","","","",""
"410330","REVPEN ACTIVE","41 | 0","05/11/2004","04/30/2024","DBA: EL FARO RESTAURANT                        OLGUIN, ALFREDO                         82 1ST ST,                         SAN FRANCISCO, CA  94105","","41-329445","","","24","3800","82 1ST ST","SAN FRANCISCO","38","94105","","","",""
"410330","REVPEN ACTIVE","41 | 0","05/11/2004","04/30/2024","DBA: EL FARO RESTAURANT                        OLGUIN, ALFREDO                         82 1ST ST,                         SAN FRANCISCO, CA  94105","","41-329445","","","24","3800","82 1ST ST","SAN FRANCISCO","38","94105","","","",""
"429554","ACTIVE CANCEL","41 | 0","11/08/2005","10/31/2023","DBA: SAMS MEDITERRANEAN DELI & CAFE                        HOURANIA, SAMER                         613 MARTIN AVE,                         ROHNERT PARK, CA  94928-2000","","41-388728/ 41-645705","","","27","4907","613 MARTIN AVE","ROHNERT PARK","49","94928","","","",""
"506012","ACTIVE CANCEL","20 | 0","01/04/2011","12/31/2023","DBA: STAR MARKET                        CORREA RUVALCABA, ENRIQUE                         801 N ALMA AVE,                         LOS ANGELES, CA  90063-4001","","20-409869/ 20-647589","","","2","1900","801 N ALMA AVE","LOS ANGELES","19","90063","","","",""
"535057","AUTREV ACTIVE","41 | 0","09/19/2013","08/31/2024","DBA: FRESH BROTHERS                        GOLDEN ROAD FOOD SERVICES LLC                         8613 W SANTA MONICA BLVD,                         WEST HOLLYWOOD, CA  90069-4109","11120 HINDRY AVE, STE C                              LOS ANGELES, CA  90045-6295","","7","","4","1983","8613 W SANTA MONICA BLVD","WEST HOLLYWOOD","19","90069","11120 HINDRY AVE, STE C","LOS ANGELES","90045","CA"
"535057","AUTREV ACTIVE","41 | 0","09/19/2013","08/31/2024","DBA: FRESH BROTHERS                        GOLDEN ROAD FOOD SERVICES LLC                         8613 W SANTA MONICA BLVD,                         WEST HOLLYWOOD, CA  90069-4109","11120 HINDRY AVE, STE C                              LOS ANGELES, CA  90045-6295","","7","","4","1983","8613 W SANTA MONICA BLVD","WEST HOLLYWOOD","19","90069","11120 HINDRY AVE, STE C","LOS ANGELES","90045","CA"
"543317","ACTIVE CANCEL","47 | 1","09/22/2014","08/31/2023","DBA: BARN THE                        LEAL, FRANK PAUL                         6971 AIRLINE HWY,                         TRES PINOS, CA  95075","300 MARANATHA DR                              HOLLISTER, CA  95023","47-532089/ 47-647316","7","CHICAGO TITLE  330 TRES PINOS RD STE C2 HOLLISTER, CA  95023","26","3500","6971 AIRLINE HWY","TRES PINOS","35","95075","300 MARANATHA DR","HOLLISTER","95023","CA"
"543317","ACTIVE CANCEL","58 | 1","09/22/2014","08/31/2023","DBA: BARN THE                        LEAL, FRANK PAUL                         6971 AIRLINE HWY,                         TRES PINOS, CA  95075","300 MARANATHA DR                              HOLLISTER, CA  95023","47-532089/ 47-647316","7","CHICAGO TITLE  330 TRES PINOS RD STE C2 HOLLISTER, CA  95023","26","3500","6971 AIRLINE HWY","TRES PINOS","35","95075","300 MARANATHA DR","HOLLISTER","95023","CA"
"544374","PEND WITHDRAWN","47 | 0","","","DBA: SPEAKEASY                        NIRVANA ENTERPRISES INC                         128 AMERICAN ALLEY,                         PETALUMA, CA  94952-2973","","605164","7","CAPITAL CITY ESCROW 3838 WATT AVE #F610 SACRAMENTO, CA  95821","27","4903","128 AMERICAN ALLEY","PETALUMA","49","94952","","","",""
"544492","ACTIVE CANCEL","41 | 0","05/21/2015","04/30/2024","DBA: MISTURA                        LUNA, DANIEL ERNESTO                         3858 PIEDMONT AVE,                         OAKLAND, CA  94611-5353","","","7","","22","0109","3858 PIEDMONT AVE","OAKLAND","01","94611","","","",""
"552779","ACTIVE SUREND","20 | 0","04/22/2016","06/30/2024","DBA: 99 CENTS ONLY STORE #318                        99 CENTS ONLY STORES LLC                         12369 POWAY RD,                         POWAY, CA  92064-4218","4000 E UNION PACIFIC AVE                              CITY OF COMMERCE, CA  90023-3202","20-535825","7","","9","3716","12369 POWAY RD","POWAY","37","92064","4000 E UNION PACIFIC AVE","CITY OF COMMERCE","90023","CA"
"559149","ACTIVE CANCEL","41 | 0","09/11/2015","08/31/2023","DBA: TAJ OF MARIN NORTH & SOUTH INDIAN CUISINE                        DHANDA AND DYAL INC                         909 4TH ST,                         SAN RAFAEL, CA  94901-3103","3113 TWITCHELL ISLAND RD                              WEST SACRAMENTO, CA  95691-5894","41-521608","","FIDELITY NATIONAL TITLE COMPANY 1375 EXPOSITION BLVD STE 240 SACRAMENTO, CA  95815","27","2108","909 4TH ST","SAN RAFAEL","21","94901","3113 TWITCHELL ISLAND RD","WEST SACRAMENTO","95691","CA"
"570878","ACTIVE SUREND","47 | 0","09/27/2016","08/31/2024","DBA: W'S CHINA BISTRO                        QUALITATIOUS INC                         1410 S PACIFIC COAST HWY,                         REDONDO BEACH, CA  90277-5001","","47-404747","","","3","1946","1410 S PACIFIC COAST HWY","REDONDO BEACH","19","90277","","","",""
"580712","ACTIVE SUREND","41 | 0","05/03/2018","04/30/2024","DBA: TACO Y MARISCO EL RINCONCITOS                        CORTES CUEVAS, GUSTAVO                         2725 HIGHWAY 166,                         CUYAMA, CA  93254-9714","2725 HIGHWAY 166                              CUYAMA, CA  93254-9714","","","","13","4200","2725 HIGHWAY 166","CUYAMA","42","93254","2725 HIGHWAY 166","CUYAMA","93254","CA"
"583696","AUTREV ACTIVE","17 | 0","09/29/2017","08/31/2024","DBA: CONSECRATION WINE LLC                        CONSECRATION WINE, LLC                         849 JACKSON ST, STE 3,                         NAPA, CA  94559-1342","PO BOX 107                              MIDDLEBURG, FL  32050","","7","","27","2802","849 JACKSON ST, STE 3","NAPA","28","94559","PO BOX 107","MIDDLEBURG","32050","FL"
"583696","AUTREV ACTIVE","17 | 0","09/29/2017","08/31/2024","DBA: CONSECRATION WINE LLC                        CONSECRATION WINE, LLC                         849 JACKSON ST, STE 3,                         NAPA, CA  94559-1342","PO BOX 107                              MIDDLEBURG, FL  32050","","7","","27","2802","849 JACKSON ST, STE 3","NAPA","28","94559","PO BOX 107","MIDDLEBURG","32050","FL"
"583696","AUTREV ACTIVE","20 | 0","09/29/2017","08/31/2024","DBA: CONSECRATION WINE LLC                        CONSECRATION WINE, LLC                         849 JACKSON ST, STE 3,                         NAPA, CA  94559-1342","PO BOX 107                              MIDDLEBURG, FL  32050","","7,I","","27","2802","849 JACKSON ST, STE 3","NAPA","28","94559","PO BOX 107","MIDDLEBURG","32050","FL"
"583696","AUTREV ACTIVE","20 | 0","09/29/2017","08/31/2024","DBA: CONSECRATION WINE LLC                        CONSECRATION WINE, LLC                         849 JACKSON ST, STE 3,                         NAPA, CA  94559-1342","PO BOX 107                              MIDDLEBURG, FL  32050","","7,I","","27","2802","849 JACKSON ST, STE 3","NAPA","28","94559","PO BOX 107","MIDDLEBURG","32050","FL"
"589347","ACTIVE CANCEL","41 | 1","01/24/2018","12/31/2023","DBA: EL BUEN PASTOR TACOS Y MARISCOS                        VARGAS, BASILIA                         1440 WEEDPATCH HWY, STE B,                         BAKERSFIELD, CA  93307-9364","14411 RAPHAEL AVE                              BAKERSFIELD, CA  93306","","","","6","1500","1440 WEEDPATCH HWY, STE B","BAKERSFIELD","15","93307","14411 RAPHAEL AVE","BAKERSFIELD","93306","CA"
"589347","ACTIVE CANCEL","41 | 1","01/24/2018","12/31/2023","DBA: EL BUEN PASTOR TACOS Y MARISCOS                        VARGAS, BASILIA                         1440 WEEDPATCH HWY, STE B,                         BAKERSFIELD, CA  93307-9364","14411 RAPHAEL AVE                              BAKERSFIELD, CA  93306","","","","6","1500","1440 WEEDPATCH HWY, STE B","BAKERSFIELD","15","93307","14411 RAPHAEL AVE","BAKERSFIELD","93306","CA"
"589347","ACTIVE CANCEL","58 | 1","01/24/2018","12/31/2023","DBA: EL BUEN PASTOR TACOS Y MARISCOS                        VARGAS, BASILIA                         1440 WEEDPATCH HWY, STE B,                         BAKERSFIELD, CA  93307-9364","14411 RAPHAEL AVE                              BAKERSFIELD, CA  93306","","","","6","1500","1440 WEEDPATCH HWY, STE B","BAKERSFIELD","15","93307","14411 RAPHAEL AVE","BAKERSFIELD","93306","CA"
"589347","ACTIVE CANCEL","58 | 1","01/24/2018","12/31/2023","DBA: EL BUEN PASTOR TACOS Y MARISCOS                        VARGAS, BASILIA                         1440 WEEDPATCH HWY, STE B,                         BAKERSFIELD, CA  93307-9364","14411 RAPHAEL AVE                              BAKERSFIELD, CA  93306","","","","6","1500","1440 WEEDPATCH HWY, STE B","BAKERSFIELD","15","93307","14411 RAPHAEL AVE","BAKERSFIELD","93306","CA"
"590322","ACTIVE CANCEL","41 | 0","03/19/2018","02/29/2024","DBA: AY CARAMBA REAL MEXICAN FOOD LLC                        BARRERA, JUANITA                         17575 VIERRA CANYON RD,                         SALINAS, CA  93907-3311","17450 AVENIDA LOS ALTOS                              SALINAS, CA  93907-1576","","","","26","2708","17575 VIERRA CANYON RD","SALINAS","27","93907","17450 AVENIDA LOS ALTOS","SALINAS","93907","CA"
"591063","ACTIVE CANCEL","41 | 0","04/17/2018","03/31/2024","DBA: CHOCOLATE FISH COFFEE ROASTERS                        NZUS, CORP                         4749 FOLSOM BLVD,                         SACRAMENTO, CA  95819-4425","","","7","","23","3405","4749 FOLSOM BLVD","SACRAMENTO","34","95819","","","",""
"591306","ACTIVE CANCEL","21 | 0","10/12/2018","09/30/2023","DBA: MIDNIGHT WINE & SPIRITS                        MIDNIGHT LIQUOR & MARKET INC.                         3601 THORNTON AVE,                         FREMONT, CA  94536-7423","","21-542786/ 21-647072","","","22","0105","3601 THORNTON AVE","FREMONT","01","94536","","","",""
"595947","ACTIVE SUREND","41 | 0","10/03/2018","09/30/2023","DBA: JUST FOR YOU                        JUST FOR YOU CAFÉ, INC.                         732 22ND ST,                         SAN FRANCISCO, CA  94107-3424","","41-391543","8","","24","3800","732 22ND ST","SAN FRANCISCO","38","94107","","","",""
"602175","REVPEN CANCEL","41 | 0","02/11/2019","04/30/2023","DBA: J & R TACOS                        J&R TACOS, LLC                         437 W MAIN ST,                         MERCED, CA  95340","38 LUSK ST, APT 3                              SAN FRANCISCO, CA  94107-1745","41-434475","7","","29","2406","437 W MAIN ST","MERCED","24","95340","38 LUSK ST, APT 3","SAN FRANCISCO","94107","CA"
"602342","ACTIVE CANCEL","20 | 0","02/25/2019","01/31/2024","DBA: PANADERIA AZTECA                        GUTIERREZ, MARINA LORENZO                         349 WILLIAMS RD,                         SALINAS, CA  93905","1148 N SANBORN RD                              SALINAS, CA  93905","20-390114/ 20-648992","","FIRST AMERICAN TITLE COMPANY 1001 W TEHACHAPI BLVD STE B-300 TEHACHAPI, CA  93561","26","2708","349 WILLIAMS RD","SALINAS","27","93905","1148 N SANBORN RD","SALINAS","93905","CA"
"602429","ACTIVE SUREND","47 | 0","09/17/2019","08/31/2023","DBA: PENINSULA KITCHEN & BAR THE                        DPG NEWPORT LLC                         2406 NEWPORT BLVD,                         NEWPORT BEACH, CA  92663-3704","2603 MAIN ST, STE 1300                              C/O MICHAEL CHO, IRVINE, CA  92614-4281","47-537286","7","ADVANTAGE ONE ESCROW COMPANY 19671 BEACH BLVD STE 103 HUNTINGTON BEACH, CA  92648","11","3013","2406 NEWPORT BLVD","NEWPORT BEACH","30","92663","2603 MAIN ST, STE 1300","IRVINE","92614","CA"
"602429","ACTIVE SUREND","47 | 0","09/17/2019","08/31/2023","DBA: PENINSULA KITCHEN & BAR THE                        DPG NEWPORT LLC                         2406 NEWPORT BLVD,                         NEWPORT BEACH, CA  92663-3704","2603 MAIN ST, STE 1300                              C/O MICHAEL CHO, IRVINE, CA  92614-4281","47-537286","7","ADVANTAGE ONE ESCROW COMPANY 19671 BEACH BLVD STE 103 HUNTINGTON BEACH, CA  92648","11","3013","2406 NEWPORT BLVD","NEWPORT BEACH","30","92663","2603 MAIN ST, STE 1300","IRVINE","92614","CA"
"607595","ACTIVE CANCEL","41 | 0","09/13/2019","08/31/2023","DBA: TACOS WALNUT CREEK                        HERNANDEZ, ANGEL LEONEL                         1690 LOCUST ST,                         WALNUT CREEK, CA  94596-4136","","41-571684/ 41-648825","","BUSINESS ESCROW SERVICE CENTER 3031 TISCH WAY STE 310 SAN JOSE, CA  95128","22","0711","1690 LOCUST ST","WALNUT CREEK","07","94596","","","",""
"609398","SUSPEN ACTIVE","20 | 0","03/11/2020","02/29/2024","DBA: T&SONS SUNRISE MARKET                        OBAID, TALAL ALI HAMOOD                         1348 SUNRISE AVE,                         MODESTO, CA  95350","","20-257761","","CALIFORNIA BUSINESS ESCROW INC 1748 MAIN ST ESCALON, CA  95320-1927","29","5002","1348 SUNRISE AVE","MODESTO","50","95350","","","",""
"612127","AUTREV ACTIVE","82 | 0","11/27/2019","10/31/2023","DBA: IDIOTS GRACE                        MEMALOOSE LLC                         8450 HIGHWAY 30,                         MOSIER, OR  97040-0000","PO BOX 218                              MOSIER, OR  97040-0218","","","","75","9999","8450 HIGHWAY 30","MOSIER","","97040","PO BOX 218","MOSIER","97040","OR"
"612127","AUTREV ACTIVE","82 | 0","11/27/2019","10/31/2023","DBA: IDIOTS GRACE                        MEMALOOSE LLC                         8450 HIGHWAY 30,                         MOSIER, OR  97040-0000","PO BOX 218                              MOSIER, OR  97040-0218","","","","75","9999","8450 HIGHWAY 30","MOSIER","","97040","PO BOX 218","MOSIER","97040","OR"
"621416","ACTIVE CANCEL","41 | 0","01/27/2021","12/31/2023","DBA: EPIC WINGS                        HPLS CORPORATION                         1098 N STATE COLLEGE BLVD,                         ANAHEIM, CA  92806-2774","27192 NEWPORT RD, STE 2                              MENIFEE, CA  92584","","","","11","3001","1098 N STATE COLLEGE BLVD","ANAHEIM","30","92806","27192 NEWPORT RD, STE 2","MENIFEE","92584","CA"
"621543","REVPEN ACTIVE","41 | 0","05/20/2021","04/30/2024","DBA: MAYA THAI HOUSE                        TRAN & SAYJAI LLC                         3636 & 3656 SONOMA BLVD,                         VALLEJO, CA  94520-2946","3636 SONOMA BLVD                              VALLEJO, CA  94520","41-584859","","OLD REPUBLIC TITLE COMPANY 1000 BURNETT AVE STE 400 CONCORD, CA  94520-2088","22","4807","3636 & 3656 SONOMA BLVD","VALLEJO","48","94520","3636 SONOMA BLVD","VALLEJO","94520","CA"
"621543","REVPEN ACTIVE","41 | 0","05/20/2021","04/30/2024","DBA: MAYA THAI HOUSE                        TRAN & SAYJAI LLC                         3636 & 3656 SONOMA BLVD,                         VALLEJO, CA  94520-2946","3636 SONOMA BLVD                              VALLEJO, CA  94520","41-584859","","OLD REPUBLIC TITLE COMPANY 1000 BURNETT AVE STE 400 CONCORD, CA  94520-2088","22","4807","3636 & 3656 SONOMA BLVD","VALLEJO","48","94520","3636 SONOMA BLVD","VALLEJO","94520","CA"
"622945","ACTIVE CANCEL","02 | 0","07/20/2021","06/30/2024","DBA: REUNION WINE                        SIMMONS, TYLER REILLY                         84 INDUSTRIAL WAY , UNIT C,                         BUELLTON, CA  93427-9567","3911, SUNSET DR                              LOS ANGELES, CA  90027-4749","","","","13","4207","84 INDUSTRIAL WAY , UNIT C","BUELLTON","42","93427","3911, SUNSET DR","LOS ANGELES","90027","CA"
"626612","ACTIVE SUREND","47 | 0","09/21/2021","08/31/2024","DBA: HUMBLE SEA TAVERN                        HUMBLE SEA, INC                         6256 HWY 9,                         FELTON, CA  95018-9713","820 SWIFT ST, STE A                              SANTA CRUZ, CA  95060-5857","47-585345","","CALIFORNIA BUSINESS ESCROW 1748 MAIN ST ESCALON, CA  95320-1927","26","4400","6256 HWY 9","FELTON","44","95018","820 SWIFT ST, STE A","SANTA CRUZ","95060","CA"
"626612","ACTIVE CANCEL","23 | 0","09/21/2021","08/31/2023","DBA: HUMBLE SEA TAVERN                        HUMBLE SEA, INC                         6256 HWY 9,                         FELTON, CA  95018-9713","820 SWIFT ST, STE A                              SANTA CRUZ, CA  95060-5857","","","CALIFORNIA BUSINESS ESCROW 1748 MAIN ST ESCALON, CA  95320-1927","26","4400","6256 HWY 9","FELTON","44","95018","820 SWIFT ST, STE A","SANTA CRUZ","95060","CA"
"627232","ACTIVE CANCEL","02 | 0","11/22/2021","06/30/2024","DBA: JOLIE LAIDE WINES                        COLLECTIVE PERIL LLC                         202 HAYDON ST,                         HEALDSBURG, CA  95448-4410","PO BOX 2808                              SEBASTOPOL, CA  95473","02-610474/ 02-647067","","","27","4902","202 HAYDON ST","HEALDSBURG","49","95448","PO BOX 2808","SEBASTOPOL","95473","CA"
"632223","PEND ACTIVE","41 | 0","07/25/2023","06/30/2024","DBA: PHO MDR                        HUSANDHUS LLC                         2928 WASHINGTON BLVD,                         MARINA DEL REY, CA  90292-5547","","","7","","3","1900","2928 WASHINGTON BLVD","MARINA DEL REY","19","90292","","","",""
"632251","PEND WITHDRAWN","09 | 1","","","DBA: DELICATO FAMILY WINES                        DELICATO VINEYARDS, LLC                         12001 S HIGHWAY 99,                         MANTECA, CA  95336-8499","12001 S HIGHWAY 99                              MANTECA, CA  95336-8499","","","","29","3900","12001 S HIGHWAY 99","MANTECA","39","95336","12001 S HIGHWAY 99","MANTECA","95336","CA"
"632251","PEND WITHDRAWN","17 | 1","","","DBA: DELICATO FAMILY WINES                        DELICATO VINEYARDS, LLC                         12001 S HIGHWAY 99,                         MANTECA, CA  95336-8499","12001 S HIGHWAY 99                              MANTECA, CA  95336-8499","","","","29","3900","12001 S HIGHWAY 99","MANTECA","39","95336","12001 S HIGHWAY 99","MANTECA","95336","CA"
"634266","ACTIVE CANCEL","41 | 0","06/09/2022","05/31/2024","DBA: MARINA                        OSTERIA MARINA LLC                         841 CORDOVA ST,                         PASADENA, CA  91101-2675","","","7","","2","1943","841 CORDOVA ST","PASADENA","19","91101","","","",""
"635182","ACTIVE CANCEL","47 | 0","04/07/2022","03/31/2024","DBA: MARISCOS EL PULPO LOKO                         EL PULPO LOKO LLC                         1906 OCEANSIDE BLVD, STE B & C,                         OCEANSIDE, CA  92054-4484","1906 OCEANSIDE BLVD SUITE B                              OCEANSIDE, CA  92054","47-598076/ 47-646500","7","","9","3709","1906 OCEANSIDE BLVD, STE B & C","OCEANSIDE","37","92054","1906 OCEANSIDE BLVD SUITE B","OCEANSIDE","92054","CA"
"636171","ACTIVE CANCEL","42 | 0","06/10/2022","05/31/2024","DBA: VINICOLA VARGA                        VINICOLA VARGA LLC                         789 W HARBOR DR, #B2,                         SAN DIEGO, CA  92101-7710","","","7","","10","3710","789 W HARBOR DR, #B2","SAN DIEGO","37","92101","","","",""
"637505","PEND ACTIVE","21 | 0","07/26/2023","06/30/2024","DBA: GROCERY OUTLET                         GROCERY OUTLET INC                         27871 LA PAZ RD, STE B ,                         LAGUNA NIGUEL, CA  92677-3920","5650 HOLLIS ST                              EMERYVILLE, CA  94608-2597","21-284746","","CALIFORNIA BUSINESS ESCROW 1748 MAIN ST ESCALON, CA  95320-1927","11","3030","27871 LA PAZ RD, STE B","LAGUNA NIGUEL","30","92677","5650 HOLLIS ST","EMERYVILLE","94608","CA"
"639867","PEND ACTIVE","14 | 0","07/26/2023","06/30/2024","DBA: JET TRUCKING & LOGISTICS                        JET HAWAII FORWARDERS INC.                         2600 HOMESTEAD PL,                         COMPTON, CA  90220-5610","PO BOX 219                              ANAHOLA, HI  96703","","","","3","1912","2600 HOMESTEAD PL","COMPTON","19","90220","PO BOX 219","ANAHOLA","96703","HI"
"639996","PEND ACTIVE","41 | 0","07/25/2023","06/30/2024","DBA: DAVE'S HOT CHICKEN                        ELEVATED RESTAURANT GROUP LLC                         17400 HAWTHORNE BLVD,                         TORRANCE, CA  90504-3109","26400 LA ALAMEDA, STE 100                              MISSION VIEJO, CA  92691-6318","","7","","3","1958","17400 HAWTHORNE BLVD","TORRANCE","19","90504","26400 LA ALAMEDA, STE 100","MISSION VIEJO","92691","CA"
"640332","PEND ACTIVE","02 | 0","07/26/2023","06/30/2024","DBA: SHOP BY RENDEZ-VOUS WINERY, THE                        LA JOYA INVESTMENTS LLC                         2025 16TH ST,                         SACRAMENTO, CA  95818-1506","PO BOX 458                              CLARKSBURG, CA  95612","02-533309","7","","23","3405","2025 16TH ST","SACRAMENTO","34","95818","PO BOX 458","CLARKSBURG","95612","CA"
"640660","ACTIVE CANCEL","21 | 0","01/31/2023","12/31/2023","DBA: PK MARKET                        MEDINA BARAJAS, MIGUEL A                          4342 THORNTON AVE,                         FREMONT, CA  94536","","21-601219/ 21-649110","","BUSINESS & ESCROW SERVICE CENTER 3031 TISCH WAY #301 SAN JOSE, CA  95218","22","0105","4342 THORNTON AVE","FREMONT","01","94536","","","",""
"640961","PEND ACTIVE","42 | 0","07/25/2023","06/30/2024","DBA: FRENCHTOWN INN INC                        FRENCHTOWN INN INC                         9858 FRENCHTOWN-DOBBINS RD,                         OREGON HOUSE, CA  95962","PO BOX 108                              DOBBINS, CA  95935","","7","","23","5800","9858 FRENCHTOWN-DOBBINS RD","OREGON HOUSE","58","95962","PO BOX 108","DOBBINS","95935","CA"
"641920","PEND ACTIVE","48 | 0","07/25/2023","06/30/2024","DBA: SHIPWRECKED TIKI BAR                        UNIVERSITY OF BEER LLC                         217 G ST,                         DAVIS, CA  95616","3188 INDUSTRIAL BLVD                              WEST SACRAMENTO, CA  95691","","5,7","","23","5701","217 G ST","DAVIS","57","95616","3188 INDUSTRIAL BLVD","WEST SACRAMENTO","95691","CA"
"641961","PEND ACTIVE","47 | 0","07/25/2023","06/30/2024","DBA: CARPE DIEM                        CATAVINO, INC                         1001 2ND ST, STE 185 & 165,                         NAPA, CA  94559-3030","","","5,7","","27","2802","1001 2ND ST, STE 185 & 165","NAPA","28","94559","","","",""
"642682","PEND ACTIVE","21 | 0","07/26/2023","06/30/2024","DBA: FAST & EASY MART                        SHERALI GROCERY COMPANY INC.                         140 B ST, STE 1,                         DAVIS, CA  95616-4678","1629 ARENA DR                              DAVIS, CA  95618-6750","","5","","23","5701","140 B ST, STE 1","DAVIS","57","95616","1629 ARENA DR","DAVIS","95618","CA"
"642928","PEND ACTIVE","21 | 0","07/26/2023","06/30/2024","DBA: SAVE MART SUPERMARKETS 781                        LUCKY STORES (SAVE MART) LLC                          875 S TRACY BLVD,                         TRACY, CA  95376-4744","PO BOX 4664                              MODESTO, CA  95352-4664","21-449749","","","29","3906","875 S TRACY BLVD","TRACY","39","95376","PO BOX 4664","MODESTO","95352","CA"
"642928","PEND ACTIVE","86 | 0","07/26/2023","06/30/2024","DBA: SAVE MART SUPERMARKETS 781                        LUCKY STORES (SAVE MART) LLC                          875 S TRACY BLVD,                         TRACY, CA  95376-4744","PO BOX 4664                              MODESTO, CA  95352-4664","86-449749","","","29","3906","875 S TRACY BLVD","TRACY","39","95376","PO BOX 4664","MODESTO","95352","CA"
"643022","PEND ACTIVE","21 | 0","07/25/2023","06/30/2024","DBA: 99 CENTS ONLY STORE #318                        99 CENTS ONLY STORES LLC                         12369 POWAY RD,                         POWAY, CA  92064-4218","4000 E UNION PACIFIC AVE                              CITY OF COMMERCE, CA  90023-3202","","5","","9","3716","12369 POWAY RD","POWAY","37","92064","4000 E UNION PACIFIC AVE","CITY OF COMMERCE","90023","CA"
"643037","PEND ACTIVE","21 | 0","07/26/2023","06/30/2024","DBA: SAVE MART 12                        SAVE MART SUPERMARKETS LLC                         1431 W YOSEMITE AVE,                         MANTECA, CA  95337-5100","PO BOX 4664                              MODESTO, CA  95352-4664","21-220298","","","29","3903","1431 W YOSEMITE AVE","MANTECA","39","95337","PO BOX 4664","MODESTO","95352","CA"
"643048","PEND ACTIVE","21 | 0","07/26/2023","06/30/2024","DBA: SAVE MART 46                        SAVE MART SUPERMARKETS LLC                         260 S MAIN ST,                         ANGELS CAMP, CA  95222","PO BOX 4664                              MODESTO, CA  95352-4664","21-183810","","","29","0501","260 S MAIN ST","ANGELS CAMP","05","95222","PO BOX 4664","MODESTO","95352","CA"
"643050","PEND ACTIVE","21 | 0","07/26/2023","06/30/2024","DBA: SAVE MART 48                        SAVE MART SUPERMARKETS LLC                         1449 F ST,                         OAKDALE, CA  95361-9265","PO BOX 4664                              MODESTO, CA  95352-4664","21-204227","","","29","5004","1449 F ST","OAKDALE","50","95361","PO BOX 4664","MODESTO","95352","CA"
"643050","PEND ACTIVE","86 | 0","07/26/2023","06/30/2024","DBA: SAVE MART 48                        SAVE MART SUPERMARKETS LLC                         1449 F ST,                         OAKDALE, CA  95361-9265","PO BOX 4664                              MODESTO, CA  95352-4664","86-204227","","","29","5004","1449 F ST","OAKDALE","50","95361","PO BOX 4664","MODESTO","95352","CA"
"643052","PEND ACTIVE","21 | 0","07/26/2023","06/30/2024","DBA: SAVE MART 49                        SAVE MART SUPERMARKETS LLC                         2100 STANDIFORD AVE,                         MODESTO, CA  95350-6522","PO BOX 4664                              MODESTO, CA  95352-4664","21-197472","","","29","5002","2100 STANDIFORD AVE","MODESTO","50","95350","PO BOX 4664","MODESTO","95352","CA"
"643055","PEND ACTIVE","21 | 0","07/26/2023","06/30/2024","DBA: SAVE MART 66                        SAVE MART SUPERMARKETS LLC                         1631 LANDER AVE,                         TURLOCK, CA  95380-6200","PO BOX 4664                              MODESTO, CA  95352-4664","21-249757","","","29","5007","1631 LANDER AVE","TURLOCK","50","95380","PO BOX 4664","MODESTO","95352","CA"
"643057","PEND ACTIVE","86 | 0","07/26/2023","06/30/2024","DBA: SAVE MART 76                        SAVE MART SUPERMARKETS LLC                         1045 MONO WAY,                         SONORA, CA  95370-5282","PO BOX 4664                              MODESTO, CA  95352-4664","86-276713","","","29","5501","1045 MONO WAY","SONORA","55","95370","PO BOX 4664","MODESTO","95352","CA"
"643057","PEND ACTIVE","21 | 0","07/26/2023","06/30/2024","DBA: SAVE MART 76                        SAVE MART SUPERMARKETS LLC                         1045 MONO WAY,                         SONORA, CA  95370-5282","PO BOX 4664                              MODESTO, CA  95352-4664","21-276713","","","29","5501","1045 MONO WAY","SONORA","55","95370","PO BOX 4664","MODESTO","95352","CA"
"643058","PEND ACTIVE","21 | 0","07/26/2023","06/30/2024","DBA: SAVE MART SUPERMARKETS 82                        SAVE MART SUPERMARKETS LLC                         1035 SPERRY AVE,                         PATTERSON, CA  95363-9266","PO BOX 4664                              MODESTO, CA  95352-4664","21-368082","","","29","5005","1035 SPERRY AVE","PATTERSON","50","95363","PO BOX 4664","MODESTO","95352","CA"
"643061","PEND ACTIVE","21 | 0","07/26/2023","06/30/2024","DBA: SAVE MART 91                        SAVE MART SUPERMARKETS LLC                         7506 PACIFIC AVE,                         STOCKTON, CA  95207-1929","PO BOX 4664                              MODESTO, CA  95352-4664","21-401214","7","","29","3905","7506 PACIFIC AVE","STOCKTON","39","95207","PO BOX 4664","MODESTO","95352","CA"
"643063","PEND ACTIVE","21 | 0","07/26/2023","06/30/2024","DBA: SAVE MART 94                        SAVE MART SUPERMARKETS LLC                         15240 S HARLAN RD,                         LATHROP, CA  95330-9754","PO BOX 4664                              MODESTO, CA  95352-4664","21-428680","","","29","3907","15240 S HARLAN RD","LATHROP","39","95330","PO BOX 4664","MODESTO","95352","CA"
"643063","PEND ACTIVE","86 | 0","07/26/2023","06/30/2024","DBA: SAVE MART 94                        SAVE MART SUPERMARKETS LLC                         15240 S HARLAN RD,                         LATHROP, CA  95330-9754","PO BOX 4664                              MODESTO, CA  95352-4664","86-428680","","","29","3907","15240 S HARLAN RD","LATHROP","39","95330","PO BOX 4664","MODESTO","95352","CA"
"643065","PEND ACTIVE","21 | 0","07/26/2023","06/30/2024","DBA: SAVE MART 95                        SAVE MART SUPERMARKETS LLC                         3601 PELANDALE AVE,                         MODESTO, CA  95356","PO BOX 4664                              MODESTO, CA  95352-4664","21-484774","","","29","5002","3601 PELANDALE AVE","MODESTO","50","95356","PO BOX 4664","MODESTO","95352","CA"
"643065","PEND ACTIVE","86 | 0","07/26/2023","06/30/2024","DBA: SAVE MART 95                        SAVE MART SUPERMARKETS LLC                         3601 PELANDALE AVE,                         MODESTO, CA  95356","PO BOX 4664                              MODESTO, CA  95352-4664","86-484774","","","29","5002","3601 PELANDALE AVE","MODESTO","50","95356","PO BOX 4664","MODESTO","95352","CA"
"643066","PEND ACTIVE","21 | 0","07/26/2023","06/30/2024","DBA: SAVE MART 100                        SAVE MART SUPERMARKETS LLC                         1453 GOODWIN DR,                         RIPON, CA  95366-9469","PO BOX 4664                              MODESTO, CA  95352-4664","21-449484","","","29","3904","1453 GOODWIN DR","RIPON","39","95366","PO BOX 4664","MODESTO","95352","CA"
"643066","PEND ACTIVE","86 | 0","07/26/2023","06/30/2024","DBA: SAVE MART 100                        SAVE MART SUPERMARKETS LLC                         1453 GOODWIN DR,                         RIPON, CA  95366-9469","PO BOX 4664                              MODESTO, CA  95352-4664","86-449484","","","29","3904","1453 GOODWIN DR","RIPON","39","95366","PO BOX 4664","MODESTO","95352","CA"
"643069","PEND ACTIVE","21 | 0","07/26/2023","06/30/2024","DBA: SAVE MART 105                        SAVE MART SUPERMARKETS LLC                         2237 CLARIBEL RD,                         RIVERBANK, CA  95367-9437","PO BOX 4664                              MODESTO, CA  95352-4664","21-462542","","","29","5006","2237 CLARIBEL RD","RIVERBANK","50","95367","PO BOX 4664","MODESTO","95352","CA"
"643069","PEND ACTIVE","86 | 0","07/26/2023","06/30/2024","DBA: SAVE MART 105                        SAVE MART SUPERMARKETS LLC                         2237 CLARIBEL RD,                         RIVERBANK, CA  95367-9437","PO BOX 4664                              MODESTO, CA  95352-4664","86-462542","","","29","5006","2237 CLARIBEL RD","RIVERBANK","50","95367","PO BOX 4664","MODESTO","95352","CA"
"643071","PEND ACTIVE","21 | 0","07/26/2023","06/30/2024","DBA: MAXX VALUE FOODS #250                        SAVE MART SUPERMARKETS LLC                         415 PARADISE RD,                         MODESTO, CA  95351-3104","PO BOX 4664                              MODESTO, CA  95352-4664","21-343678","7","","29","5002","415 PARADISE RD","MODESTO","50","95351","PO BOX 4664","MODESTO","95352","CA"
"643073","PEND ACTIVE","21 | 0","07/26/2023","06/30/2024","DBA: SAVE MART 334                        SAVE MART SUPERMARKETS LLC                         3215 PACIFIC AVE,                         STOCKTON, CA  95204-3641","PO BOX 4664                              MODESTO, CA  95352-4664","21-331696","","","29","3905","3215 PACIFIC AVE","STOCKTON","39","95204","PO BOX 4664","MODESTO","95352","CA"
"643075","PEND ACTIVE","21 | 0","07/26/2023","06/30/2024","DBA: SAVE MART 371                        SAVE MART SUPERMARKETS LLC                         2595 GEER RD,                         TURLOCK, CA  95382-1402","PO BOX 4664                              MODESTO, CA  95352-4664","21-331690","","","29","5007","2595 GEER RD","TURLOCK","50","95382","PO BOX 4664","MODESTO","95352","CA"
"643078","PEND ACTIVE","21 | 0","07/26/2023","06/30/2024","DBA: FOOD MAXX 407                        SAVE MART SUPERMARKETS LLC                         1845 COUNTRYSIDE DR,                         TURLOCK, CA  95380-9529","PO BOX 4664                              MODESTO, CA  95352-4664","21-310893","","","29","5007","1845 COUNTRYSIDE DR","TURLOCK","50","95380","PO BOX 4664","MODESTO","95352","CA"
"643079","PEND ACTIVE","21 | 0","07/26/2023","06/30/2024","DBA: FOOD MAXX 410                        SAVE MART SUPERMARKETS LLC                         2020 W BRIGGSMORE AVE ,                         MODESTO, CA  95350-3791","PO BOX 4664                              MODESTO, CA  95352-4664","21-317786","","","29","5002","2020 W BRIGGSMORE AVE","MODESTO","50","95350","PO BOX 4664","MODESTO","95352","CA"
"643082","PEND ACTIVE","21 | 0","07/26/2023","06/30/2024","DBA: FOOD MAXX 447                        SAVE MART SUPERMARKETS LLC                         610 W KETTLEMAN LN,                         LODI, CA  95240-6050","PO BOX 4664                              MODESTO, CA  95352-4664","21-230189","","","29","3902","610 W KETTLEMAN LN","LODI","39","95240","PO BOX 4664","MODESTO","95352","CA"
"643085","PEND ACTIVE","21 | 0","07/26/2023","06/30/2024","DBA: FOOD MAXX #490                        SAVE MART SUPERMARKETS LLC                         1950 W 11TH ST,                         TRACY, CA  95376-3738","PO BOX 4664                              MODESTO, CA  95352-4664","21-396721","","","29","3906","1950 W 11TH ST","TRACY","39","95376","PO BOX 4664","MODESTO","95352","CA"
"643087","PEND ACTIVE","21 | 0","07/26/2023","06/30/2024","DBA: SAVE MART #631                        SAVE MART SUPERMARKETS LLC                         1400 S MERCEY SPRINGS RD,                         LOS BANOS, CA  93635","PO BOX 4664                              MODESTO, CA  95352-4664","21-571268","","","29","2405","1400 S MERCEY SPRINGS RD","LOS BANOS","24","93635","PO BOX 4664","MODESTO","95352","CA"
"643087","PEND ACTIVE","86 | 0","07/26/2023","06/30/2024","DBA: SAVE MART #631                        SAVE MART SUPERMARKETS LLC                         1400 S MERCEY SPRINGS RD,                         LOS BANOS, CA  93635","PO BOX 4664                              MODESTO, CA  95352-4664","86-571268","","","29","2405","1400 S MERCEY SPRINGS RD","LOS BANOS","24","93635","PO BOX 4664","MODESTO","95352","CA"
"643089","PEND ACTIVE","21 | 0","07/26/2023","06/30/2024","DBA: SAVE MART 635                        SAVE MART SUPERMARKETS LLC                         2920 E WHITMORE AVE,                         CERES, CA  95307","PO BOX 4664                              MODESTO, CA  95352-4664","21-572556","","","29","5001","2920 E WHITMORE AVE","CERES","50","95307","PO BOX 4664","MODESTO","95352","CA"
"643089","PEND ACTIVE","86 | 0","07/26/2023","06/30/2024","DBA: SAVE MART 635                        SAVE MART SUPERMARKETS LLC                         2920 E WHITMORE AVE,                         CERES, CA  95307","PO BOX 4664                              MODESTO, CA  95352-4664","86-572556","","","29","5001","2920 E WHITMORE AVE","CERES","50","95307","PO BOX 4664","MODESTO","95352","CA"
"643331","ACTIVE R64B","58 | 1","07/26/2023","06/30/2024","DBA: CAVCAS RESTAURANT                        CAVCAS, LLC                         345 N CANON DR,                         BEVERLY HILLS, CA  90210-4704","","47-583615","7","ABC ESCROW 2222 DAMON STREET  LOS ANGELES, CA  90021","4","1908","345 N CANON DR","BEVERLY HILLS","19","90210","","","",""
"643331","ACTIVE R64B","47 | 1","07/26/2023","06/30/2024","DBA: CAVCAS RESTAURANT                        CAVCAS, LLC                         345 N CANON DR,                         BEVERLY HILLS, CA  90210-4704","","47-583615","7","ABC ESCROW 2222 DAMON STREET  LOS ANGELES, CA  90021","4","1908","345 N CANON DR","BEVERLY HILLS","19","90210","","","",""
"645053","PEND ACTIVE","41 | 0","07/25/2023","06/30/2024","DBA: EL MICHOACANO                        ALVAREZ, SIMON                         7315 PACIFIC BLVD,                         HUNTINGTON PARK, CA  90255-5736","","","7","","2","1925","7315 PACIFIC BLVD","HUNTINGTON PARK","19","90255","","","",""
"645160","PEND ACTIVE","68 | 2","07/26/2023","06/30/2024","DBA: HOLBROOK HOUSE                        PLEASE FIDI LLC                         1 SANSOME ST,                         SAN FRANCISCO, CA  94104-4448","1 SANSOME ST, 20TH FL                              SAN FRANCISCO, CA  94104-4406","47-452206","","CRESCENT LAND TITLE COMPANY 890 3RD ST CRESCENT CITY, CA  95531","24","3800","1 SANSOME ST","SAN FRANCISCO","38","94104","1 SANSOME ST, 20TH FL","SAN FRANCISCO","94104","CA"
"645160","PEND ACTIVE","58 | 2","07/26/2023","06/30/2024","DBA: HOLBROOK HOUSE                        PLEASE FIDI LLC                         1 SANSOME ST,                         SAN FRANCISCO, CA  94104-4448","1 SANSOME ST, 20TH FL                              SAN FRANCISCO, CA  94104-4406","47-452206","","CRESCENT LAND TITLE COMPANY 890 3RD ST CRESCENT CITY, CA  95531","24","3800","1 SANSOME ST","SAN FRANCISCO","38","94104","1 SANSOME ST, 20TH FL","SAN FRANCISCO","94104","CA"
"645160","PEND ACTIVE","47 | 2","07/26/2023","06/30/2024","DBA: HOLBROOK HOUSE                        PLEASE FIDI LLC                         1 SANSOME ST,                         SAN FRANCISCO, CA  94104-4448","1 SANSOME ST, 20TH FL                              SAN FRANCISCO, CA  94104-4406","47-452206","","CRESCENT LAND TITLE COMPANY 890 3RD ST CRESCENT CITY, CA  95531","24","3800","1 SANSOME ST","SAN FRANCISCO","38","94104","1 SANSOME ST, 20TH FL","SAN FRANCISCO","94104","CA"
"645705","PEND ACTIVE","41 | 0","07/25/2023","10/31/2024","DBA: SAMS MEDITERRANEAN DELI & CAFE                        SAM'S MEDITERRANEAN CATERING LLC                         613 MARTIN AVE,                         ROHNERT PARK, CA  94928-2000","2660 SILVER STONE LN                              SANTA ROSA, CA  95407-5037","41-429554","8","","27","4907","613 MARTIN AVE","ROHNERT PARK","49","94928","2660 SILVER STONE LN","SANTA ROSA","95407","CA"
"646190","PEND ACTIVE","41 | 0","07/25/2023","06/30/2024","DBA: HUNTERS OF HENDRIX                        DEVILS LAIR LLC                         10045 CARROLL CANYON RD, STE C,                         SAN DIEGO, CA  92131-1170","9984 SCRIPPS RANCH BLVD, PMB 114                              SAN DIEGO, CA  92131-1825","","7","","9","3710","10045 CARROLL CANYON RD, STE C","SAN DIEGO","37","92131","9984 SCRIPPS RANCH BLVD, PMB 114","SAN DIEGO","92131","CA"
"646500","PEND ACTIVE","47 | 0","07/25/2023","06/30/2024","DBA: EVAGA                         MI BARRA OSIDE LLC                         1906 OCEANSIDE BLVD, STE B & C,                         OCEANSIDE, CA  92054-4484","1547 SARAN CT                              OCEANSIDE, CA  92083","47-635182","7","HERITAGE ESCROW COMPANY THE 2550 FIFTH AVE  STE 800  SAN DIEGO, CA  92103","9","3709","1906 OCEANSIDE BLVD, STE B & C","OCEANSIDE","37","92054","1547 SARAN CT","OCEANSIDE","92083","CA"
"646623","PEND ACTIVE","41 | 0","07/25/2023","06/30/2024","DBA: HIMALAYAN BISTRO                        HIMALAYAN BISTRO INC                         4225 OCEANSIDE BLVD, STE W,                         OCEANSIDE, CA  92056-3474","11410 ANN ARBOR LN                              SAN DIEGO, CA  92131","","7","","9","3709","4225 OCEANSIDE BLVD, STE W","OCEANSIDE","37","92056","11410 ANN ARBOR LN","SAN DIEGO","92131","CA"
"646665","PEND ACTIVE","47 | 0","07/25/2023","06/30/2024","DBA: SHOR - HUNTINGTON BEACH                        HYATT CORPORATION                         21529 PACIFIC COAST HWY,                         HUNTINGTON BEACH, CA  92648-5391","317 E CARSON ST, STE 333                              C/O FLAHERTY & O'HARA, PITTSBURGH, PA  15219","","7,A","","11","3010","21529 PACIFIC COAST HWY","HUNTINGTON BEACH","30","92648","317 E CARSON ST, STE 333","PITTSBURGH","15219","PA"
"646701","PEND ACTIVE","02 | 0","07/26/2023","06/30/2024","2 BEARS WINE, INC.                         5573 W WOODBRIDGE RD,                         LODI, CA  95242-9497","370 GROVE ST                              NEEDHAM, MA  02492","","","","29","3900","5573 W WOODBRIDGE RD","LODI","39","95242","370 GROVE ST","NEEDHAM","02492","MA"
"647067","PEND ACTIVE","02 | 0","07/25/2023","06/30/2024","DBA: JOLIE LAIDE WINES                        COLLECTIVE PERIL LLC                         21684 8TH ST E, STE 400,                         SONOMA, CA  95476-2816","PO BOX 2808                              SEBASTOPOL, CA  95473","02-627232","","","27","4900","21684 8TH ST E, STE 400","SONOMA","49","95476","PO BOX 2808","SEBASTOPOL","95473","CA"
"647072","PEND ACTIVE","21 | 0","07/25/2023","06/30/2024","DBA: MIDNIGHT LIQUORS                        GREAT KHAN LLC                         3601 THORNTON AVE,                         FREMONT, CA  94536-7423","","21-591306","","BUSINESS & COMMERICAL SERVICE CENTER 3031 TISCH WY STE 310 SAN JOSE, CA  95128","22","0105","3601 THORNTON AVE","FREMONT","01","94536","","","",""
"647250","PEND ACTIVE","41 | 0","07/26/2023","06/30/2024","SHARMAMC43 LLC                         5622 FREEPORT BLVD,                         SACRAMENTO, CA  95822","","41-421993","","","23","3405","5622 FREEPORT BLVD","SACRAMENTO","34","95822","","","",""
"647316","PEND ACTIVE","47 | 1","07/25/2023","06/30/2024","DBA: BARN, THE                        TRES PINOS EVENT CENTER INC                         6971 AIRLINE HWY,                         TRES PINOS, CA  95075","","47-543317","7","","26","3500","6971 AIRLINE HWY","TRES PINOS","35","95075","","","",""
"647316","PEND ACTIVE","58 | 1","07/25/2023","06/30/2024","DBA: BARN, THE                        TRES PINOS EVENT CENTER INC                         6971 AIRLINE HWY,                         TRES PINOS, CA  95075","","47-543317","7","","26","3500","6971 AIRLINE HWY","TRES PINOS","35","95075","","","",""
"647497","PEND ACTIVE","02 | 0","07/25/2023","06/30/2024","DBA: REUNION WINE                        REUNION WINE LLC                         6701 FOXEN CANYON RD,                         LOS OLIVOS, CA  93441","3911 SUNSET DR                              LOS ANGELES, CA  90027-4749","02-622945","","","13","4200","6701 FOXEN CANYON RD","LOS OLIVOS","42","93441","3911 SUNSET DR","LOS ANGELES","90027","CA"
"647589","PEND ACTIVE","20 | 0","07/25/2023","06/30/2024","DBA: STAR MARKET                         ESTRELLITA MARKET LLC                          801 N ALMA AVE,                         LOS ANGELES, CA  90063-4001","","20-506012","","PACIFIC ESCROW INC 9155 E TELEGRAPH RD #100 PICO RIVERA, CA  90660","2","1900","801 N ALMA AVE","LOS ANGELES","19","90063","","","",""
"647699","PEND ACTIVE","41 | 0","07/25/2023","06/30/2024","DBA: FIJI SUMMER JAPANESE RESTAURANT                        MILLION KYU CORPORATION                          3858 PIEDMONT AVE,                         OAKLAND, CA  94611-5353","","41-544492","7","FIDELITY NATIONAL TITLE 2099 GATEWAY PLACE STE 500 SAN JOSE, CA  95110","22","0109","3858 PIEDMONT AVE","OAKLAND","01","94611","","","",""
"647721","PEND ACTIVE","47 | 0","07/26/2023","06/30/2024","DBA: WINCHESTER COUNTRY CLUB                        DUNCAN GOLF AT WINCHESTER, LLC                         3030 LEGENDS DR,                         MEADOW VISTA, CA  95722","1400 WOLF RUN RD                              RENO, NV  89511","47-596406/ 47-651093","7","CALIFORNIA BUSINESS ESCROW 1748 MAIN ST ESCALON, CA  95320-1927","23","3100","3030 LEGENDS DR","MEADOW VISTA","31","95722","1400 WOLF RUN RD","RENO","89511","NV"
"647920","PEND ACTIVE","47 | 0","07/26/2023","06/30/2024","DBA: SMOKE DOOR                        BOND CREATION USA LLC                         9980 N LAKE BLVD,                         KINGS BEACH, CA  96143","26 STATE HIGHWAY ROUTE 28, P.O. BOX #1176                              CRYSTAL BAY, NV  89402","47-583466","7","CAPITOL CITY ESCROW 3838 WATT AVE #F610 SACRAMENTO, CA  95821","23","3100","9980 N LAKE BLVD","KINGS BEACH","31","96143","26 STATE HIGHWAY ROUTE 28, P.O. BOX #1176","CRYSTAL BAY","89402","NV"
"648015","PEND ACTIVE","02 | 0","07/26/2023","06/30/2024","DBA: NEOTEMPO WINES                        FREEFORM VINES, LLC                         701 LOMMEL RD,                         CALISTOGA, CA  94515","1370 TRANCAS ST, STE 616                              NAPA, CA  94558-2912","","","","27","2800","701 LOMMEL RD","CALISTOGA","28","94515","1370 TRANCAS ST, STE 616","NAPA","94558","CA"
"648023","PEND ACTIVE","02 | 0","07/26/2023","06/30/2024","DBA: NEOTEMPO WINES                        FREEFORM VINES, LLC                         4220 SILVERADO TRL,                         NAPA, CA  94558-1117","1370 TRANCAS ST, STE 616                              NAPA, CA  94558-2912","","7","","27","2800","4220 SILVERADO TRL","NAPA","28","94558","1370 TRANCAS ST, STE 616","NAPA","94558","CA"
"648240","PEND ACTIVE","02 | 0","07/26/2023","06/30/2024","DBA: HAYLE                        HAYLE, INC.                         5573 W WOODBRIDGE RD,                         LODI, CA  95242-9497","PO BOX 10724, ATTN:KRISTIN CARLTON                               NAPA, CA  94581-2724","","","","29","3900","5573 W WOODBRIDGE RD","LODI","39","95242","PO BOX 10724, ATTN:KRISTIN CARLTON","NAPA","94581","CA"
"648252","PEND ACTIVE","02 | 0","07/26/2023","06/30/2024","DBA: FIRSTLEAF                        PENROSE HILL, LIMITED                         5573 W WOODBRIDGE RD,                         LODI, CA  95242-9497","PO BOX 10724, ATTN:KRISTIN CARLTON                               NAPA, CA  94581-2724","","","","29","3900","5573 W WOODBRIDGE RD","LODI","39","95242","PO BOX 10724, ATTN:KRISTIN CARLTON","NAPA","94581","CA"
"648395","PEND ACTIVE","02 | 0","07/26/2023","06/30/2024","DBA: AGNES COVE                        AGNES COVE, LLC                         5573 W WOODBRIDGE RD,                         LODI, CA  95242-9497","PO BOX 10724, ATTN:KRISTIN CARLTON                               NAPA, CA  94581-2724","","","","29","3900","5573 W WOODBRIDGE RD","LODI","39","95242","PO BOX 10724, ATTN:KRISTIN CARLTON","NAPA","94581","CA"
"648401","PEND ACTIVE","02 | 0","07/26/2023","06/30/2024","DBA: IVES BAY                        IVES BAY, LLC                         5573 W WOODBRIDGE RD,                         LODI, CA  95242-9497","PO BOX 10724, ATTN:KRISTIN CARLTON                               NAPA, CA  94581-2724","","","","29","3900","5573 W WOODBRIDGE RD","LODI","39","95242","PO BOX 10724, ATTN:KRISTIN CARLTON","NAPA","94581","CA"
"648403","PEND ACTIVE","02 | 1","07/26/2023","06/30/2024","DBA: LONGROCK CREEK                        LONGROCK CREEK, LLC                         5573 W WOODBRIDGE RD,                         LODI, CA  95242-9497","PO BOX 10724, ATTN:KRISTIN CARLTON                               NAPA, CA  94581-2724","","","","29","3900","5573 W WOODBRIDGE RD","LODI","39","95242","PO BOX 10724, ATTN:KRISTIN CARLTON","NAPA","94581","CA"
"648403","PEND ACTIVE","09 | 1","07/26/2023","06/30/2024","DBA: LONGROCK CREEK                        LONGROCK CREEK, LLC                         5573 W WOODBRIDGE RD,                         LODI, CA  95242-9497","PO BOX 10724, ATTN:KRISTIN CARLTON                               NAPA, CA  94581-2724","","","","29","3900","5573 W WOODBRIDGE RD","LODI","39","95242","PO BOX 10724, ATTN:KRISTIN CARLTON","NAPA","94581","CA"
"648458","PEND ACTIVE","02 | 0","07/25/2023","06/30/2024","DBA: WOODHAWK VINEYARDS                        WOODHAWK LLC                         24505 CHIANTI RD,                         CLOVERDALE, CA  95425-9782","148 LASATA CT                              DANVILLE, CA  94526","","","","27","4900","24505 CHIANTI RD","CLOVERDALE","49","95425","148 LASATA CT","DANVILLE","94526","CA"
"648519","PEND ACTIVE","41 | 0","07/25/2023","06/30/2024","DBA: MARY'S PIZZA SHACK                        WILLIAMSON RESTAURANT GROUP, INC.                         3084 MARLOW RD C,                         SANTA ROSA, CA  95403-2427","101 GOLF COURSE DR, STE B                              ROHNERT PARK, CA  94928-1780","41-228961","","","27","4904","3084 MARLOW RD C","SANTA ROSA","49","95403","101 GOLF COURSE DR, STE B","ROHNERT PARK","94928","CA"
"648566","PEND ACTIVE","41 | 0","07/25/2023","06/30/2024","DBA: BAR LYNN                        AM HOSPITALITY LLC                         829 MERCHANT ST,                         VACAVILLE, CA  95688-6911","","","","","22","4806","829 MERCHANT ST","VACAVILLE","48","95688","","","",""
"648634","PEND WITHDRAWN","42 | 0","","","DBA: CALIFORNIA BEER SPA                        CALIFORNIA BEER SPA LLC                         1155 N FOWLER AVE, UNIT 300,                         CLOVIS, CA  93611-6677","2570 W WRENWOOD AVE                              FRESNO, CA  93711-2555","","","","21","1001","1155 N FOWLER AVE, UNIT 300","CLOVIS","10","93611","2570 W WRENWOOD AVE","FRESNO","93711","CA"
"648672","PEND ACTIVE","41 | 0","07/25/2023","02/29/2024","DBA: AY CARAMBA REAL MEXICAN FOOD LLC                        AY CARAMBA REAL MEXICAN FOOD LLC                         17575 VIERRA CANYON RD,                         SALINAS, CA  93907-3311","17450 AVENIDA LOS ALTOS                              SALINAS, CA  93907-1576","41-590322","","","26","2708","17575 VIERRA CANYON RD","SALINAS","27","93907","17450 AVENIDA LOS ALTOS","SALINAS","93907","CA"
"648825","PEND ACTIVE","41 | 0","07/25/2023","08/31/2024","DBA: TACOS WALNUT CREEK                        TACOS WALNUT  CREEK                         1690 LOCUST ST,                         WALNUT CREEK, CA  94596-4136","","41-607595","8","","22","0711","1690 LOCUST ST","WALNUT CREEK","07","94596","","","",""
"648874","PEND ACTIVE","41 | 0","07/25/2023","06/30/2024","DBA: TAQUERIA ZORRO                        MAKKATHA, INC.                         308 COLUMBUS AVE,                         SAN FRANCISCO, CA  94133-3908","","41-384521","","OLD REPUBLIC TITLE COMPANY 1000 BURNETT AVE #400 CONCORD, CA  94520","24","3800","308 COLUMBUS AVE","SAN FRANCISCO","38","94133","","","",""
"648889","PEND ACTIVE","70 | 0","07/25/2023","06/30/2024","DBA: HAMPTON/HOME2 SUITES MARCH AFB                         GREENS INV 2, LLC                          22440 VAN BUREN BLVD ,                         RIVERSIDE, CA  92518-2709","8815 RESEARCH DR                              IRVINE, CA  92618-4296","","","","7","3312","22440 VAN BUREN BLVD","RIVERSIDE","33","92518","8815 RESEARCH DR","IRVINE","92618","CA"
"648978","PEND ACTIVE","02 | 0","07/26/2023","06/30/2024","DBA: EVERYTHING IS OKAY                        RILEY, BOOKER THOMAS                         425 S 3RD ST,                         RICHMOND, CA  94804-2123","2153 15TH ST                              SAN FRANCISCO, CA  94114-1212","02-618584","","","22","0709","425 S 3RD ST","RICHMOND","07","94804","2153 15TH ST","SAN FRANCISCO","94114","CA"
"648992","PEND ACTIVE","20 | 0","07/25/2023","06/30/2024","DBA: TRES HERMANOS 5                        SUAREZ, CLARA AGUILAR                         349 WILLIAMS RD,                         SALINAS, CA  93905","","20-602342","","HERITAGE ESCROW 2550 5TH AVE STE 800 SAN DIEGO, CA  92103","26","2708","349 WILLIAMS RD","SALINAS","27","93905","","","",""
"649110","PEND ACTIVE","21 | 0","07/25/2023","12/31/2023","DBA: MEXI-CALI LIQUORS & MINI MART                        MEDINA BARAJAS INC.                         4342 THORNTON AVE,                         FREMONT, CA  94536","","21-640660","8","","22","0105","4342 THORNTON AVE","FREMONT","01","94536","","","",""
"649219","PEND ACTIVE","41 | 0","07/25/2023","06/30/2024","DBA: TAQUERIA LOS GORDOS LLC                        TAQUERIA LOS GORDOS LLC                         7488 SOQUEL DR,                         APTOS, CA  95003","","41-377034","7","","26","4400","7488 SOQUEL DR","APTOS","44","95003","","","",""
"649473","PEND ACTIVE","82 | 0","07/26/2023","06/30/2024","DBA: THE ORDINARY FELLOW                        THE ORDINARY FELLOW, LLC                         202 PEACH AVE,                         PALISADE, CO  81526","672 INDEPENDENCE VALLEY DRIVE                              GRAND JUNCTION, CO  81507","","","","75","9999","202 PEACH AVE","PALISADE","","81526","672 INDEPENDENCE VALLEY DRIVE","GRAND JUNCTION","81507","CO"
"650344","PEND ACTIVE","28 | 0","07/25/2023","06/30/2024","DBA: FORE CRAFT COCKTAILS                        FORE CANS LLC                         6101 THREE CHOPT ROAD,                         RICHMOND, VA  23226","","","","","75","9999","6101 THREE CHOPT ROAD","RICHMOND","","23226","","","",""
"650348","PEND ACTIVE","28 | 0","07/25/2023","06/30/2024","JOURNEYMAN DISTILLERY LLC                         109 GENERATIONS DR,                         THREE OAKS, MI  49128-1064","","","","","75","9999","109 GENERATIONS DR","THREE OAKS","","49128","","","",""
"650349","PEND ACTIVE","28 | 0","07/25/2023","06/30/2024","LETTERPRESS DISTILLING, LLC                         85 SOUTH ATLANTIC ST, STE 110,                         SEATTLE, WA  98134-1220","","","","","75","9999","85 SOUTH ATLANTIC ST, STE 110","SEATTLE","","98134","","","",""
"650351","PEND ACTIVE","28 | 0","07/25/2023","06/30/2024","COLD ZERO SPIRITS, LLC                         1875 SILVER MAPLE TRAIL,                         NORTH LIBERTY, IA  52317","","","","","75","9999","1875 SILVER MAPLE TRAIL","NORTH LIBERTY","","52317","","","",""
"650387","PEND WITHDRAWN","20 | 0","","","DBA: ACE MARKET                        SHANAYA ENTERPRISES INC.                         672 FAIRPLEX DR,                         POMONA, CA  91768-1100","","597944","7","TEAM ESCROW BP, INC 6025 BEACH BLVD BUENA PARK, CA  90621-2304","2","1945","672 FAIRPLEX DR","POMONA","19","91768","","","",""