"License Number","Status Changed From/To","Type| Dup","Original Issue Date","Expir. Date","Primary Owner and Premises Addr.","Mailing Addr.","Transfer-From/To","Conditions","Escrow","District Code","Geo Code","Prem Street","City","County","Zip Code","Mailing Street","Mailing City","Mailing Zip Code","Mailing State"
"252886","ACTIVE CANCEL","41 | 0","10/03/1991","12/31/2023","DBA: CHUCK E CHEESES 423                        CEC ENTERTAINMENT INC                         10949 FIRESTONE BLVD,                         NORWALK, CA  90650","1707 MARKET PLACE BLVD, STE 200                              C/O LICENSING DEPT , IRVING, TX  75063-8049","","7","","3","1940","10949 FIRESTONE BLVD","NORWALK","19","90650","1707 MARKET PLACE BLVD, STE 200","IRVING","75063","TX"
"340316","ACTIVE CANCEL","21 | 0","04/15/1998","03/31/2024","DBA: ORLANDO MARKET                        ALAZZANI, SALEH                         2940 LINDEN ST,                         OAKLAND, CA  94608","","21-63559/ 21-647398","","","22","0109","2940 LINDEN ST","OAKLAND","01","94608","","","",""
"342392","ACTIVE CANCEL","47 | 1","06/23/1998","03/31/2024","DBA: BITTER END BAR & GRILL THE                        ICE ROOM INC                         441 CLEMENT ST,                         SAN FRANCISCO, CA  94118-2317","","","","","24","3800","441 CLEMENT ST","SAN FRANCISCO","38","94118","","","",""
"342392","ACTIVE CANCEL","58 | 1","06/23/1998","03/31/2024","DBA: BITTER END BAR & GRILL THE                        ICE ROOM INC                         441 CLEMENT ST,                         SAN FRANCISCO, CA  94118-2317","","","","","24","3800","441 CLEMENT ST","SAN FRANCISCO","38","94118","","","",""
"387867","ACTIVE CANCEL","41 | 0","09/12/2002","08/31/2024","DBA: CHUCK E CHEESES                        CEC ENTERTAINMENT INC                         11231 183RD ST,                         CERRITOS, CA  90703","1707 MARKET PLACE BLVD, STE 200                              C/O LICENSING DEPT , IRVING, TX  75063-8049","","","","3","1915","11231 183RD ST","CERRITOS","19","90703","1707 MARKET PLACE BLVD, STE 200","IRVING","75063","TX"
"389767","ACTIVE CANCEL","41 | 0","08/30/2002","07/31/2024","DBA: CHUCK E CHEESES 364                        CEC ENTERTAINMENT INC                         7809 N BLACKSTONE AVE,                         FRESNO, CA  93720","1707 MARKET PLACE BLVD, STE 200                              C/O LICENSING DEPT , IRVING, TX  75063-8049","","","","21","1005","7809 N BLACKSTONE AVE","FRESNO","10","93720","1707 MARKET PLACE BLVD, STE 200","IRVING","75063","TX"
"424653","SUREND CANCEL","02 | 0","04/12/2005","06/30/2023","DBA: MIETZ CELLARS                        MIETZ, KEITH ALLAN                         1375 W DRY CREEK RD,                         HEALDSBURG, CA  95448","","","7","","27","4902","1375 W DRY CREEK RD","HEALDSBURG","49","95448","","","",""
"430328","ACTIVE CANCEL","41 | 0","12/27/2005","11/30/2023","DBA: CHUCK E CHEESES 634                        CEC ENTERTAINMENT INC                         2700 COLORADO BLVD,                         LOS ANGELES, CA  90041-1081","1707 MARKET PLACE BLVD, STE 200                              C/O LICENSING DEPT , IRVING, TX  75063-8049","","","","4","1933","2700 COLORADO BLVD","LOS ANGELES","19","90041","1707 MARKET PLACE BLVD, STE 200","IRVING","75063","TX"
"472332","SUREND CANCEL","20 | 0","10/28/2008","09/30/2023","DBA: POP MARKET                        BAHL, PREM KUMARI                         842 E MISSION RD, STE D,                         SAN GABRIEL, CA  91776-2761","5358 MOHAVE DR                              SIMI VALLEY, CA  93063","20-438423/ 20-648575","7","","2","1950","842 E MISSION RD, STE D","SAN GABRIEL","19","91776","5358 MOHAVE DR","SIMI VALLEY","93063","CA"
"506873","ACTIVE CANCEL","47 | 1","02/11/2011","01/31/2024","DBA: CASEYS STEAKS AND BBQ                        CASEYS STEAKS AND BBQ LLC                         1337 N CHINA LAKE BLVD,                         RIDGECREST, CA  93555","","47-86921/ 47-628370","","FIRST AMERICAN TITLE CO 9201 CAMINO MEDIA STE 100 BAKERSFIELD, CA  93311","6","1510","1337 N CHINA LAKE BLVD","RIDGECREST","15","93555","","","",""
"506873","ACTIVE CANCEL","58 | 1","02/11/2011","01/31/2024","DBA: CASEYS STEAKS AND BBQ                        CASEYS STEAKS AND BBQ LLC                         1337 N CHINA LAKE BLVD,                         RIDGECREST, CA  93555","","47-86921/ 47-628370","","FIRST AMERICAN TITLE CO 9201 CAMINO MEDIA STE 100 BAKERSFIELD, CA  93311","6","1510","1337 N CHINA LAKE BLVD","RIDGECREST","15","93555","","","",""
"510175","ACTIVE SUREND","21 | 0","09/21/2011","08/31/2024","DBA: 24X7= LIQUOR                        G K SINGH ENTERPRISES INC                         4111 CANDLEWOOD ST,                         LAKEWOOD, CA  90712-1621","15717 VIRGINIA AVE                              PARAMOUNT, CA  90723","21-271857","7","ACT 1 ESCROW INC 17918 PIONEER BLVD STE 202 ARTESIA, CA  90701-4444","3","1929","4111 CANDLEWOOD ST","LAKEWOOD","19","90712","15717 VIRGINIA AVE","PARAMOUNT","90723","CA"
"512117","ACTIVE CANCEL","21 | 0","08/25/2011","07/31/2024","DBA: ROSE LIQUORS                        BHALLA, ANUPAMA                         5434 YGNACIO VALLEY RD, STE 110,                         CONCORD, CA  94521-3825","","21-442149/ 21-649555","7","","22","0703","5434 YGNACIO VALLEY RD, STE 110","CONCORD","07","94521","","","",""
"518402","ACTIVE CANCEL","41 | 0","03/06/2012","02/29/2024","DBA: SPICE LOUNGE                        MUTTI, RAJ                         859 HORNBLEND ST,                         SAN DIEGO, CA  92109-3912","","41-486158/ 41-640740","7","THE HERITAGE ESCROW CO 2550 FIFTH AVE STE 136 SAN DIEGO, CA  92103","10","3710","859 HORNBLEND ST","SAN DIEGO","37","92109","","","",""
"523449","ACTIVE CANCEL","21 | 0","08/09/2012","04/30/2024","DBA: COLOMBI MARKET                        COLOMBI, JEANETTE                         647 E OAK ST,                         FORT BRAGG, CA  95437-3735","","21-410891/ 21-649848","","","27","2301","647 E OAK ST","FORT BRAGG","23","95437","","","",""
"529173","ACTIVE CANCEL","21 | 0","01/16/2013","05/31/2024","DBA: VIKING LIQUOR                        LEE, DAE SUNG                         16431 PACIFIC COAST HWY, STE A,                         HUNTINGTON BEACH, CA  92649","PO BOX 1226                              SUNSET BEACH, CA  90742-1226","21-478000/ 21-646025","7","","11","3000","16431 PACIFIC COAST HWY, STE A","HUNTINGTON BEACH","30","92649","PO BOX 1226","SUNSET BEACH","90742","CA"
"533483","ACTIVE SUREND","20 | 0","09/06/2013","08/31/2024","DBA: MARUTI SERVICE STATION 2                        RANDHAWA, PRABHJOT SINGH                         2142 NORTH ST,                         ANDERSON, CA  96007-3447","8396 DESCHUTES RD                              PALO CEDRO, CA  96073","20-288957","7","FIDELITY NATIONAL TITLE 2070 CHURN CREEK RD STE C REDDING, CA  96002","31","4501","2142 NORTH ST","ANDERSON","45","96007","8396 DESCHUTES RD","PALO CEDRO","96073","CA"
"542398","ACTIVE CANCEL","41 | 0","05/28/2014","12/31/2023","DBA: CHUCK E CHEESES #462                        CEC ENTERTAINMENT INC                         20700 AVALON BLVD, SUITE 175,                         CARSON, CA  90746","1707 MARKET PLACE BLVD, STE 200                              C/O LICENSING DEPT , IRVING, TX  75063-8049","41-176185/ 41-649990","","","3","1977","20700 AVALON BLVD, SUITE 175","CARSON","19","90746","1707 MARKET PLACE BLVD, STE 200","IRVING","75063","TX"
"547468","ACTIVE CANCEL","47 | 0","11/05/2014","10/31/2023","DBA: DUBLIN RANCH GOLF COURSE                        KEMPER SPORTS MANAGEMENT INC                         5900 SIGNAL HILL DR,                         DUBLIN, CA  94568-7795","500 SKOKIE BLVD, STE 444                              NORTHBROOK, IL  60062-2867","47-404651/ 47-649690","","CALIFORNIA BUSINESS ESCROW INC 1748 MAIN ST ESCALON, CA  95320-1927","22","0114","5900 SIGNAL HILL DR","DUBLIN","01","94568","500 SKOKIE BLVD, STE 444","NORTHBROOK","60062","IL"
"550995","ACTIVE CANCEL","41 | 0","12/02/2014","11/30/2023","DBA: TUTT'A POST' TRATTORIA                        DANIELE PIZZERIA                         235 S LA CIENEGA BLVD,                         BEVERLY HILLS, CA  90211-3301","","41-366182/ 41-648321","7","ESCROW WORLD INC 1055 WILSHIRE BLVD STE 1555 LOS ANGELES, CA  90017","4","1908","235 S LA CIENEGA BLVD","BEVERLY HILLS","19","90211","","","",""
"564187","ACTIVE CANCEL","21 | 0","12/29/2015","11/30/2023","DBA: SQUIRE LIQUOR                        KIM, JANE KYONGHWA                         2218 E 7TH ST,                         LONG BEACH, CA  90804","","21-531356/ 21-648596","","METRO ESCROW 3600 WILSHIRE BLVD  STE 336 LOS ANGELES, CA  90010","3","1932","2218 E 7TH ST","LONG BEACH","19","90804","","","",""
"572026","ACTIVE CANCEL","41 | 0","01/27/2017","12/31/2023","DBA: CHUCK E CHEESE'S                        CEC ENTERTAINMENT INC                         2821 PACIFIC COAST HWY,                         TORRANCE, CA  90505","1707 MARKET PLACE BLVD, STE 200                              C/O LICENSING DEPT , IRVING, TX  75063-8049","","","","3","1958","2821 PACIFIC COAST HWY","TORRANCE","19","90505","1707 MARKET PLACE BLVD, STE 200","IRVING","75063","TX"
"575606","ACTIVE SUREND","75 | 0","03/21/2019","02/29/2024","DBA: BLUEBIRD BRASSERIE                        ARTISANAL BREWERS COLLECTIVE LLC                         13730 VENTURA BLVD,                         SHERMAN OAKS, CA  91423-3024","2139 W SUNSET BLVD                              LOS ANGELES, CA  90026","","7","","5","1933","13730 VENTURA BLVD","SHERMAN OAKS","19","91423","2139 W SUNSET BLVD","LOS ANGELES","90026","CA"
"581623","PEND ACTIVE","47 | 0","08/24/2023","08/31/2024","DBA: CRAFT PASO                        PR HOSPITALITY, LLC.                         1144 BLACK OAK DR,                         PASO ROBLES, CA  93446-1319","","75-581623","E","","13","4002","1144 BLACK OAK DR","PASO ROBLES","40","93446","","","",""
"582778","SUREND CANCEL","47 | 1","08/09/2017","03/31/2024","DBA: PATRIOT RESTAURANT                        PATRIOT RESTAURANT GROUP, LLC                         6241 FAIR OAKS BLVD, UNIT D,                         CARMICHAEL, CA  95608-4878","650 VORDEN RD                              COURTLAND, CA  95615","47-561421/ 47-645245","7","","23","3400","6241 FAIR OAKS BLVD, UNIT D","CARMICHAEL","34","95608","650 VORDEN RD","COURTLAND","95615","CA"
"582778","SUREND CANCEL","47 | 1","08/09/2017","03/31/2024","DBA: PATRIOT RESTAURANT                        PATRIOT RESTAURANT GROUP, LLC                         6241 FAIR OAKS BLVD, UNIT D,                         CARMICHAEL, CA  95608-4878","650 VORDEN RD                              COURTLAND, CA  95615","47-561421/ 47-645245","7","","23","3400","6241 FAIR OAKS BLVD, UNIT D","CARMICHAEL","34","95608","650 VORDEN RD","COURTLAND","95615","CA"
"582778","SUREND CANCEL","58 | 1","08/09/2017","03/31/2024","DBA: PATRIOT RESTAURANT                        PATRIOT RESTAURANT GROUP, LLC                         6241 FAIR OAKS BLVD, UNIT D,                         CARMICHAEL, CA  95608-4878","650 VORDEN RD                              COURTLAND, CA  95615","47-561421/ 47-645245","7","","23","3400","6241 FAIR OAKS BLVD, UNIT D","CARMICHAEL","34","95608","650 VORDEN RD","COURTLAND","95615","CA"
"582778","SUREND CANCEL","58 | 1","08/09/2017","03/31/2024","DBA: PATRIOT RESTAURANT                        PATRIOT RESTAURANT GROUP, LLC                         6241 FAIR OAKS BLVD, UNIT D,                         CARMICHAEL, CA  95608-4878","650 VORDEN RD                              COURTLAND, CA  95615","47-561421/ 47-645245","7","","23","3400","6241 FAIR OAKS BLVD, UNIT D","CARMICHAEL","34","95608","650 VORDEN RD","COURTLAND","95615","CA"
"583550","ACTIVE CANCEL","41 | 0","10/19/2017","09/30/2023","DBA: POKEHANA                         ONO BRANDS INC                         73405 HWY 111, STE 104,                         PALM DESERT, CA  92260-3939","49217 ROCK ROSE DR                              INDIO, CA  92201-8864","","","","8","3318","73405 HWY 111, STE 104","PALM DESERT","33","92260","49217 ROCK ROSE DR","INDIO","92201","CA"
"590734","ACTIVE CANCEL","47 | 0","04/11/2019","03/31/2024","DBA: HALL THE                        HALL, LLC, THE                         3333 BRISTOL ST, STE 1876,                         COSTA MESA, CA  92626-1819","1900 MAIN ST, STE 700                              C/O MICHAEL C. CHO, PTWWW, IRVINE, CA  92614-7328","47-300782/ 47-644155","","ABC ESCROW 2222 DAMON STREET  LOS ANGELES, CA  90021","11","3004","3333 BRISTOL ST, STE 1876","COSTA MESA","30","92626","1900 MAIN ST, STE 700","IRVINE","92614","CA"
"600379","REVPEN ACTIVE","47 | 0","12/03/2018","04/30/2024","DBA: SHIPYARD PORTSIDE FOOD AND DRINKS                         HOGAN, RICHARD JOHN                          2305 W WASHINGTON ST,                         STOCKTON, CA  95203","","48-568325","","","29","3905","2305 W WASHINGTON ST","STOCKTON","39","95203","","","",""
"600379","REVPEN ACTIVE","47 | 0","12/03/2018","04/30/2024","DBA: SHIPYARD PORTSIDE FOOD AND DRINKS                         HOGAN, RICHARD JOHN                          2305 W WASHINGTON ST,                         STOCKTON, CA  95203","","48-568325","","","29","3905","2305 W WASHINGTON ST","STOCKTON","39","95203","","","",""
"606067","ACTIVE CANCEL","47 | 0","09/19/2019","08/31/2023","DBA: DRAFT GASLAMP                         DRAFT GASLAMP LLC                          402-422 MARKET ST,                         SAN DIEGO, CA  92101-6933","5505 CANCHA DE GOLF                              RANCHO SANTA FE, CA  92091-4041","47-333136/ 47-644218","7","HERITAGE ESCROW 2550 FIFTH AVE 8TH FLOOR SAN DIEGO, CA  92103","10","3710","402-422 MARKET ST","SAN DIEGO","37","92101","5505 CANCHA DE GOLF","RANCHO SANTA FE","92091","CA"
"608946","AUTREV ACTIVE","23 | 0","11/26/2019","10/31/2023","DBA: ROUTE 30 BREWING                        ROUTE 30 BREWING COMPANY LLC                         3740 MISSION INN AVE,                         RIVERSIDE, CA  92501","11620 STERLING AVE, STE C                              RIVERSIDE, CA  92503-4904","","","","7","3312","3740 MISSION INN AVE","RIVERSIDE","33","92501","11620 STERLING AVE, STE C","RIVERSIDE","92503","CA"
"608946","AUTREV ACTIVE","23 | 0","11/26/2019","10/31/2023","DBA: ROUTE 30 BREWING                        ROUTE 30 BREWING COMPANY LLC                         3740 MISSION INN AVE,                         RIVERSIDE, CA  92501","11620 STERLING AVE, STE C                              RIVERSIDE, CA  92503-4904","","","","7","3312","3740 MISSION INN AVE","RIVERSIDE","33","92501","11620 STERLING AVE, STE C","RIVERSIDE","92503","CA"
"611773","ACTIVE CANCEL","20 | 0","01/15/2020","12/31/2023","DBA: STANTON RETAIL AND GAS                        SN & MLAJ INC                         7470 CERRITOS AVE,                         STANTON, CA  90680-2009","","20-567553/ 20-646992","","CAPITAL TRUST ESCROW 280 S BEVERLY DR #300 BEVERLY HILLS, CA  90212","11","3019","7470 CERRITOS AVE","STANTON","30","90680","","","",""
"612861","ACTIVE CANCEL","20 | 0","01/27/2020","12/31/2023","DBA: EL CAMINO MARKET                        ROWAID, FADHL ALI AHMED MO                         2898 E BELMONT AVE,                         FRESNO, CA  93701-2449","","20-560731/ 20-648717","7","CALATLANTIC TITLE 7555 N PALM AVE STE 210 FRESNO, CA  93711","21","1005","2898 E BELMONT AVE","FRESNO","10","93701","","","",""
"617773","ACTIVE CANCEL","20 | 0","12/11/2020","11/30/2023","SOPRA CASA LLC                         1351 GRANT AVE,                         SAN FRANCISCO, CA  94133-3903","740 MIRAMAR AVE                              SAN FRANCISCO, CA  94112-1254","20-453731/ 20-647532","7","CALIFORNIA BUSINESS ESCROW INC 1748 MAIN ST ESCALON, CA  95320-1927","24","3800","1351 GRANT AVE","SAN FRANCISCO","38","94133","740 MIRAMAR AVE","SAN FRANCISCO","94112","CA"
"623481","PEND WTHDRN","42 | 0","08/23/2023","07/31/2024","DBA: BARREL 2 BOTTLE                        SIDHU BARREL 2 BOTTLE INC                         1020 HELEN POWER DR,                         VACAVILLE, CA  95687-3504","","","","PLACER TITLE 193 FULWEILER AVE AUBURN, CA  95603-4507","22","4806","1020 HELEN POWER DR","VACAVILLE","48","95687","","","",""
"623481","PEND WTHDRN","42 | 0","08/23/2023","07/31/2024","DBA: BARREL 2 BOTTLE                        SIDHU BARREL 2 BOTTLE INC                         1020 HELEN POWER DR,                         VACAVILLE, CA  95687-3504","","","","PLACER TITLE 193 FULWEILER AVE AUBURN, CA  95603-4507","22","4806","1020 HELEN POWER DR","VACAVILLE","48","95687","","","",""
"623481","PEND ACTIVE","86 | 0","08/23/2023","04/30/2024","DBA: BARREL 2 BOTTLE                        SIDHU BARREL 2 BOTTLE INC                         1020 HELEN POWER DR,                         VACAVILLE, CA  95687-3504","","","","PLACER TITLE 193 FULWEILER AVE AUBURN, CA  95603-4507","22","4806","1020 HELEN POWER DR","VACAVILLE","48","95687","","","",""
"623544","SUSPEN ACTIVE","47 | 0","11/18/2021","10/31/2023","DBA: UNCOOL BURGERS                        WEST HOLLYWOOD BURGER SHOP 26 INC                         7881 SANTA MONICA BLVD,                         WEST HOLLYWOOD, CA  90046-5314","","47-391022","7","CAPITAL TRUST ESCROW 280 S BEVERLY DR #300 BEVERLY HILLS, CA  90212","4","1983","7881 SANTA MONICA BLVD","WEST HOLLYWOOD","19","90046","","","",""
"624806","R64B ACTIVE","47 | 0","06/01/2023","05/31/2024","DBA: OJOS LOCOS SPORTS CANTINA                        OL CALI RESTAURANTS, LLC                         8350 FIRESTONE BLVD,                         DOWNEY, CA  90241-3842","6010 W SPRING CREEK PKWY                              PLANO, TX  75024-3569","47-485172","7","CALIFORNIA BUSINESS ESCROW INC 1748 MAIN ST ESCALON, CA  95320-1927","2","1916","8350 FIRESTONE BLVD","DOWNEY","19","90241","6010 W SPRING CREEK PKWY","PLANO","75024","TX"
"626674","ACTIVE SUREND","20 | 0","06/01/2021","06/30/2024","DBA: 7 ELEVEN STORE 15952H                        7 ELEVEN INC                         596 N ABEL ST,                         MILPITAS, CA  95035-4208","PO BOX 139044, ATTN: LICENSING DEPARTMENT                              DALLAS, TX  75313-9044","20-547574","","","25","4308","596 N ABEL ST","MILPITAS","43","95035","PO BOX 139044, ATTN: LICENSING DEPARTMENT","DALLAS","75313","TX"
"628370","PEND ACTIVE","58 | 1","08/23/2023","07/31/2024","CASEY'S RESTAURANT, INC.                          1337 N CHINA LAKE BLVD,                         RIDGECREST, CA  93555","1240 S CHINA LAKE BLVD                              RIDGECREST, CA  93555","47-506873","","TICOR TITLE COMPANY 10000  STOCKDALE HWY STE 101 BAKERSFIELD, CA  93311","6","1510","1337 N CHINA LAKE BLVD","RIDGECREST","15","93555","1240 S CHINA LAKE BLVD","RIDGECREST","93555","CA"
"628370","PEND ACTIVE","47 | 1","08/23/2023","07/31/2024","CASEY'S RESTAURANT, INC.                          1337 N CHINA LAKE BLVD,                         RIDGECREST, CA  93555","1240 S CHINA LAKE BLVD                              RIDGECREST, CA  93555","47-506873","","TICOR TITLE COMPANY 10000  STOCKDALE HWY STE 101 BAKERSFIELD, CA  93311","6","1510","1337 N CHINA LAKE BLVD","RIDGECREST","15","93555","1240 S CHINA LAKE BLVD","RIDGECREST","93555","CA"
"631940","PEND ACTIVE","21 | 0","08/24/2023","07/31/2024","DBA: TOTAL WINE & MORE                        CALIFORNIA FINE WINE & SPIRITS LLC                         11441 JEFFERSON BLVD,                         CULVER CITY, CA  90230-6105","","","5,7","","4","1914","11441 JEFFERSON BLVD","CULVER CITY","19","90230","","","",""
"631940","PEND ACTIVE","86 | 0","08/24/2023","07/31/2024","DBA: TOTAL WINE & MORE                        CALIFORNIA FINE WINE & SPIRITS LLC                         11441 JEFFERSON BLVD,                         CULVER CITY, CA  90230-6105","","","5,7","","4","1914","11441 JEFFERSON BLVD","CULVER CITY","19","90230","","","",""
"631940","PEND ACTIVE","42 | 0","08/24/2023","07/31/2024","DBA: TOTAL WINE & MORE                        CALIFORNIA FINE WINE & SPIRITS LLC                         11441 JEFFERSON BLVD,                         CULVER CITY, CA  90230-6105","","","5,7","","4","1914","11441 JEFFERSON BLVD","CULVER CITY","19","90230","","","",""
"632988","ACTIVE SUREND","41 | 0","04/25/2022","03/31/2024","RIVERA, CINDY CATALINA                         380 N HIGHWAY 65,                         LINDSAY, CA  93247-2700","","41-606298","","","21","5403","380 N HIGHWAY 65","LINDSAY","54","93247","","","",""
"632992","ACTIVE CANCEL","09 | 1","02/25/2022","06/30/2024","DBA: MCBRIDE SISTERS WINE COMPANY                        MCBRIDE SISTERS COLLECTIONS, INC.                         155 FILBERT ST, STE 236,                         OAKLAND, CA  94607-2524","6114 LA SALLE AVE, STE 280                              OAKLAND, CA  94611-2802","17-591385/ 17-646706","7","","22","0109","155 FILBERT ST, STE 236","OAKLAND","01","94607","6114 LA SALLE AVE, STE 280","OAKLAND","94611","CA"
"632992","ACTIVE CANCEL","17 | 1","02/25/2022","06/30/2024","DBA: MCBRIDE SISTERS WINE COMPANY                        MCBRIDE SISTERS COLLECTIONS, INC.                         155 FILBERT ST, STE 236,                         OAKLAND, CA  94607-2524","6114 LA SALLE AVE, STE 280                              OAKLAND, CA  94611-2802","17-591385/ 17-646706","7","","22","0109","155 FILBERT ST, STE 236","OAKLAND","01","94607","6114 LA SALLE AVE, STE 280","OAKLAND","94611","CA"
"632992","ACTIVE CANCEL","20 | 0","02/25/2022","06/30/2024","DBA: MCBRIDE SISTERS WINE COMPANY                        MCBRIDE SISTERS COLLECTIONS, INC.                         155 FILBERT ST, STE 236,                         OAKLAND, CA  94607-2524","6114 LA SALLE AVE, STE 280                              OAKLAND, CA  94611-2802","20-591385/ 20-646706","7,I","","22","0109","155 FILBERT ST, STE 236","OAKLAND","01","94607","6114 LA SALLE AVE, STE 280","OAKLAND","94611","CA"
"636592","PEND ACTIVE","41 | 0","08/23/2023","07/31/2024","DBA: SILVERLAKE RAMEN                         PSB PORTER RANCH, INC                         20065 W RINALDI ST STE 160,                         PORTER RANCH, CA  91326","","","","","5","1933","20065 W RINALDI ST STE 160","PORTER RANCH","19","91326","","","",""
"636777","REVPEN ACTIVE","41 | 0","06/21/2022","05/31/2024","DBA: HIKARI SUSHI                        KANG, JENNIFER MEEJIN                         5790 LINDERO CANYON RD, STE 2A,                         WESTLAKE VILLAGE, CA  91362-6497","","41-530148","","CENTRAL ESCROW 3600 WILSHIRE BL STE 1028 LOS ANGELES, CA  90010","5","1981","5790 LINDERO CANYON RD, STE 2A","WESTLAKE VILLAGE","19","91362","","","",""
"636777","REVPEN ACTIVE","41 | 0","06/21/2022","05/31/2024","DBA: HIKARI SUSHI                        KANG, JENNIFER MEEJIN                         5790 LINDERO CANYON RD, STE 2A,                         WESTLAKE VILLAGE, CA  91362-6497","","41-530148","","CENTRAL ESCROW 3600 WILSHIRE BL STE 1028 LOS ANGELES, CA  90010","5","1981","5790 LINDERO CANYON RD, STE 2A","WESTLAKE VILLAGE","19","91362","","","",""
"636824","PEND ACTIVE","41 | 0","08/24/2023","07/31/2024","DBA: LEMON GROVE BISTRO                        BISTRO & BEER GARDEN INC                         3308 MAIN ST,                         LEMON GROVE, CA  91945-1707","","","7","","10","3714","3308 MAIN ST","LEMON GROVE","37","91945","","","",""
"637366","PEND ACTIVE","41 | 0","08/23/2023","07/31/2024","DBA: SEASURF LAGUNA                        SEASURF LAGUNA                         32341 STREET OF THE GOLDEN LANTERN, STE H,                         LAGUNA NIGUEL, CA  92677-5343","18401 YORBA LINDA BLVD                              YORBA LINDA, CA  92886-4033","","","","11","3030","32341 STREET OF THE GOLDEN LANTERN, STE H","LAGUNA NIGUEL","30","92677","18401 YORBA LINDA BLVD","YORBA LINDA","92886","CA"
"638564","R64B ACTIVE","47 | 0","01/31/2023","12/31/2023","DBA: FOGO DE CHAO                        FOGO DE CHAO CHURRASCARIA (HUNTINGTON BEACH) LLC                         7901 EDINGER AVE,                         HUNTINGTON BEACH, CA  92647-3634","5908 HEADQUARTERS DR, STE K200                              PLANO, TX  75024-6090","47-381495","7","CALIFORNIA BUSINESS ESCROW INC 1748 MAIN ST ESCALON, CA  95320-1927","11","3010","7901 EDINGER AVE","HUNTINGTON BEACH","30","92647","5908 HEADQUARTERS DR, STE K200","PLANO","75024","TX"
"640211","PEND ACTIVE","88 | 0","08/23/2023","07/31/2024","DBA: HOLLYWOOD FOREVER, INC.                        HOLLYWOOD FOREVER, INC.                         6000 SANTA MONICA BLVD,                         LOS ANGELES, CA  90038-1864","","","7","","4","1933","6000 SANTA MONICA BLVD","LOS ANGELES","19","90038","","","",""
"640740","PEND ACTIVE","41 | 0","08/23/2023","07/31/2024","DBA: SPICE LOUNGE                        MUTTI KHINDA LLC                         859 HORNBLEND ST,                         SAN DIEGO, CA  92109-3912","4315 MORAGA AVE                              SAN DIEGO, CA  92117","41-518402","7","","10","3710","859 HORNBLEND ST","SAN DIEGO","37","92109","4315 MORAGA AVE","SAN DIEGO","92117","CA"
"644155","PEND ACTIVE","47 | 0","08/23/2023","07/31/2024","DBA: CALO KITCHEN & TEQUILA                        CALO COSTA MESA LLC                         3333 BRISTOL ST, STE 1876,                         COSTA MESA, CA  92626-1819","","47-590734","","ABC ESCROW 2222 DAMON STREET  LOS ANGELES, CA  90021","11","3004","3333 BRISTOL ST, STE 1876","COSTA MESA","30","92626","","","",""
"644218","PEND ACTIVE","47 | 0","08/23/2023","07/31/2024","DBA: WNDR MUSEUM                        DRAFT GASLAMP LLC                          402-422 MARKET ST,                         SAN DIEGO, CA  92101-6933","18029 CALLE AMBIENTE, STE. 500                              RANCHO SANTA FE, CA  92091","47-606067","7","","10","3710","402-422 MARKET ST","SAN DIEGO","37","92101","18029 CALLE AMBIENTE, STE. 500","RANCHO SANTA FE","92091","CA"
"644953","PEND ACTIVE","41 | 0","08/24/2023","07/31/2024","DBA: CREEKSIDE CORK & BREW                        SANDOVAL, RAFAEL                         7915 FAIRPLAY RD,                         SOMERSET, CA  95684-9268","8262 STONEY CREEK RD                              SOMERSET, CA  95684","41-608519","7","CAPITOL CITY ESCROW, INC 3838 WATT AVE STE F610 SACRAMENTO, CA  95821","23","0900","7915 FAIRPLAY RD","SOMERSET","09","95684","8262 STONEY CREEK RD","SOMERSET","95684","CA"
"644992","PEND ACTIVE","02 | 0","08/23/2023","06/30/2024","DBA: HAPPY ACCIDENT                        1870TWO LLC                         92 2ND ST, STE C & D,                         BUELLTON, CA  93427-9470","2674 E MAIN ST, STE E412                              VENTURA, CA  93003","","","","13","4207","92 2ND ST, STE C & D","BUELLTON","42","93427","2674 E MAIN ST, STE E412","VENTURA","93003","CA"
"645264","PEND WITHDRAWN","42 | 0","","","DBA: STEMS & STEINS                        STEMS & STEINS, CO.                         207 MAIN ST,                         MURPHYS, CA  95247","PO BOX 429                              MURPHYS, CA  95247","","","","29","0500","207 MAIN ST","MURPHYS","05","95247","PO BOX 429","MURPHYS","95247","CA"
"645288","PEND ACTIVE","41 | 0","08/24/2023","02/29/2024","DBA: EL TARASCO MEXICAN RESTAURANT                        EL TARASCO MEXICAN RESTAURANT - LAX                         210 MAIN ST,                         EL SEGUNDO, CA  90245","2532 SUNSET DR                              RIVERSIDE, CA  92506","41-518635","7","","3","1919","210 MAIN ST","EL SEGUNDO","19","90245","2532 SUNSET DR","RIVERSIDE","92506","CA"
"645472","PEND ACTIVE","02 | 0","08/23/2023","06/30/2024","DBA: ANCHOR POINT                         AAA I.M HOLDING LLC                          27495 DIAZ RD,                         TEMECULA, CA  92590-3414","125 N. VINELAND AVE                              CITY OF INDUSTRY, CA  91746-2318","","","","7","3322","27495 DIAZ RD","TEMECULA","33","92590","125 N. VINELAND AVE","CITY OF INDUSTRY","91746","CA"
"646025","PEND ACTIVE","21 | 0","08/23/2023","05/31/2024","DBA: VIKING LIQUOR                        G & D GLOBAL INC                         16431 PACIFIC COAST HWY, STE A,                         HUNTINGTON BEACH, CA  92649","5342 HUNTLEY AVE                               GARDEN GROVE, CA  92845-1926","21-529173","7,8","","11","3000","16431 PACIFIC COAST HWY, STE A","HUNTINGTON BEACH","30","92649","5342 HUNTLEY AVE","GARDEN GROVE","92845","CA"
"646706","PEND ACTIVE","09 | 1","08/23/2023","06/30/2024","DBA: MCBRIDE SISTERS WINE COMPANY                        MCBRIDE SISTERS COLLECTIONS, INC.                         105 MCCORMICK CT,                         NAPA, CA  94558-5451","6114 LA SALLE AVE, STE 280                              OAKLAND, CA  94611-2802","17-632992","7","","22","2802","105 MCCORMICK CT","NAPA","28","94558","6114 LA SALLE AVE, STE 280","OAKLAND","94611","CA"
"646706","PEND ACTIVE","17 | 1","08/23/2023","06/30/2024","DBA: MCBRIDE SISTERS WINE COMPANY                        MCBRIDE SISTERS COLLECTIONS, INC.                         105 MCCORMICK CT,                         NAPA, CA  94558-5451","6114 LA SALLE AVE, STE 280                              OAKLAND, CA  94611-2802","17-632992","7","","22","2802","105 MCCORMICK CT","NAPA","28","94558","6114 LA SALLE AVE, STE 280","OAKLAND","94611","CA"
"646706","PEND ACTIVE","20 | 0","08/23/2023","06/30/2024","DBA: MCBRIDE SISTERS WINE COMPANY                        MCBRIDE SISTERS COLLECTIONS, INC.                         105 MCCORMICK CT,                         NAPA, CA  94558-5451","6114 LA SALLE AVE, STE 280                              OAKLAND, CA  94611-2802","20-632992","7,I","","22","2802","105 MCCORMICK CT","NAPA","28","94558","6114 LA SALLE AVE, STE 280","OAKLAND","94611","CA"
"646967","PEND ACTIVE","41 | 0","08/24/2023","07/31/2024","DBA: I'A POKE                        POKE BAR RJS, INC                         1515 FILLMORE STREET,                         SAN FRANCISCO, CA  94115-3515","1530 NORIEGA ST, STE 201                              SAN FRANCISCO, CA  94122-4457","","7","","24","3800","1515 FILLMORE STREET","SAN FRANCISCO","38","94115","1530 NORIEGA ST, STE 201","SAN FRANCISCO","94122","CA"
"646992","PEND ACTIVE","20 | 0","08/23/2023","07/31/2024","DBA: G&M 153                        G & M OIL COMPANY INC                         7470 CERRITOS AVE,                         STANTON, CA  90680-2009","16868 A LN                              HUNTINGTON BEACH, CA  92647-4831","20-611773","","INNOVATIVE ESCROW 28212 KELLY JOHNSON PKWY STE 110 VALENCIA, CA  91355","11","3019","7470 CERRITOS AVE","STANTON","30","90680","16868 A LN","HUNTINGTON BEACH","92647","CA"
"647398","PEND ACTIVE","21 | 0","08/23/2023","03/31/2024","DBA: ORLANDO MARKET                        ALAZZANI, FITMA SALEH                         2940 LINDEN ST,                         OAKLAND, CA  94608","","21-340316","","","22","0109","2940 LINDEN ST","OAKLAND","01","94608","","","",""
"647430","PEND ACTIVE","47 | 0","08/23/2023","07/31/2024","DBA: BITTER END BAR & GRILL THE                        BANSHEE, LLC                         441 CLEMENT ST,                         SAN FRANCISCO, CA  94118-2317","","47-342392","","CALIFORNIA BUSINESS ESCROW INC 1748 MAIN ST ESCALON, CA  95320-1927","24","3800","441 CLEMENT ST","SAN FRANCISCO","38","94118","","","",""
"647461","PEND ACTIVE","17 | 0","08/23/2023","07/31/2024","DBA: GARY KRAMER GUITAR CELLARS                        KRAMER, GARY                         2590 ROCK RIDGE LN,                         SAN MIGUEL, CA  93451-9070","2575 ROCK RIDGE LN                              SAN MIGUEL, CA  93451-9070","","7","","13","4000","2590 ROCK RIDGE LN","SAN MIGUEL","40","93451","2575 ROCK RIDGE LN","SAN MIGUEL","93451","CA"
"647461","PEND ACTIVE","20 | 0","08/23/2023","07/31/2024","DBA: GARY KRAMER GUITAR CELLARS                        KRAMER, GARY                         2590 ROCK RIDGE LN,                         SAN MIGUEL, CA  93451-9070","2575 ROCK RIDGE LN                              SAN MIGUEL, CA  93451-9070","","7,I","","13","4000","2590 ROCK RIDGE LN","SAN MIGUEL","40","93451","2575 ROCK RIDGE LN","SAN MIGUEL","93451","CA"
"647532","PEND ACTIVE","20 | 0","08/23/2023","07/31/2024","DBA: BLUE STREAM GALLERY AND WINES                        SBL LIVING ASSETS 2018 LLC                         555 GRANT AVE,                         SAN FRANCISCO, CA  94108-2408","59 E 39TH AVE                              SAN MATEO, CA  94403-3509","20-617773","7","SUPREME ESCROW INC 3701 WILSHIRE BLVD STE 535 LOS ANGELES, CA  90010","24","3800","555 GRANT AVE","SAN FRANCISCO","38","94108","59 E 39TH AVE","SAN MATEO","94403","CA"
"647686","PEND ACTIVE","02 | 0","08/24/2023","06/30/2024","DBA: 90+ CELLARS                        LATITUDE BEVERAGE COMPANY                         499 MOORE LN,                         HEALDSBURG, CA  95448-4825","177 HUNTINGTON AVE STE 1703, PMB 77538                              BOSTON, MA  02115","02-615608","","","27","4902","499 MOORE LN","HEALDSBURG","49","95448","177 HUNTINGTON AVE STE 1703, PMB 77538","BOSTON","02115","MA"
"647933","PEND ACTIVE","41 | 0","08/24/2023","07/31/2024","DBA: AMERICANA                        HANAN, SAMANTHA ROSE                         162 N MAIN ST,                         SEBASTOPOL, CA  95472-3447","205 5TH ST, STE A                              SANTA ROSA, CA  95401-6208","41-512800","","FIDELITY NATIONAL TITLE 2099 GATEWAY PLACE STE 500 SAN JOSE, CA  95110","27","4905","162 N MAIN ST","SEBASTOPOL","49","95472","205 5TH ST, STE A","SANTA ROSA","95401","CA"
"648221","PEND ACTIVE","41 | 0","08/24/2023","07/31/2024","DBA: BENTO PEAK INC                        BENTO PEAK INC                         4724 GEARY BLVD,                         SAN FRANCISCO, CA  94118-2909","9 WESTCLIFF CT                              PACIFICA, CA  94044-1131","","7","","24","3800","4724 GEARY BLVD","SAN FRANCISCO","38","94118","9 WESTCLIFF CT","PACIFICA","94044","CA"
"648321","PEND ACTIVE","41 | 0","08/23/2023","07/31/2024","DBA: FRENCH PROVENCAL CAFE                         FRENCH PROVENCAL CAFE LLC                          235 S LA CIENEGA BLVD,                         BEVERLY HILLS, CA  90211-3301","","41-550995","7","UNITED ESCROW CO 3440 WILSHIRE BLVD STE 600 LOS ANGELES, CA  90010","4","1908","235 S LA CIENEGA BLVD","BEVERLY HILLS","19","90211","","","",""
"648468","PEND ACTIVE","05 | 1","08/24/2023","02/29/2024","DBA: KNOX & DOBSON                        EARL'S BIG IDEA, LLC                         2031 E FOOTHILL BLVD,                         PASADENA, CA  91107-3277","PO BOX 51134                              PASADENA, CA  91115-5134","05-565874","","","2","1943","2031 E FOOTHILL BLVD","PASADENA","19","91107","PO BOX 51134","PASADENA","91115","CA"
"648468","PEND ACTIVE","12 | 1","08/24/2023","02/29/2024","DBA: KNOX & DOBSON                        EARL'S BIG IDEA, LLC                         2031 E FOOTHILL BLVD,                         PASADENA, CA  91107-3277","PO BOX 51134                              PASADENA, CA  91115-5134","05-565874","","","2","1943","2031 E FOOTHILL BLVD","PASADENA","19","91107","PO BOX 51134","PASADENA","91115","CA"
"648523","PEND ACTIVE","21 | 0","08/24/2023","07/31/2024","DBA: JIM'S LIQUOR                        GBK ENTERPRISES INC                         14144 LAMBERT RD,                         WHITTIER, CA  90605-2427","","21-575451","","ACE ESCROW INC 6871 BEACH BLVD BUENA PARK, CA  90621","2","1961","14144 LAMBERT RD","WHITTIER","19","90605","","","",""
"648575","PEND ACTIVE","20 | 0","08/23/2023","07/31/2024","DBA: GATHER NATURAL MARKET                        GATHER                         4825-4845 EL CAMINO REAL,                         ATASCADERO, CA  93422","4825 EL CAMINO REAL                              ATASCADERO, CA  93422-2759","20-472332","","CALIFORNIA BUSINESS ESCROW 1748 MAIN ST ESCALON, CA  95320-1927","13","4007","4825-4845 EL CAMINO REAL","ATASCADERO","40","93422","4825 EL CAMINO REAL","ATASCADERO","93422","CA"
"648596","PEND ACTIVE","21 | 0","08/23/2023","07/31/2024","DBA: SQUIRE LIQUOR                        SQUIRE LIQUOR 7TH STREET INC                         2218 E 7TH ST,                         LONG BEACH, CA  90804","","21-564187","","UNITED ESCROW CO. 3440 WILSHIRE BLVD STE 600 LOS ANGELES, CA  90010","3","1932","2218 E 7TH ST","LONG BEACH","19","90804","","","",""
"648615","PEND ACTIVE","41 | 0","08/23/2023","07/31/2024","DBA: SHAKE SHACK                        SHAKE SHACK CALIFORNIA LLC                         3785 WILSHIRE BLVD , STE 105 A-B,                         LOS ANGELES, CA  90010-2899","225 VARICK ST, RM 301                              NEW YORK, NY  10014-5816","","7","","4","1933","3785 WILSHIRE BLVD , STE 105 A-B","LOS ANGELES","19","90010","225 VARICK ST, RM 301","NEW YORK","10014","NY"
"648636","PEND ACTIVE","41 | 0","08/24/2023","07/31/2024","DBA: DIRT DOG                        DIRT DOG INC                         1420 W REDONDO BEACH BLVD, STE A,                         GARDENA, CA  90247-3373","","","7","","3","1920","1420 W REDONDO BEACH BLVD, STE A","GARDENA","19","90247","","","",""
"648708","PEND ACTIVE","41 | 0","08/23/2023","07/31/2024","DBA: AMAZONA PIZZA                        AMA DABLAM INC                         2427 TELEGRAPH AVE,                         OAKLAND, CA  94612-2404","","","","","22","0109","2427 TELEGRAPH AVE","OAKLAND","01","94612","","","",""
"648717","PEND ACTIVE","20 | 0","08/23/2023","07/31/2024","DBA: EL CAMINO MARKET                        SAIF, AMIN AHMED                         2898 E BELMONT AVE,                         FRESNO, CA  93701-2449","5556 E LANSING AVE                              FRESNO, CA  93722","20-612861","7","ORANGE COAST TITLE 7580 N INGRAM AVE FRESNO, CA  93711-5804","21","1005","2898 E BELMONT AVE","FRESNO","10","93701","5556 E LANSING AVE","FRESNO","93722","CA"
"648810","PEND ACTIVE","41 | 0","08/24/2023","07/31/2024","DBA: SUSHI AKITO                        SUSHI AKITO INC.                         28621 S WESTERN AVE,                         RANCHO PALOS VERDES, CA  90275","","41-453561","7","TOWER ESCROW INC. 3400 W. OLYMPIC BLVD  SUITE 201 LOS ANGELES, CA  90019","3","1978","28621 S WESTERN AVE","RANCHO PALOS VERDES","19","90275","","","",""
"649099","PEND ACTIVE","41 | 0","08/24/2023","07/31/2024","DBA: GOOD ZEN                        LEI, YU                         22722 LAMBERT ST, STE 1702,                         LAKE FOREST, CA  92630-1618","112 EXCURSION                              IRVINE, CA  92618-0819","41-628612","","CENTRAL ESCROW GROUP INC  1675 HANOVER RD  CITY OF INDUSTRY, CA  91748","11","3029","22722 LAMBERT ST, STE 1702","LAKE FOREST","30","92630","112 EXCURSION","IRVINE","92618","CA"
"649111","PEND ACTIVE","48 | 0","08/24/2023","07/31/2024","DBA: WAYFARER, THE                        OLD NOISE CORPORATION                         843 W 19TH ST,                         COSTA MESA, CA  92627-3518","","48-540869","7","GRANITE ESCROW & SETTLEMENT SERVICES 450 NEWPORT CENTER DR STE 600 NEWPORT BEACH, CA  92660","11","3004","843 W 19TH ST","COSTA MESA","30","92627","","","",""
"649123","PEND ACTIVE","41 | 0","08/23/2023","07/31/2024","DBA: WAHJEEWAH                        WAHJEEWAH LLC                         32681 MISSION BLVD,                         HAYWARD, CA  94544-8261","5074 MORRIS WAY                              FREMONT, CA  94536","","7","","22","0106","32681 MISSION BLVD","HAYWARD","01","94544","5074 MORRIS WAY","FREMONT","94536","CA"
"649132","PEND ACTIVE","47 | 1","08/24/2023","07/31/2024","DBA: HYDE, THE                        NAXON GROUP LLC, THE                         3300 W MINERAL KING AVE,                         VISALIA, CA  93291","916 W OAK AVE, STE A                              VISALIA, CA  93291","47-75615","","TICOR TITLE COMPANY 10000 STOCKDALE HWY STE 101 BAKERSFIELD, CA  93311","21","5406","3300 W MINERAL KING AVE","VISALIA","54","93291","916 W OAK AVE, STE A","VISALIA","93291","CA"
"649132","PEND ACTIVE","58 | 1","08/24/2023","07/31/2024","DBA: HYDE, THE                        NAXON GROUP LLC, THE                         3300 W MINERAL KING AVE,                         VISALIA, CA  93291","916 W OAK AVE, STE A                              VISALIA, CA  93291","47-75615","","TICOR TITLE COMPANY 10000 STOCKDALE HWY STE 101 BAKERSFIELD, CA  93311","21","5406","3300 W MINERAL KING AVE","VISALIA","54","93291","916 W OAK AVE, STE A","VISALIA","93291","CA"
"649185","PEND ACTIVE","47 | 0","08/24/2023","07/31/2024","MDJ INVESTMENT GROUP                          12580 DAY ST,                         MORENO VALLEY, CA  92553-7534","","47-627648","","CENTRAL ESCROW, INC 515 WEST GARVEY AVE SUITE 118 MONTEREY PARK, CA  91754","7","3321","12580 DAY ST","MORENO VALLEY","33","92553","","","",""
"649209","PEND ACTIVE","41 | 0","08/24/2023","07/31/2024","DBA: RUSTIC THE                        215 KITCHEN INC.                         215 CHURCH ST,                         SAN FRANCISCO, CA  94114-1310","","","7","","24","3800","215 CHURCH ST","SAN FRANCISCO","38","94114","","","",""
"649274","PEND ACTIVE","21 | 0","08/24/2023","07/31/2024","DBA: GOLDEN WAY TRADING COMPANY                        GOLDEN WAY ENTERPRISES, INC.                         1024 STOCKTON ST,                         SAN FRANCISCO, CA  94108-1110","","21-486583","","UGM ASSOCIATES 739 WASHINGTON ST STE 300 SAN FRANCISCO, CA  94108","24","3800","1024 STOCKTON ST","SAN FRANCISCO","38","94108","","","",""
"649294","PEND ACTIVE","41 | 0","08/23/2023","07/31/2024","DBA: PIE NATION PIZZA                        JERMA GROUP INC                         36100 HIDDEN SPRINGS RD, STE E,                         WILDOMAR, CA  92595-7682","","","","","7","3326","36100 HIDDEN SPRINGS RD, STE E","WILDOMAR","33","92595","","","",""
"649296","PEND ACTIVE","41 | 0","08/24/2023","07/31/2024","DBA: CUSTOM PIE AND BAR                        AROMA FOOD CORPORATION                          6593 COLLINS DR, D5(B)-D6,                         MOORPARK, CA  93021-1472","","41-615334","7","","12","5610","6593 COLLINS DR, D5(B)-D6","MOORPARK","56","93021","","","",""
"649373","PEND ACTIVE","41 | 0","08/23/2023","07/31/2024","DBA: COCINA OAXAQUEÑA                        COCINA OAXAQUENA RESTAURANT AND CAFE LLC                         3943 WALNUT DR, STE A,                         EUREKA, CA  95503-6295","","","","","28","1200","3943 WALNUT DR, STE A","EUREKA","12","95503","","","",""
"649404","PEND ACTIVE","41 | 0","08/23/2023","07/31/2024","DBA: POKEHANA                        PALM DESERT HARMONY INC                         73405 HWY 111, STE 104,                         PALM DESERT, CA  92260-3939","24115 COTTONWOOD AVE, APT B18                              MORENO VALLEY, CA  92553-6227","41-583550","","HANA ESCROW COMPANY INC 3580 WILSHIRE BLVD STE 1170 LOS ANGELES, CA  90010","8","3318","73405 HWY 111, STE 104","PALM DESERT","33","92260","24115 COTTONWOOD AVE, APT B18","MORENO VALLEY","92553","CA"
"649432","PEND ACTIVE","41 | 0","08/24/2023","07/31/2024","DBA: MY THAI CUISINE                        KAMKOON KITCHEN LLC                         3001 N TRACY BLVD,                         TRACY, CA  95376","","","","","29","3906","3001 N TRACY BLVD","TRACY","39","95376","","","",""
"649438","PEND WITHDRAWN","47 | 0","","","DBA: MEAT CELLAR THE                        HUDDY CORP 2                         160 W FOOTHILL BLVD,                         CLAREMONT, CA  91711-2705","","587333","","GLEN OAKS ESCROW 24018 LYONS AVE SANTA CLARITA, CA  91321","2","1911","160 W FOOTHILL BLVD","CLAREMONT","19","91711","","","",""
"649485","PEND ACTIVE","02 | 0","08/24/2023","06/30/2024","DBA: CRANE ASSEMBLY, THE                        TCA ACQUISITION, LLC                         865 SILVERADO TRL,                         CALISTOGA, CA  94515-1126","PO BOX 989, C/O THE CRANE ASSEMBLY                              SAINT HELENA, CA  94574","","7","","27","2801","865 SILVERADO TRL","CALISTOGA","28","94515","PO BOX 989, C/O THE CRANE ASSEMBLY","SAINT HELENA","94574","CA"
"649555","PEND ACTIVE","21 | 0","08/23/2023","07/31/2024","DBA: LIQUOR LAND 2                         GERMAN 2 LLC                          5434 YGNACIO VALLEY RD, STE 110,                         CONCORD, CA  94521-3825","1601 CALIFORNIA ST                              BERKELEY, CA  94703-1203","21-512117","7","BAY AREA ESCROW COMPANY 2817 CROW CANYON RD STE 102 SAN RAMON, CA  94583","22","0703","5434 YGNACIO VALLEY RD, STE 110","CONCORD","07","94521","1601 CALIFORNIA ST","BERKELEY","94703","CA"
"649610","PEND ACTIVE","41 | 0","08/24/2023","07/31/2024","DBA: GIULIANAS JUST FOR YOU CAFE                        GIULIANA JUST FOR YOU LLC                         732 22ND ST,                         SAN FRANCISCO, CA  94107-3424","","","7","","24","3800","732 22ND ST","SAN FRANCISCO","38","94107","","","",""
"649690","PEND ACTIVE","47 | 0","08/23/2023","07/31/2024","DBA: DUBLIN RANCH GOLF COURSE                        KEMPER SPORTS MANAGEMENT, LLC                         5900 SIGNAL HILL DR,                         DUBLIN, CA  94568-7795","500 SKOKIE BLVD, STE 444                              NORTHBROOK, IL  60062-2867","47-547468","","","22","0114","5900 SIGNAL HILL DR","DUBLIN","01","94568","500 SKOKIE BLVD, STE 444","NORTHBROOK","60062","IL"
"649724","PEND ACTIVE","41 | 0","08/23/2023","11/30/2024","DBA: CHUCK E. CHEESE'S                        CEC ENTERTAINMENT, LLC                         2700 COLORADO BLVD,                         LOS ANGELES, CA  90041-1081","1707 MARKET PLACE BLVD, STE 200                              C/O LICENSING DEPT , IRVING, TX  75063-8049","41-430328","","","4","1933","2700 COLORADO BLVD","LOS ANGELES","19","90041","1707 MARKET PLACE BLVD, STE 200","IRVING","75063","TX"
"649784","PEND ACTIVE","41 | 0","08/23/2023","07/31/2024","DBA: VALLARTA MEXICAN AND SEAFOOD RESTAURANT                        VALLARTA MEXICAN AND SEAFOOD INC.                         981 FRONTAGE RD,                         MCFARLAND, CA  93250-1005","","","","","6","1504","981 FRONTAGE RD","MCFARLAND","15","93250","","","",""
"649848","PEND ACTIVE","21 | 0","08/23/2023","07/31/2024","DBA: OAK MARKET AND DELI                        OAK MARKET AND DELI INC                         647 E OAK ST,                         FORT BRAGG, CA  95437-3735","","21-523449","","UNITED ESCROW, INC 3600 WILSHIRE BLVD STE 900 LOS ANGELES, CA  90010-2613","27","2301","647 E OAK ST","FORT BRAGG","23","95437","","","",""
"649939","PEND ACTIVE","41 | 0","08/23/2023","07/31/2024","DBA: CHUCK E. CHEESE'S                        CEC ENTERTAINMENT, LLC                         7809 N BLACKSTONE AVE,                         FRESNO, CA  93720","1707 MARKET PLACE BLVD, STE 200                              C/O LICENSING DEPT , IRVING, TX  75063-8049","41-389767","","","21","1005","7809 N BLACKSTONE AVE","FRESNO","10","93720","1707 MARKET PLACE BLVD, STE 200","IRVING","75063","TX"
"649978","PEND ACTIVE","41 | 0","08/24/2023","07/31/2024","DBA: BEACH HUT DELI                        WSACBHD LLC                         6601 FOLSOM BLVD, STE 110,                         SACRAMENTO, CA  95819-4623","7119 ELK GROVE BLVD, SUITE 135                              ELK GROVE, CA  95758-9568","41-584874","7","CAPITAL CITY ESCROW INC 3838 WATT AVE STE F610 SACRAMENTO, CA  95821","23","3405","6601 FOLSOM BLVD, STE 110","SACRAMENTO","34","95819","7119 ELK GROVE BLVD, SUITE 135","ELK GROVE","95758","CA"
"649990","PEND ACTIVE","41 | 0","08/23/2023","12/31/2023","DBA: CHUCK E. CHEESE'S                        CEC ENTERTAINMENT, LLC                         20700 AVALON BLVD, SUITE 175,                         CARSON, CA  90746","1707 MARKET PLACE BLVD, STE 200                              C/O LICENSING DEPT , IRVING, TX  75063-8049","41-542398","","","3","1977","20700 AVALON BLVD, SUITE 175","CARSON","19","90746","1707 MARKET PLACE BLVD, STE 200","IRVING","75063","TX"
"649994","PEND ACTIVE","41 | 0","08/23/2023","12/31/2023","DBA: CHUCK E. CHEESE'S                        CEC ENTERTAINMENT, LLC                         10949 FIRESTONE BLVD,                         NORWALK, CA  90650","1707 MARKET PLACE BLVD, STE 200                              C/O LICENSING DEPT , IRVING, TX  75063-8049","41-252886","7","","3","1940","10949 FIRESTONE BLVD","NORWALK","19","90650","1707 MARKET PLACE BLVD, STE 200","IRVING","75063","TX"
"650039","PEND WITHDRAWN","21 | 0","","","LUCKY LIQUOR, INC.                         11708 VENICE BLVD,                         LOS ANGELES, CA  90066","20125 W JUBILEE WAY                              PORTER RANCH, CA  91326-2447","346893","","UNITED ESCROW 3440 WILSHIRE BLVD # 600 LOS ANGELES, CA  90036","3","1933","11708 VENICE BLVD","LOS ANGELES","19","90066","20125 W JUBILEE WAY","PORTER RANCH","91326","CA"
"650040","PEND ACTIVE","41 | 0","08/23/2023","08/31/2024","DBA: CHUCK E. CHEESE'S                        CEC ENTERTAINMENT, LLC                         11231 183RD ST,                         CERRITOS, CA  90703","1707 MARKET PLACE BLVD, STE 200                              C/O LICENSING DEPT , IRVING, TX  75063-8049","41-387867","","","3","1915","11231 183RD ST","CERRITOS","19","90703","1707 MARKET PLACE BLVD, STE 200","IRVING","75063","TX"
"650043","PEND ACTIVE","41 | 0","08/23/2023","12/31/2023","DBA: CHUCK E. CHEESE'S                        CEC ENTERTAINMENT, LLC                         2821 PACIFIC COAST HWY,                         TORRANCE, CA  90505","1707 MARKET PLACE BLVD, STE 200                              C/O LICENSING DEPT , IRVING, TX  75063-8049","41-572026","","","3","1958","2821 PACIFIC COAST HWY","TORRANCE","19","90505","1707 MARKET PLACE BLVD, STE 200","IRVING","75063","TX"
"650231","PEND ACTIVE","41 | 0","08/24/2023","12/31/2023","DBA: PIZZA FACTORY                        VV FAMILY INC.                         1117 WHITLEY AVE,                         CORCORAN, CA  93212-2325","PO BOX 1019                              CORCORAN, CA  93212","41-347914","8","","21","1601","1117 WHITLEY AVE","CORCORAN","16","93212","PO BOX 1019","CORCORAN","93212","CA"
"650549","PEND ACTIVE","41 | 0","09/01/2023","08/31/2024","DBA: CHIMNEY TREE GRILL                        TIO MILO LLC                         1111 AVENUE OF THE GIANTS,                         PHILLIPSVILLE, CA  95559","PO BOX 463                              MIRANDA, CA  95553-0463","","","","28","1200","1111 AVENUE OF THE GIANTS","PHILLIPSVILLE","12","95559","PO BOX 463","MIRANDA","95553","CA"
"651150","PEND ACTIVE","26 | 0","08/24/2023","06/30/2024","DBA: MATANUSKA BREWING COMPANY                        MATANUSKA BREWING COMPANY, LLC                         513 SOUTH VALLEY WAY,                         PALMER, AK  99645","","","","","75","9999","513 SOUTH VALLEY WAY","PALMER","","99645","","","",""
"651181","PEND WITHDRAWN","41 | 0","","","HAN BIT RESTAURANTS, INC.                         1651 W CAMPBELL AVE,                         CAMPBELL, CA  95008-1527","","640435","7, 8","FIDELITY NATIONAL TITLE 2099 GATEWAY PLACE STE 500 SAN JOSE, CA  95110","25","4302","1651 W CAMPBELL AVE","CAMPBELL","43","95008","","","",""