"License Number","Status Changed From/To","Type| Dup","Original Issue Date","Expir. Date","Primary Owner and Premises Addr.","Mailing Addr.","Transfer-From/To","Conditions","Escrow","District Code","Geo Code","Prem Street","City","County","Zip Code","Mailing Street","Mailing City","Mailing Zip Code","Mailing State"
"103042","ACTIVE CANCEL","48 | 0","03/02/1981","02/29/2024","DBA: SAMS SALOON                        SAMS SALOON LTD                         3129 SAVIERS RD,                         OXNARD, CA  93033","PO BOX 2344                              OXNARD, CA  93034","","","","12","5603","3129 SAVIERS RD","OXNARD","56","93033","PO BOX 2344","OXNARD","93034","CA"
"284872","ACTIVE CANCEL","20 | 0","07/12/1993","06/30/2024","DBA: AZEB DEMISSE                        WORLD OIL MARKETING COMPANY                         5648 HOLLISTER AVE,                         GOLETA, CA  93117","","","","","12","4208","5648 HOLLISTER AVE","GOLETA","42","93117","","","",""
"346276","AUTREV ACTIVE","41 | 0","12/14/1998","11/30/2024","DBA: CINCO DE MAYO RESTAURANT                        PORTILLO, RAMON SALAZAR                         351 PACIFIC AVE,                         LONG BEACH, CA  90802","","41-334844","7","","3","1932","351 PACIFIC AVE","LONG BEACH","19","90802","","","",""
"346276","AUTREV ACTIVE","41 | 0","12/14/1998","11/30/2024","DBA: CINCO DE MAYO RESTAURANT                        PORTILLO, RAMON SALAZAR                         351 PACIFIC AVE,                         LONG BEACH, CA  90802","","41-334844","7","","3","1932","351 PACIFIC AVE","LONG BEACH","19","90802","","","",""
"384081","ACTIVE CANCEL","20 | 0","02/13/2002","01/31/2025","DBA: MODESTO GROCERY & DELI                        HUYNH, THANH CONG                         1800 PRESCOTT RD, STE A,                         MODESTO, CA  95350","","20-320591/ 20-656367","","","29","5002","1800 PRESCOTT RD, STE A","MODESTO","50","95350","","","",""
"429027","ACTIVE CANCEL","47 | 0","09/12/2005","08/31/2024","DBA: EMILIANOS MEXICAN RESTAURANT                        VALDESPINO INC                         6690 MISSION GORGE RD, STES A-D,                         SAN DIEGO, CA  92120","","47-413262/ 47-653649","7","","10","3710","6690 MISSION GORGE RD, STES A-D","SAN DIEGO","37","92120","","","",""
"439733","REVPEN ACTIVE","47 | 0","11/17/2006","10/31/2024","DBA: DIA Y NOCHE                        NJB INC                         1411 LOCUST ST,                         WALNUT CREEK, CA  94596-4513","","47-213372","7","","22","0711","1411 LOCUST ST","WALNUT CREEK","07","94596","","","",""
"439733","REVPEN ACTIVE","47 | 0","11/17/2006","10/31/2024","DBA: DIA Y NOCHE                        NJB INC                         1411 LOCUST ST,                         WALNUT CREEK, CA  94596-4513","","47-213372","7","","22","0711","1411 LOCUST ST","WALNUT CREEK","07","94596","","","",""
"481929","REVPEN ACTIVE","47 | 0","11/16/2009","10/31/2024","DBA: CREDO                        CREDO RESTAURANT LLC                         360 PINE ST,                         SAN FRANCISCO, CA  94104-3203","465 CALIFORNIA ST, STE 1600                              SAN FRANCISCO, CA  94104-1830","47-407970/ 47-575599","7","","24","3800","360 PINE ST","SAN FRANCISCO","38","94104","465 CALIFORNIA ST, STE 1600","SAN FRANCISCO","94104","CA"
"481929","REVPEN ACTIVE","47 | 0","11/16/2009","10/31/2024","DBA: CREDO                        CREDO RESTAURANT LLC                         360 PINE ST,                         SAN FRANCISCO, CA  94104-3203","465 CALIFORNIA ST, STE 1600                              SAN FRANCISCO, CA  94104-1830","47-407970/ 47-575599","7","","24","3800","360 PINE ST","SAN FRANCISCO","38","94104","465 CALIFORNIA ST, STE 1600","SAN FRANCISCO","94104","CA"
"532994","REVPEN ACTIVE","47 | 0","11/01/2013","10/31/2024","DBA: OZ KOREAN BBQ                        OHGANE INC                         2605 W. TARON CT,                         ELK GROVE, CA  95757-8407","2605 RIPARIAN DR                              ELK GROVE, CA  95757-8407","47-464906","","CAPITAL CITY ESCROW INC 3838 WATT AVE #F610 SACRAMENTO, CA  95821","23","3407","2605 W. TARON CT","ELK GROVE","34","95757","2605 RIPARIAN DR","ELK GROVE","95757","CA"
"532994","REVPEN ACTIVE","47 | 0","11/01/2013","10/31/2024","DBA: OZ KOREAN BBQ                        OHGANE INC                         2605 W. TARON CT,                         ELK GROVE, CA  95757-8407","2605 RIPARIAN DR                              ELK GROVE, CA  95757-8407","47-464906","","CAPITAL CITY ESCROW INC 3838 WATT AVE #F610 SACRAMENTO, CA  95821","23","3407","2605 W. TARON CT","ELK GROVE","34","95757","2605 RIPARIAN DR","ELK GROVE","95757","CA"
"540028","ACTIVE SUREND","41 | 0","01/23/2014","12/31/2023","DBA: ROSAS PIZZA                        DAROSA, FERNANDO MANUEL                         2833 WHITSON ST,                         SELMA, CA  93662-2623","","41-276979/ 41-651857","","","21","1015","2833 WHITSON ST","SELMA","10","93662","","","",""
"545100","ACTIVE CANCEL","54 | 0","07/03/2014","06/30/2024","DBA: CELEBRATION CRUISES OF SANTA BARBARA                        EPIC CRUISES, INC                         219 STEARNS WHARF, STE G,                         SANTA BARBARA, CA  93101-3581","","54-514464/ 54-653306","7","","12","4203","219 STEARNS WHARF, STE G","SANTA BARBARA","42","93101","","","",""
"559201","AUTREV ACTIVE","41 | 0","09/29/2015","08/31/2023","DBA: PUCQUIO                        PUCQUIO / ALLPA CULINARIA LLC                         5337 COLLEGE AVE,                         OAKLAND, CA  94618-1416","","41-513048","","","22","0109","5337 COLLEGE AVE","OAKLAND","01","94618","","","",""
"580825","ACTIVE DEPREV","41 | 0","06/22/2017","05/31/2024","DBA: TAQUERIA CALIFORNIA                        SANCHEZ PADILLA, JOSE ALFREDO                         750 STONY POINT RD, STE A-155,                         SANTA ROSA, CA  95407-6882","","41-565892/ 41-636077","","FIDELITY NATIONAL TITLE","27","4904","750 STONY POINT RD, STE A-155","SANTA ROSA","49","95407","","","",""
"594837","ACTIVE CANCEL","47 | 1","08/16/2018","07/31/2024","DBA: HOPPY'S RAILYARD KITCHEN & HOPGARDEN                        HBC VENTURES, LLC                         1022 2ND ST,                         SACRAMENTO, CA  95814-3202","2425 24TH ST, STE B                              SACRAMENTO, CA  95818-2552","47-567062/ 47-650314","7","","23","3405","1022 2ND ST","SACRAMENTO","34","95814","2425 24TH ST, STE B","SACRAMENTO","95818","CA"
"594837","ACTIVE CANCEL","58 | 1","08/16/2018","07/31/2024","DBA: HOPPY'S RAILYARD KITCHEN & HOPGARDEN                        HBC VENTURES, LLC                         1022 2ND ST,                         SACRAMENTO, CA  95814-3202","2425 24TH ST, STE B                              SACRAMENTO, CA  95818-2552","47-567062/ 47-650314","7","","23","3405","1022 2ND ST","SACRAMENTO","34","95814","2425 24TH ST, STE B","SACRAMENTO","95818","CA"
"595915","ACTIVE SUSPEN","41 | 0","10/31/2018","09/30/2024","DBA: MARISCOS LA JAIVA                        AGUILAR, YENORY                         1724 N TUSTIN ST,                         ORANGE, CA  92865-4603","","","7","","11","3014","1724 N TUSTIN ST","ORANGE","30","92865","","","",""
"597033","REVPEN ACTIVE","23 | 0","11/19/2018","10/31/2024","DBA: SEAWARD BREWING                        SCALE FACTOR LLC                         1920 GOODYEAR AVE , STE D,                         VENTURA, CA  93003-6430","","","7","","12","5606","1920 GOODYEAR AVE , STE D","VENTURA","56","93003","","","",""
"597033","REVPEN ACTIVE","23 | 0","11/19/2018","10/31/2024","DBA: SEAWARD BREWING                        SCALE FACTOR LLC                         1920 GOODYEAR AVE , STE D,                         VENTURA, CA  93003-6430","","","7","","12","5606","1920 GOODYEAR AVE , STE D","VENTURA","56","93003","","","",""
"602513","CANCEL ACTIVE","47 | 3","02/28/2019","01/31/2024","DBA: OAKLAND COLISEUM                        ARAMARK SPORTS & ENTERTAINMENT SERVICES LLC                         7000 COLISEUM WAY,                         OAKLAND, CA  94621-1917","150 NORTH RIVERSIDE PLAZA                              CHICAGO, IL  60606","47-541241","7,A","CALIFORNIA BUSINESS ESCROW INC 1748 MAIN ST ESCALON, CA  95320-1927","22","0109","7000 COLISEUM WAY","OAKLAND","01","94621","150 NORTH RIVERSIDE PLAZA","CHICAGO","60606","IL"
"602513","CANCEL ACTIVE","58 | 3","02/28/2019","01/31/2024","DBA: OAKLAND COLISEUM                        ARAMARK SPORTS & ENTERTAINMENT SERVICES LLC                         7000 COLISEUM WAY,                         OAKLAND, CA  94621-1917","150 NORTH RIVERSIDE PLAZA                              CHICAGO, IL  60606","47-541241","7,A","CALIFORNIA BUSINESS ESCROW INC 1748 MAIN ST ESCALON, CA  95320-1927","22","0109","7000 COLISEUM WAY","OAKLAND","01","94621","150 NORTH RIVERSIDE PLAZA","CHICAGO","60606","IL"
"602513","CANCEL ACTIVE","68 | 3","02/28/2019","01/31/2024","DBA: OAKLAND COLISEUM                        ARAMARK SPORTS & ENTERTAINMENT SERVICES LLC                         7000 COLISEUM WAY,                         OAKLAND, CA  94621-1917","150 NORTH RIVERSIDE PLAZA                              CHICAGO, IL  60606","47-541241","7,A","CALIFORNIA BUSINESS ESCROW INC 1748 MAIN ST ESCALON, CA  95320-1927","22","0109","7000 COLISEUM WAY","OAKLAND","01","94621","150 NORTH RIVERSIDE PLAZA","CHICAGO","60606","IL"
"602513","CANCEL ACTIVE","77 | 3","02/28/2019","01/31/2024","DBA: OAKLAND COLISEUM                        ARAMARK SPORTS & ENTERTAINMENT SERVICES LLC                         7000 COLISEUM WAY,                         OAKLAND, CA  94621-1917","150 NORTH RIVERSIDE PLAZA                              CHICAGO, IL  60606","47-541241","7,A","CALIFORNIA BUSINESS ESCROW INC 1748 MAIN ST ESCALON, CA  95320-1927","22","0109","7000 COLISEUM WAY","OAKLAND","01","94621","150 NORTH RIVERSIDE PLAZA","CHICAGO","60606","IL"
"602513","CANCEL ACTIVE","47 | 3","02/28/2019","01/31/2024","DBA: OAKLAND COLISEUM                        ARAMARK SPORTS & ENTERTAINMENT SERVICES LLC                         7000 COLISEUM WAY,                         OAKLAND, CA  94621-1917","150 NORTH RIVERSIDE PLAZA                              CHICAGO, IL  60606","47-541241","7,A","CALIFORNIA BUSINESS ESCROW INC 1748 MAIN ST ESCALON, CA  95320-1927","22","0109","7000 COLISEUM WAY","OAKLAND","01","94621","150 NORTH RIVERSIDE PLAZA","CHICAGO","60606","IL"
"607212","ACTIVE SUREND","41 | 0","09/30/2019","08/31/2024","DBA: EVA MAE'S CAFE                        EVA MAE'S CAFÉ LLC                         6851 AIRLINE HWY D,                         TRES PINOS, CA  95075","","","","","26","3500","6851 AIRLINE HWY D","TRES PINOS","35","95075","","","",""
"617956","ACTIVE CANCEL","17 | 1","10/02/2020","09/30/2024","DBA: IDLE TASTING ROOM                        SAVAGE RABBIT DISTRIBUTING INC.                         3197 RED HILL AVE, BLDG A,                         COSTA MESA, CA  92626-3448","","","7","","11","3004","3197 RED HILL AVE, BLDG A","COSTA MESA","30","92626","","","",""
"617956","ACTIVE CANCEL","18 | 1","10/02/2020","09/30/2024","DBA: IDLE TASTING ROOM                        SAVAGE RABBIT DISTRIBUTING INC.                         3197 RED HILL AVE, BLDG A,                         COSTA MESA, CA  92626-3448","","","","","11","3004","3197 RED HILL AVE, BLDG A","COSTA MESA","30","92626","","","",""
"617956","ACTIVE CANCEL","20 | 0","10/02/2020","09/30/2024","DBA: IDLE TASTING ROOM                        SAVAGE RABBIT DISTRIBUTING INC.                         3197 RED HILL AVE, BLDG A,                         COSTA MESA, CA  92626-3448","","","7,I","","11","3004","3197 RED HILL AVE, BLDG A","COSTA MESA","30","92626","","","",""
"617956","ACTIVE CANCEL","09 | 1","10/02/2020","09/30/2024","DBA: IDLE TASTING ROOM                        SAVAGE RABBIT DISTRIBUTING INC.                         3197 RED HILL AVE, BLDG A,                         COSTA MESA, CA  92626-3448","","","7","","11","3004","3197 RED HILL AVE, BLDG A","COSTA MESA","30","92626","","","",""
"617956","ACTIVE CANCEL","12 | 1","10/02/2020","09/30/2024","DBA: IDLE TASTING ROOM                        SAVAGE RABBIT DISTRIBUTING INC.                         3197 RED HILL AVE, BLDG A,                         COSTA MESA, CA  92626-3448","","","","","11","3004","3197 RED HILL AVE, BLDG A","COSTA MESA","30","92626","","","",""
"623119","ACTIVE CANCEL","58 | 2","04/16/2021","03/31/2024","DBA: MENIFEE LAKES COUNTRY CLUB                         MENIFEE MANAGEMENT CORP.                          29875 MENIFEE LAKES DR,                         MENIFEE, CA  92584","","47-546538/ 47-647335","7","INLAND EMPIRE ESCROW INC 12794 CENTRAL AVE CHINO, CA  91710","7","3300","29875 MENIFEE LAKES DR","MENIFEE","33","92584","","","",""
"623119","ACTIVE CANCEL","68 | 2","04/16/2021","03/31/2024","DBA: MENIFEE LAKES COUNTRY CLUB                         MENIFEE MANAGEMENT CORP.                          29875 MENIFEE LAKES DR,                         MENIFEE, CA  92584","","47-546538/ 47-647335","7","INLAND EMPIRE ESCROW INC 12794 CENTRAL AVE CHINO, CA  91710","7","3300","29875 MENIFEE LAKES DR","MENIFEE","33","92584","","","",""
"623119","ACTIVE CANCEL","47 | 2","04/16/2021","03/31/2024","DBA: MENIFEE LAKES COUNTRY CLUB                         MENIFEE MANAGEMENT CORP.                          29875 MENIFEE LAKES DR,                         MENIFEE, CA  92584","","47-546538/ 47-647335","7","INLAND EMPIRE ESCROW INC 12794 CENTRAL AVE CHINO, CA  91710","7","3300","29875 MENIFEE LAKES DR","MENIFEE","33","92584","","","",""
"624570","ACTIVE CANCEL","12 | 1","06/04/2021","01/31/2024","DBA: VELVETREE FOODS                        VELVETREE FOODS, LLC                         780 MONTEREY AVE, STE 202,                         MORRO BAY, CA  93422-2128","","18-582487","","","13","4006","780 MONTEREY AVE, STE 202","MORRO BAY","40","93422","","","",""
"624570","ACTIVE CANCEL","18 | 1","06/04/2021","01/31/2024","DBA: VELVETREE FOODS                        VELVETREE FOODS, LLC                         780 MONTEREY AVE, STE 202,                         MORRO BAY, CA  93422-2128","","18-582487","","","13","4006","780 MONTEREY AVE, STE 202","MORRO BAY","40","93422","","","",""
"624812","AUTREV SUREND","47 | 0","05/13/2021","04/30/2024","DBA: BOARDWALK GRILL                        RSBR, INC                         5879 MARINA RD,                         DISCOVERY BAY, CA  94505","5879 MARINA RD                              DISCOVERY BAY, CA  94505","47-562467/ 47-652573","7","ABC ESCROW 2222 DAMON STREET  LOS ANGELES, CA  90021","22","0700","5879 MARINA RD","DISCOVERY BAY","07","94505","5879 MARINA RD","DISCOVERY BAY","94505","CA"
"624812","AUTREV SUREND","47 | 0","05/13/2021","04/30/2024","DBA: BOARDWALK GRILL                        RSBR, INC                         5879 MARINA RD,                         DISCOVERY BAY, CA  94505","5879 MARINA RD                              DISCOVERY BAY, CA  94505","47-562467/ 47-652573","7","ABC ESCROW 2222 DAMON STREET  LOS ANGELES, CA  90021","22","0700","5879 MARINA RD","DISCOVERY BAY","07","94505","5879 MARINA RD","DISCOVERY BAY","94505","CA"
"625356","ACTIVE CANCEL","41 | 0","07/07/2021","06/30/2024","DBA: IL SOLE CUCINA                        GALVEZ, JESUS ENRIQUE                         31115 RANCHO VIEJO RD, STE G1,                         SAN JUAN CAPISTRANO, CA  92675-1781","","","7","","11","3023","31115 RANCHO VIEJO RD, STE G1","SAN JUAN CAPISTRANO","30","92675","","","",""
"625427","ACTIVE CANCEL","17 | 0","04/15/2022","03/31/2024","DBA: DUOVINO CELLARS                         SPIRITED KUMAR, LLC, THE                         4020 FRANKS CT,                         SANTA ROSA, CA  95405-7320","6274 E PASEO TIERRA ALTA                               TUCSON, AZ  85715-3122","","7","","27","4904","4020 FRANKS CT","SANTA ROSA","49","95405","6274 E PASEO TIERRA ALTA","TUCSON","85715","AZ"
"625427","ACTIVE CANCEL","20 | 0","04/15/2022","03/31/2024","DBA: DUOVINO CELLARS                         SPIRITED KUMAR, LLC, THE                         4020 FRANKS CT,                         SANTA ROSA, CA  95405-7320","6274 E PASEO TIERRA ALTA                               TUCSON, AZ  85715-3122","","7,I","","27","4904","4020 FRANKS CT","SANTA ROSA","49","95405","6274 E PASEO TIERRA ALTA","TUCSON","85715","AZ"
"625980","ACTIVE CANCEL","02 | 0","01/03/2022","06/30/2024","DBA: FENNELL FAMILY WINE COMPANY                        FENNELL FAMILY WINE COMPANY LLC                         59 INDUSTRIAL WAY,                         BUELLTON, CA  93427-9565","2432 CALLE SORIA                              SANTA BARBARA, CA  93109","","7","","13","4207","59 INDUSTRIAL WAY","BUELLTON","42","93427","2432 CALLE SORIA","SANTA BARBARA","93109","CA"
"626407","ACTIVE SUREND","47 | 1","12/13/2021","11/30/2024","DBA: HEMINGWAYS                         CHAPTER 1 LLC                         1234 PARK ST,                         PASO ROBLES, CA  93446","1232 PARK ST, STE 200                              PASO ROBLES, CA  93446","47-330878","7","EON ESCROW INC 3700 WILSHIRE BLVD STE 1005 LOS ANGELES, CA  90010","13","4002","1234 PARK ST","PASO ROBLES","40","93446","1232 PARK ST, STE 200","PASO ROBLES","93446","CA"
"626407","ACTIVE SUREND","58 | 1","12/13/2021","11/30/2024","DBA: HEMINGWAYS                         CHAPTER 1 LLC                         1234 PARK ST,                         PASO ROBLES, CA  93446","1232 PARK ST, STE 200                              PASO ROBLES, CA  93446","47-330878","7","EON ESCROW INC 3700 WILSHIRE BLVD STE 1005 LOS ANGELES, CA  90010","13","4002","1234 PARK ST","PASO ROBLES","40","93446","1232 PARK ST, STE 200","PASO ROBLES","93446","CA"
"626407","ACTIVE SUREND","47 | 1","12/13/2021","11/30/2024","DBA: HEMINGWAYS                         CHAPTER 1 LLC                         1234 PARK ST,                         PASO ROBLES, CA  93446","1232 PARK ST, STE 200                              PASO ROBLES, CA  93446","47-330878","7","EON ESCROW INC 3700 WILSHIRE BLVD STE 1005 LOS ANGELES, CA  90010","13","4002","1234 PARK ST","PASO ROBLES","40","93446","1232 PARK ST, STE 200","PASO ROBLES","93446","CA"
"628825","ACTIVE CANCEL","41 | 0","11/23/2022","10/31/2024","DBA: 99 RANCH MARKET                        TAWA RETAIL GROUP, INC.                         1360 WESTWOOD BLVD,                         LOS ANGELES, CA  90024-4919","2931 FABER ST                              UNION CITY, CA  94587-1215","","7","CALIFORNIA BUSINESS ESCROW 1748 MAIN ST ESCALON, CA  95320-1927","4","1933","1360 WESTWOOD BLVD","LOS ANGELES","19","90024","2931 FABER ST","UNION CITY","94587","CA"
"630341","SUSPEN ACTIVE","48 | 0","01/20/2022","12/31/2024","DBA: RED DOG SALOON                        MOE'S RED DOG SALOON INC.                         1946 E DEL AMO BLVD,                         LONG BEACH, CA  90807","","48-566840","7","JEAN ALLEN ESCROW CO INC 3341 CERRITOS AVE LOS ALAMITOS, CA  90720-2105","3","1932","1946 E DEL AMO BLVD","LONG BEACH","19","90807","","","",""
"630341","SUSPEN ACTIVE","48 | 0","01/20/2022","12/31/2024","DBA: RED DOG SALOON                        MOE'S RED DOG SALOON INC.                         1946 E DEL AMO BLVD,                         LONG BEACH, CA  90807","","48-566840","7","JEAN ALLEN ESCROW CO INC 3341 CERRITOS AVE LOS ALAMITOS, CA  90720-2105","3","1932","1946 E DEL AMO BLVD","LONG BEACH","19","90807","","","",""
"634630","PEND ACTIVE","02 | 0","02/08/2024","06/30/2024","001 VINTNERS, LLC                         451 JACKSON ST, STE 3,                         SAN FRANCISCO, CA  94111-1615","451 JACKSON ST, STE 3                              SAN FRANCISCO, CA  94111-1615","","7","","24","3800","451 JACKSON ST, STE 3","SAN FRANCISCO","38","94111","451 JACKSON ST, STE 3","SAN FRANCISCO","94111","CA"
"640760","REVPEN ACTIVE","48 | 1","11/21/2022","10/31/2024","DBA: TIP TOP LOUNGE                        MARTIN, PETER ERIC                         321 N FRANKLIN ST,                         FORT BRAGG, CA  95437-3401","PO BOX 23                              MARYLHURST, OR  97036-0023","48-394880","","OLD REPUBLIC TITLE CO 1000 BURNETT AVE STE 400 CONCORD, CA  94520-2088","27","2301","321 N FRANKLIN ST","FORT BRAGG","23","95437","PO BOX 23","MARYLHURST","97036","OR"
"640760","REVPEN ACTIVE","48 | 1","11/21/2022","10/31/2024","DBA: TIP TOP LOUNGE                        MARTIN, PETER ERIC                         321 N FRANKLIN ST,                         FORT BRAGG, CA  95437-3401","PO BOX 23                              MARYLHURST, OR  97036-0023","48-394880","","OLD REPUBLIC TITLE CO 1000 BURNETT AVE STE 400 CONCORD, CA  94520-2088","27","2301","321 N FRANKLIN ST","FORT BRAGG","23","95437","PO BOX 23","MARYLHURST","97036","OR"
"640760","REVPEN ACTIVE","58 | 1","11/21/2022","10/31/2024","DBA: TIP TOP LOUNGE                        MARTIN, PETER ERIC                         321 N FRANKLIN ST,                         FORT BRAGG, CA  95437-3401","PO BOX 23                              MARYLHURST, OR  97036-0023","48-394880","","OLD REPUBLIC TITLE CO 1000 BURNETT AVE STE 400 CONCORD, CA  94520-2088","27","2301","321 N FRANKLIN ST","FORT BRAGG","23","95437","PO BOX 23","MARYLHURST","97036","OR"
"640760","REVPEN ACTIVE","58 | 1","11/21/2022","10/31/2024","DBA: TIP TOP LOUNGE                        MARTIN, PETER ERIC                         321 N FRANKLIN ST,                         FORT BRAGG, CA  95437-3401","PO BOX 23                              MARYLHURST, OR  97036-0023","48-394880","","OLD REPUBLIC TITLE CO 1000 BURNETT AVE STE 400 CONCORD, CA  94520-2088","27","2301","321 N FRANKLIN ST","FORT BRAGG","23","95437","PO BOX 23","MARYLHURST","97036","OR"
"645551","PEND ACTIVE","47 | 0","02/08/2024","01/31/2025","DBA: CLUB SFO THE                        SODEXO OPERATIONS LLC                         SF INT'L AIRPORT, HARVEY MILK TERMINAL 1, BOARDING AREA B,                         LEVEL 2, SPACE NOS. B.2.200 AND B.2M.202, SAN FRANCISCO, CA  94128","9801 WASHINGTON BLVD, STE 1255C                              GAITHERSBURG, MD  20878-7373","","A","","24","4100","SF INT'L AIRPORT, HARVEY MILK TERMINAL 1, BOARDING AREA B","SAN FRANCISCO","41","94128","9801 WASHINGTON BLVD, STE 1255C","GAITHERSBURG","20878","MD"
"647335","PEND ACTIVE","68 | 2","02/08/2024","01/31/2025","DBA: MENIFEE LAKES COUNTRY CLUB                         SLV GOLF, LLC                         29875 MENIFEE LAKES DR,                         MENIFEE, CA  92584","PO BOX 4070                              SCOTTSDALE, AZ  85261-4070","47-623119","7","INLAND EMPIRE ESCROW 12794 CENTRAL AVE CHINO, CA  91710","7","3300","29875 MENIFEE LAKES DR","MENIFEE","33","92584","PO BOX 4070","SCOTTSDALE","85261","AZ"
"647335","PEND ACTIVE","58 | 2","02/08/2024","01/31/2025","DBA: MENIFEE LAKES COUNTRY CLUB                         SLV GOLF, LLC                         29875 MENIFEE LAKES DR,                         MENIFEE, CA  92584","PO BOX 4070                              SCOTTSDALE, AZ  85261-4070","47-623119","7","INLAND EMPIRE ESCROW 12794 CENTRAL AVE CHINO, CA  91710","7","3300","29875 MENIFEE LAKES DR","MENIFEE","33","92584","PO BOX 4070","SCOTTSDALE","85261","AZ"
"647335","PEND ACTIVE","47 | 2","02/08/2024","01/31/2025","DBA: MENIFEE LAKES COUNTRY CLUB                         SLV GOLF, LLC                         29875 MENIFEE LAKES DR,                         MENIFEE, CA  92584","PO BOX 4070                              SCOTTSDALE, AZ  85261-4070","47-623119","7","INLAND EMPIRE ESCROW 12794 CENTRAL AVE CHINO, CA  91710","7","3300","29875 MENIFEE LAKES DR","MENIFEE","33","92584","PO BOX 4070","SCOTTSDALE","85261","AZ"
"647473","PEND ACTIVE","17 | 0","02/08/2024","03/31/2024","DBA: DUOVINO CELLARS                         SPIRITED KUMAR, LLC, THE                         414 CHINN ST,                         SANTA ROSA, CA  95404-4340","6274 E PASEO TIERRA ALTA                               TUCSON, AZ  85715-3122","17-625427","7","","27","4904","414 CHINN ST","SANTA ROSA","49","95404","6274 E PASEO TIERRA ALTA","TUCSON","85715","AZ"
"647473","PEND ACTIVE","20 | 0","02/08/2024","03/31/2024","DBA: DUOVINO CELLARS                         SPIRITED KUMAR, LLC, THE                         414 CHINN ST,                         SANTA ROSA, CA  95404-4340","6274 E PASEO TIERRA ALTA                               TUCSON, AZ  85715-3122","20-625427","7,I","","27","4904","414 CHINN ST","SANTA ROSA","49","95404","6274 E PASEO TIERRA ALTA","TUCSON","85715","AZ"
"647948","PEND ACTIVE","41 | 0","02/08/2024","01/31/2025","DBA: HUTTOPIA WINE COUNTRY                        HUTTOPIA SIX SIGMA, LLC                         13444 SPRUCE GROVE RD,                         LOWER LAKE, CA  95457","","","7","","27","1700","13444 SPRUCE GROVE RD","LOWER LAKE","17","95457","","","",""
"649248","PEND ACTIVE","20 | 0","02/08/2024","01/31/2025","DBA: RFALCO, LLC & BAYOU AND DEMISSE SNACKS, LLC (055)                        BAYOU AND DEMISSE SNACKS LLC                         5648 HOLLISTER AVE,                         GOLETA, CA  93117","9302 GARFIELD AVE                              SOUTH GATE, CA  90280-3805","20-284872","","INNOVATIVE ESCROW 28212 KELLY JOHNSON PKWY STE 110 VALENCIA, CA  91355","12","4208","5648 HOLLISTER AVE","GOLETA","42","93117","9302 GARFIELD AVE","SOUTH GATE","90280","CA"
"650314","PEND ACTIVE","47 | 0","02/08/2024","01/31/2025","DBA: BEAR AND CROWN                        BEAR AND CROWN LLC                         1022 2ND ST,                         SACRAMENTO, CA  95814-3202","1418 D ST                              SACRAMENTO, CA  95814","47-594837","7","FIDELITY NATIONAL TITLE 265 N 1ST ST DIXON, CA  95620-3027","23","3405","1022 2ND ST","SACRAMENTO","34","95814","1418 D ST","SACRAMENTO","95814","CA"
"652220","PEND ACTIVE","41 | 0","02/08/2024","01/31/2025","LOOSIES                         300 E 4TH ST, STE 103,                         SANTA ANA, CA  92701-4621","1402 E 21ST ST                              SANTA ANA, CA  92705-7110","","","","11","3017","300 E 4TH ST, STE 103","SANTA ANA","30","92701","1402 E 21ST ST","SANTA ANA","92705","CA"
"653306","PEND ACTIVE","54 | 0","02/08/2024","01/31/2025","DBA: CELEBRATION CRUISES                        SAGAMORE STEARNS, LLC                          219 STEARNS WHARF, STE G,                         SANTA BARBARA, CA  93101-3581","1117 STATE ST                              SANTA BARBARA, CA  93101-2712","54-545100","7","ALLISON-MCCLOSKEY ESCROW COMPANY 4820 EL CAJON BLVD SAN DIEGO, CA  92115-4695","12","4203","219 STEARNS WHARF, STE G","SANTA BARBARA","42","93101","1117 STATE ST","SANTA BARBARA","93101","CA"
"653413","PEND ACTIVE","41 | 0","02/08/2024","01/31/2025","DBA: FOODE VENTURES LLC                         FOODE VENTURES 2, LLC                          108 W 2ND STREET STE 102,                         LOS ANGELES, CA  90012-1585","P.O. BOX 1380                              BEVERLY HILLS, CA  90213","","7","","4","1933","108 W 2ND STREET STE 102","LOS ANGELES","19","90012","P.O. BOX 1380","BEVERLY HILLS","90213","CA"
"653519","PEND ACTIVE","42 | 0","02/08/2024","01/31/2025","DBA: HYPHEN-                        PS SOCIAL GROUP INC                         1007 N PALM CANYON DR,                         PALM SPRINGS, CA  92262-4419","","","","","8","3310","1007 N PALM CANYON DR","PALM SPRINGS","33","92262","","","",""
"653649","PEND ACTIVE","47 | 0","02/08/2024","01/31/2025","DBA: EMILIANO'S MEXICAN RESTAURANT                        KHOSHO FAMILY INC                         6690 MISSION GORGE RD, STES A-D,                         SAN DIEGO, CA  92120","","47-429027","7","ALISON MCLOSKEY ESCROW 4820 EL CAJON BLVD SAN DIEGO, CA  92115-4695","10","3710","6690 MISSION GORGE RD, STES A-D","SAN DIEGO","37","92120","","","",""
"653777","PEND ACTIVE","41 | 0","02/08/2024","01/31/2025","DBA: LIMONCELLO RISTORANTE                        LIMONCELLO OC LLC                         31115 RANCHO VIEJO RD, STE G1,                         SAN JUAN CAPISTRANO, CA  92675-1781","","41-625356","7","","11","3023","31115 RANCHO VIEJO RD, STE G1","SAN JUAN CAPISTRANO","30","92675","","","",""
"654084","PEND ACTIVE","09 | 1","02/08/2024","09/30/2024","SAVAGE RABBIT DISTRIBUTING INC.                         14450 MYFORD RD, STE 100,                         IRVINE, CA  92606-1001","","17-617956","7","","11","3026","14450 MYFORD RD, STE 100","IRVINE","30","92606","","","",""
"654084","PEND ACTIVE","12 | 1","02/08/2024","09/30/2024","SAVAGE RABBIT DISTRIBUTING INC.                         14450 MYFORD RD, STE 100,                         IRVINE, CA  92606-1001","","18-617956","7","","11","3026","14450 MYFORD RD, STE 100","IRVINE","30","92606","","","",""
"654084","PEND ACTIVE","17 | 1","02/08/2024","09/30/2024","SAVAGE RABBIT DISTRIBUTING INC.                         14450 MYFORD RD, STE 100,                         IRVINE, CA  92606-1001","","17-617956","7","","11","3026","14450 MYFORD RD, STE 100","IRVINE","30","92606","","","",""
"654084","PEND ACTIVE","18 | 1","02/08/2024","09/30/2024","SAVAGE RABBIT DISTRIBUTING INC.                         14450 MYFORD RD, STE 100,                         IRVINE, CA  92606-1001","","18-617956","7","","11","3026","14450 MYFORD RD, STE 100","IRVINE","30","92606","","","",""
"654084","PEND ACTIVE","20 | 0","02/08/2024","09/30/2024","SAVAGE RABBIT DISTRIBUTING INC.                         14450 MYFORD RD, STE 100,                         IRVINE, CA  92606-1001","","20-617956","7,I","","11","3026","14450 MYFORD RD, STE 100","IRVINE","30","92606","","","",""
"654242","PEND ACTIVE","02 | 0","02/08/2024","06/30/2024","DBA: GRACE VINEYARDS                        GRACE VINEYARDS, INC.                         21 E ELM ST,                         LODI, CA  95240-2222","28001 NICHOLS RD                              GALT, CA  95632-8204","","","","29","3902","21 E ELM ST","LODI","39","95240","28001 NICHOLS RD","GALT","95632","CA"
"654577","PEND ACTIVE","41 | 0","02/08/2024","01/31/2025","DBA: BBQ CHICKEN FOUNTAIN VALLEY                        BBQ FOUNTAIN VALLEY LLC                         18639 BROOKHURST ST,                         FOUNTAIN VALLEY, CA  92708-6709","","","","","11","3007","18639 BROOKHURST ST","FOUNTAIN VALLEY","30","92708","","","",""
"654653","PEND ACTIVE","47 | 0","02/08/2024","01/31/2025","DBA: FREDA'S PIZZA                        ROAD RESTAURANT GROUP LLC                         233 E HIGH ST, # 100,                         MOORPARK, CA  93021-1122","","48-103042","7","ABC ESCROW 222 DAMON ST LOS ANGELES, CA  90021","12","5610","233 E HIGH ST, # 100","MOORPARK","56","93021","","","",""
"654657","PEND WITHDRAWN","20 | 0","","","DBA: LA BONA ENERGIA DISCOUNT MINI MARKET                        FERMAN, MELKIS CEDDE                         6515 VAN NUYS BLVD STE A,                         VAN NUYS, CA  91401-1573","8030 WHITSETT AVE                              NORTH HOLLYWOOD, CA  91605","","7","","5","1933","6515 VAN NUYS BLVD STE A","VAN NUYS","19","91401","8030 WHITSETT AVE","NORTH HOLLYWOOD","91605","CA"
"654677","PEND ACTIVE","02 | 0","02/08/2024","06/30/2024","DBA: FENNELL FAMILY WINE COMPANY                        FENNELL FAMILY WINE COMPANY LLC                         5249 FOXEN CANYON RD,                         LOS OLIVOS, CA  93441","2432 CALLE SORIA                              SANTA BARBARA, CA  93109","02-625980","","","13","4200","5249 FOXEN CANYON RD","LOS OLIVOS","42","93441","2432 CALLE SORIA","SANTA BARBARA","93109","CA"
"654771","PEND ACTIVE","41 | 0","02/08/2024","01/31/2025","DBA: MONKEY KING WESTWOOD                         JAN-L LLC                         1360 WESTWOOD BLVD,                         LOS ANGELES, CA  90024-4919","6338 REGIO AVE                              BUENA PARK, CA  90620-1026","41-628825","7","","4","1933","1360 WESTWOOD BLVD","LOS ANGELES","19","90024","6338 REGIO AVE","BUENA PARK","90620","CA"
"654775","PEND ACTIVE","09 | 1","02/08/2024","01/31/2025","INTERGALACTIC WINE COMPANY, LLC                         1440 LAWNDALE RD,                         KENWOOD, CA  95452-9091","","","7","","27","4900","1440 LAWNDALE RD","KENWOOD","49","95452","","","",""
"654775","PEND ACTIVE","17 | 1","02/08/2024","01/31/2025","INTERGALACTIC WINE COMPANY, LLC                         1440 LAWNDALE RD,                         KENWOOD, CA  95452-9091","","","7","","27","4900","1440 LAWNDALE RD","KENWOOD","49","95452","","","",""
"654832","PEND ACTIVE","41 | 0","02/08/2024","01/31/2025","DBA: BATTER UP PANCAKES                        PANE DELLA VITA II, INC.                         1610 HERNDON AVE, STE 106,                         CLOVIS, CA  93611-0589","8029 N CEDAR AVE                              FRESNO, CA  93720-4827","","","","21","1001","1610 HERNDON AVE, STE 106","CLOVIS","10","93611","8029 N CEDAR AVE","FRESNO","93720","CA"
"654975","PEND ACTIVE","02 | 0","02/08/2024","06/30/2024","DBA: J. CAGE CELLARS                        WINE-STAINED DREAMS, LLC                         9086 WINDSOR RD,                         WINDSOR, CA  95492-9701","1138 RACHAEL LN                              WINDSOR, CA  95492-7917","","7","","27","4909","9086 WINDSOR RD","WINDSOR","49","95492","1138 RACHAEL LN","WINDSOR","95492","CA"
"655256","PEND ACTIVE","17 | 0","02/08/2024","01/31/2025","DBA: GRINNIN VAQUERA LLC                        GRINNIN VAQUERA L.L.C.                         2395 29TH AVE, APT #5,                         SAN FRANCISCO, CA  94116","","","7","","24","3800","2395 29TH AVE, APT #5","SAN FRANCISCO","38","94116","","","",""
"655957","PEND WITHDRAWN","40 | 0","","","DBA: WE LOVE PHO 2                        ST PARTNERS GROUP INC                         4501 E CARSON ST 110 &111,                         LONG BEACH, CA  90808","","","","","3","1932","4501 E CARSON ST 110 &111","LONG BEACH","19","90808","","","",""
"656313","PEND WITHDRAWN","13 | 0","","","DBA: ABDUCTION WHISKEY                        ABDUCTION WHISKEY LLC                         551 ECCLES AVE,                         SOUTH SAN FRANCISCO, CA  94080-1906","128 PACIFIC AVE                              PACIFICA, CA  94044","","","","25","4114","551 ECCLES AVE","SOUTH SAN FRANCISCO","41","94080","128 PACIFIC AVE","PACIFICA","94044","CA"
"656367","PEND ACTIVE","20 | 0","02/08/2024","01/31/2025","DBA: MODESTO GROCERY & DELI                        HUYNH, TUYEN Q                         1800 PRESCOTT RD, STE A,                         MODESTO, CA  95350","","20-384081","","","29","5002","1800 PRESCOTT RD, STE A","MODESTO","50","95350","","","",""